OBJECTID,FOREST_NAME,WATERSHED_CODE,WATERSHED_NAME,WATERSHED_CONDITION_FS_AREA,TOTAL_WATERSHED_AREA_ACRES,FS_OWNERSHIP_PERCENT,NONFS_AREA_PERCENT,AQUATIC_BIOTA_CONDITION,RIPARIAN_WETLAND_VEG_CONDITION,WATER_QUALITY_CONDITION,WATER_QUANTITY_CONDITION,AQUATIC_HABITAT_CONDITION,ROADS_AND_TRAILS_CONDITION,SOIL_CONDITION,FIRE_EFFECTS_REGIME_CONDITION,FOREST_COVER_CONDITION,FOREST_HEALTH_CONDITION,INVASIVE_SPECIES_CONDITION,RANGELAND_VEGETATION_CONDITION,YEAR_PRIORITY_IDENTIFIED,PRINCIPAL_REASON,SELECTION_NARRATIVE,KNOWN_PARTNERS,APPROVAL_DATE,ESTIMATED_COMPLETION_DATE,ESSENTIAL_PROJECT_COUNT,ESSENTIAL_PROJECT_EST_COST,ACTUAL_COMPLETION_DATE,RESTORATION_ACTION_PLAN,RESTORATION_ACTION_PLAN_IND,FS_UNIT_ID,WRAP_NAME,WRAP_APPROVAL_DATE,ACCOMPLISH_REPORT_IND,USFS_OWNERSHIP_ACRES
64,Lolo National Forest,170102130514,Clark Fork River-Ashley Creek,Functioning Properly,18123.9,46,54,Fair,Good,Good,Fair,Good,Good,Good,Fair,Good,Good,Fair,----,,,,,,,,,,,,0116,,,,8408.189
232,Beaverhead-Deerlodge National Forest,100200050201,Upper Big Pipestone Creek,Functioning at Risk,34752.0,86,15,Fair,Good,Poor,Good,Fair,Poor,Good,Good,Good,Fair,Good,Good,,,,,,,,,,,,0102,,,,29712.675000000003
237,Custer Gallatin National Forest,101303010104,Upper Crooked Creek,Functioning Properly,18033.100000000002,16,84,Good,Good,Good,Good,Good,Good,Fair,Fair,Good,Good,Good,Good,,,,,,,,,,,,0111,,,,2962.465
277,Flathead National Forest,170102090702,Buck Creek,Functioning Properly,11373.5,100,0,Good,Good,Good,Good,Good,Good,Good,Good,Good,Good,Fair,----,,,,,,,,,,,,0110,,,,11368.793
318,Helena-Lewis And Clark National Forest,100302010103,Upper South Fork Two Medicine River,Functioning Properly,22839.3,100,0,Poor,Good,Good,Good,Good,Good,Poor,Poor,Poor,Good,Poor,Fair,,,,,,,,,,,,0115,,,,22839.274
410,Helena-Lewis And Clark National Forest,100301030701,Upper Eagle Creek,Functioning Properly,13298.300000000001,65,35,Poor,Fair,Good,Good,Good,Fair,Good,Fair,Good,Fair,Fair,Fair,,,,,,,,,,,,0115,,,,8654.068000000001
418,Custer Gallatin National Forest,100700020102,Mulherin Creek,Functioning Properly,18355.100000000002,35,65,Fair,Good,Fair,Fair,Fair,Fair,Good,Fair,Fair,Good,Good,Good,,,,,,,,,,,,0111,,,,6392.828
433,Helena-Lewis And Clark National Forest,100302050104,Lower North Fork Teton River,Functioning Properly,11086.1,67,33,Fair,Fair,Good,Good,Good,Good,Good,Good,Good,Fair,Poor,Fair,,,,,,,,,,,,0115,,,,7425.04
501,Helena-Lewis And Clark National Forest,100301030102,Stud Horse Creek-North Fork Smith River,Functioning at Risk,29526.8,63,37,Poor,Fair,Good,Fair,Fair,Poor,Fair,Good,Fair,Fair,Poor,Fair,,,,,,,,,,,,0115,,,,18638.021
534,Nez Perce-Clearwater National Forest,170602071103,Bull Creek-Salmon River,Functioning Properly,28096.4,99,1,Good,Good,Good,Good,Good,Good,Fair,Fair,Good,Good,Fair,Good,,,,,,,,,,,,0117,,,,27936.678
753,Lolo National Forest,170102130604,Wilkes Creek,Functioning Properly,10106.6,96,4,Fair,Fair,Good,Good,Good,Fair,Good,Fair,Good,Fair,Fair,----,,,,,,,,,,,,0116,,,,9688.292000000001
813,Helena-Lewis And Clark National Forest,100301030605,Ellis Canyon,Functioning at Risk,10560.4,18,82,Fair,Fair,Good,Good,Fair,Poor,Fair,Fair,Good,Fair,Good,Fair,,,,,,,,,,,,0115,,,,1906.6180000000002
914,Custer Gallatin National Forest,100200080902,Rocky Creek,Functioning Properly,21993.4,19,81,Fair,Good,Poor,Good,Fair,Good,Good,Fair,Good,Good,Good,Good,,,,,,,,,,,,0111,,,,4154.087
948,Nez Perce-Clearwater National Forest,170603050103,Middle Red River,Functioning at Risk,23132.0,92,8,Good,Poor,Poor,Fair,Poor,Fair,Poor,Poor,Good,Fair,Good,Good,,,,,,,,,,,,0117,,,,21310.992
1099,Helena-Lewis And Clark National Forest,100301010104,Hay Creek,Functioning at Risk,9486.5,37,63,Fair,Fair,Good,Good,Good,Poor,Fair,Fair,Good,Fair,Good,Fair,,,,,,,,,,,,0115,,,,3533.2360000000003
1225,Nez Perce-Clearwater National Forest,170602071001,Meadow Creek,Functioning at Risk,17795.600000000002,99,1,Good,Fair,Good,Good,Fair,Fair,Poor,Fair,Good,Fair,Good,Good,,,,,,,,,,,,0117,,,,17631.029000000002
1288,Kootenai National Forest,170102130703,White Pine Creek,Functioning Properly,19989.4,97,3,Good,Good,Fair,Good,Good,Good,Good,Good,Good,Good,Good,Good,,,,,,,,,,,,0114,,,,19353.064
1523,Idaho Panhandle National Forests,170102150102,Gold Creek,Functioning Properly,13643.1,100,0,Fair,Good,Fair,Good,Good,Fair,Good,Good,Good,Good,Good,Good,,,,,,,,,,,,0104,,,,13642.915
1551,Beaverhead-Deerlodge National Forest,170102020702,Meadow Creek,Functioning Properly,14860.300000000001,93,7,Fair,Good,Good,Good,Good,Fair,Good,Fair,Good,Fair,Good,Good,,,,,,,,,,,,0102,,,,13786.274000000001
1565,Bitterroot National Forest,170102051004,Gird Creek,Functioning at Risk,20733.3,48,53,Fair,Fair,Good,Fair,Fair,Fair,Good,Fair,Good,Good,Poor,Fair,,,,,,,,,,,,0103,,,,9853.03
1566,Nez Perce-Clearwater National Forest,170603070301,Osier Creek,Functioning at Risk,19836.600000000002,99,1,Good,Fair,Poor,Good,Fair,Poor,Fair,Fair,Good,Good,Good,Fair,,,,,,,,,,,,0117,,,,19699.99
1610,Custer Gallatin National Forest,101303020405,Campbell Creek-Bull Creek,Functioning at Risk,13471.300000000001,48,52,Fair,Fair,Fair,Fair,Poor,Good,Fair,Fair,Good,Good,Good,Good,,,,,,,,,,,,0111,,,,6410.9800000000005
1632,Flathead National Forest,170102070206,Middle Fork Flathead River-Cy Creek,Functioning Properly,17404.6,100,0,Fair,Good,Good,Good,Good,Good,Good,Good,Good,Good,Good,----,,,,,,,,,,,,0110,,,,17404.621
1643,Kootenai National Forest,170101060705,Headwaters Wigwam Creek,Functioning Properly,9648.1,67,33,Good,Good,Good,Good,Good,Good,Good,Fair,Good,Good,Good,Good,,,,,,,,,,,,0114,,,,6470.2300000000005
1647,Custer Gallatin National Forest,101303050403,Point Creek,Functioning Properly,17552.4,13,87,Good,Good,Good,Fair,Good,Good,Good,Fair,Good,Good,Good,Good,,,,,,,,,,,,0111,,,,2318.962
1679,Nez Perce-Clearwater National Forest,170603070102,Long Creek,Functioning Properly,17912.100000000002,100,0,Good,Good,Good,Good,Good,Fair,Good,Fair,Good,Good,Good,Good,,,,,,,,,,,,0117,,,,17912.122
2025,Nez Perce-Clearwater National Forest,170603020107,Middle North Fork Moose Creek,Functioning Properly,10682.4,100,0,Good,Good,Good,Good,Good,Good,Good,Poor,Good,Good,Good,----,,,,,,,,,,,,0117,,,,10682.398
1785,Helena-Lewis And Clark National Forest,100301030601,North Fork Rock Creek,Functioning at Risk,8400.0,11,89,Fair,Fair,Good,Good,Fair,Poor,Fair,Fair,Good,Fair,Fair,Fair,,,,,,,,,,,,0115,,,,929.6020000000001
1855,Lolo National Forest,170102040501,Upper South Fork Fish Creek,Functioning at Risk,10289.1,97,3,Poor,Fair,Good,Fair,Poor,Fair,Good,Fair,Good,Good,Fair,----,,,,,,,,,,,,0116,,,,9970.466
1936,Custer Gallatin National Forest,100902070204,Plum Creek-Powder River,Functioning Properly,22554.9,25,75,Good,Good,Good,Fair,Good,Good,Fair,Good,Poor,Good,Fair,Good,,,,,,,,,,,,0111,,,,5697.955
2026,Nez Perce-Clearwater National Forest,170603070502,Middle Weitas Creek,Functioning Properly,34827.9,100,0,Good,Good,Good,Good,Good,Fair,Good,Poor,Good,Good,Good,Good,,,,,,,,,,,,0117,,,,34827.861
2027,Nez Perce-Clearwater National Forest,170603020403,Rackliff Creek-Selway River,Functioning Properly,17872.7,99,1,Good,Fair,Good,Good,Good,Fair,Good,Fair,Good,Good,Good,Good,,,,,,,,,,,,0117,,,,17743.487
2191,Helena-Lewis And Clark National Forest,170102030305,Lincoln Creek,Functioning at Risk,7554.2,74,26,Fair,Fair,Fair,Good,Fair,Poor,Fair,Poor,Good,Fair,Fair,Fair,,,,,,,,,,,,0115,,,,5615.829000000001
2229,Helena-Lewis And Clark National Forest,100301012003,Missouri River-Upper Holter Lake,Functioning at Risk,17596.7,52,48,Poor,Fair,Fair,Good,Good,Poor,Good,Poor,Poor,Good,Fair,Fair,,,,,,,,,,,,0115,,,,9092.253
2467,Nez Perce-Clearwater National Forest,170602090203,Kelly Creek-Salmon River,Functioning Properly,24436.3,79,21,Good,Good,Fair,Good,Good,Fair,Fair,Fair,Good,Good,Fair,Fair,,,,,,,,,,,,0117,,,,19403.142
2355,Custer Gallatin National Forest,100700020107,Slip and Slide Creek-Yellowstone River,Functioning Properly,16936.1,82,18,Good,Fair,Good,Good,Good,Good,Good,Fair,Good,Good,Good,Good,,,,,,,,,,,,0111,,,,13872.668
2359,Beaverhead-Deerlodge National Forest,100200041001,North Fork Divide Creek,Functioning at Risk,19315.3,86,14,Good,Fair,Good,Good,Fair,Poor,Good,Good,Good,Fair,Good,Good,,,,,,,,,,,,0102,,,,16554.082000000002
2442,Nez Perce-Clearwater National Forest,170601010205,Kurry Creek-Snake River,Functioning Properly,15082.800000000001,100,0,Good,Good,Good,Good,Good,Good,Fair,Good,Good,Good,Good,Poor,,,,,,,,,,,,0117,,,,15082.796
2471,Nez Perce-Clearwater National Forest,170602071002,Anchor Creek-Wind River,Functioning Properly,23709.600000000002,100,0,Good,Fair,Good,Good,Good,Good,Poor,Fair,Good,Good,Good,Good,,,,,,,,,,,,0117,,,,23615.303
2547,Custer Gallatin National Forest,101102011004,Russell Creek,Functioning Properly,16090.2,34,66,Good,Fair,Good,Good,Good,Good,Fair,Fair,Good,Good,Fair,Good,,,,,,,,,,,,0111,,,,5530.447
2566,Helena-Lewis And Clark National Forest,100301011803,Marsh Creek-Little Prickley Pear Creek,Functioning at Risk,17160.9,30,70,Poor,Fair,Poor,Good,Fair,Poor,Good,Fair,Good,Fair,Good,Fair,,,,,,,,,,,,0115,,,,5136.841
2601,Bitterroot National Forest,170602070401,Hamilton Creek,Functioning Properly,21538.7,100,0,Good,Fair,Good,Fair,Good,Good,Good,Fair,Good,Fair,Fair,Fair,,,,,,,,,,,,0103,,,,21538.708
2659,Nez Perce-Clearwater National Forest,170602100404,Lower Rapid River,Functioning Properly,16512.3,75,26,Good,Poor,Good,Good,Fair,Fair,Good,Fair,Good,Good,Good,Fair,,,,,,,,,,,,0117,,,,12295.792
2786,Custer Gallatin National Forest,100301010202,Lower South Fork Sixteenmile Creek,Functioning Properly,14463.4,21,79,Poor,Good,Good,Good,Fair,Good,Good,Fair,Good,Good,Good,Good,,,,,,,,,,,,0111,,,,2987.275
2841,Helena-Lewis And Clark National Forest,100402011301,Upper East Fork Roberts Creek,Functioning Properly,34749.7,8,92,Good,Fair,Good,Good,Good,Good,Good,Fair,Good,Fair,Poor,Fair,,,,,,,,,,,,0115,,,,2680.456
3046,Helena-Lewis And Clark National Forest,100401030402,Lower South Fork Judith River,Functioning at Risk,21793.4,91,9,Fair,Fair,Poor,Fair,Poor,Poor,Fair,Fair,Fair,Fair,Poor,Fair,,,,,,,,,,,,0115,,,,19883.465
2869,Beaverhead-Deerlodge National Forest,170102010801,Rock Creek,Functioning Properly,27836.8,69,31,Fair,Good,Good,Fair,Good,Good,Good,Fair,Good,Fair,Good,Good,,,,,,,,,,,,0102,,,,19309.553
2998,Custer Gallatin National Forest,101303020204,Meathook Creek,Functioning Properly,16619.5,8,92,Good,Good,Good,Good,Good,Good,Good,Fair,Good,Good,Good,Good,,,,,,,,,,,,0111,,,,1397.334
3019,Custer Gallatin National Forest,100700030403,Upper Brackett Creek,Functioning at Risk,27604.5,32,68,Poor,Good,Good,Good,Fair,Fair,Fair,Fair,Fair,Good,Good,Good,,,,,,,,,,,,0111,,,,8835.203
3114,Helena-Lewis And Clark National Forest,170102010601,North Trout Creek,Functioning at Risk,10534.6,31,69,Fair,Poor,Good,Good,Poor,Poor,Fair,Fair,Good,Fair,Good,Fair,,,,,,,,,,,,0115,,,,3302.315
3219,Lolo National Forest,170102040612,Clark Fork River-Johnson Creek,Functioning at Risk,17551.8,65,35,Fair,Fair,Good,Fair,Poor,Fair,Fair,Good,Good,Good,Fair,Good,,,,,,,,,,,,0116,,,,11474.348
3265,Nez Perce-Clearwater National Forest,170603080404,Salmon Creek-North Fork Clearwater River,Functioning Properly,37672.200000000004,40,60,Good,Good,Good,Poor,Good,Fair,Good,Fair,Good,Good,Good,Good,,,,,,,,,,,,0117,,,,15034.385
3398,Nez Perce-Clearwater National Forest,170603010602,Upper Bear Creek,Functioning Properly,18014.4,100,0,Good,Good,Good,Good,Good,Good,Good,Poor,Good,Good,Good,Good,,,,,,,,,,,,0117,,,,18013.617
3743,Custer Gallatin National Forest,100901020603,Middle Beaver Creek,Functioning at Risk,18883.2,45,56,Fair,Fair,Good,Fair,Fair,Fair,Fair,Fair,Poor,Good,Good,Good,,,,,,,,,,,,0111,,,,8403.606
3520,Bitterroot National Forest,170603010102,Wilkerson Creek,Functioning Properly,27428.4,100,0,Good,Fair,Good,Good,Good,Good,Good,Good,Good,Fair,Fair,Good,,,,,,,,,,,,0103,,,,27428.422
3604,Lolo National Forest,170102130508,Buffalo Bill Creek,Functioning at Risk,14457.2,86,14,Poor,Fair,Good,Good,Fair,Fair,Fair,Good,Good,Good,Fair,----,,,,,,,,,,,,0116,,,,12486.057
3620,Nez Perce-Clearwater National Forest,170602070702,Big Mallard Creek,Functioning Properly,36525.4,99,1,Good,Good,Good,Good,Good,Good,Good,Poor,Good,Good,Good,Good,,,,,,,,,,,,0117,,,,36021.013
3910,Nez Perce-Clearwater National Forest,170602090402,Fiddle Creek-Salmon River,Functioning at Risk,24696.600000000002,38,62,Good,Poor,Good,Fair,Fair,Poor,Fair,Fair,Good,Good,Good,Poor,,,,,,,,,,,,0117,,,,9435.315
3949,Helena-Lewis And Clark National Forest,100301040105,Gates Creek,Functioning Properly,9137.9,100,0,Fair,Good,Good,Good,Good,Good,Fair,Fair,Good,Good,Fair,Good,,,,,,,,,,,,0115,,,,9137.907000000001
3962,Idaho Panhandle National Forests,170101040708,Brush Creek-Kootenai River,Functioning at Risk,25124.8,50,50,Fair,Fair,Poor,Fair,Fair,Good,Good,Good,Fair,Good,Good,Good,,,,,,,,,,,,0104,,,,12512.49
3964,Idaho Panhandle National Forests,170102140303,Upper Cocolalla Creek,Functioning at Risk,27150.7,14,86,Poor,Fair,Poor,Fair,Poor,Fair,Good,Good,Fair,Good,Good,Fair,,,,,,,,,,,,0104,,,,3870.295
3983,Helena-Lewis And Clark National Forest,100301030905,Bear Gulch-Smith River,Functioning at Risk,17758.600000000002,62,39,Poor,Good,Fair,Poor,Fair,Good,Good,Fair,Good,Fair,Poor,Good,,,,,,,,,,,,0115,,,,10929.412
4215,Kootenai National Forest,170101010901,Sink Creek,Functioning Properly,7882.400000000001,23,77,Good,Poor,Good,Good,Good,Good,Good,Good,Poor,Good,Good,Good,,,,,,,,,,,,0114,,,,1836.943
4086,Idaho Panhandle National Forests,170103010401,Flat Creek-Middle North Fork Coeur d'Alene River,Functioning at Risk,32274.0,99,1,Good,Fair,Poor,Good,Fair,Poor,Fair,Good,Good,Good,Good,Good,,,,,,,,,,,,0104,,,,32052.359
4152,Helena-Lewis And Clark National Forest,170102030302,Poorman Creek,Impaired Function,25794.600000000002,92,8,Poor,Fair,Poor,Poor,Poor,Poor,Poor,Good,Good,Fair,Fair,Fair,,,,,,,,,,,,0115,,,,23647.350000000002
4159,Lolo National Forest,170102051404,Howard Creek,Impaired Function,12395.9,100,0,Poor,Fair,Good,Good,Fair,Poor,Poor,Fair,Poor,Good,Poor,----,,,,,,,,,,,,0116,,,,12395.948
4228,Nez Perce-Clearwater National Forest,170603040101,South Fork Clear Creek,Functioning at Risk,16626.7,100,0,Good,Fair,Poor,Good,Fair,Fair,Fair,Fair,Good,Good,Good,Good,,,,,,,,,,,,0117,,,,16626.713
4266,Helena-Lewis And Clark National Forest,100401030101,Headwaters Ross Fork Creek,Functioning Properly,33077.8,5,95,Good,Good,Good,Good,Good,Good,Good,Good,Good,Fair,Poor,Good,,,,,,,,,,,,0115,,,,1789.394
4468,Idaho Panhandle National Forests,170103020302,Big Creek,Functioning Properly,19088.9,82,18,Fair,Good,Fair,Good,Fair,Fair,Good,Good,Good,Good,Good,Good,,,,,,,,,,,,0104,,,,15588.84
4524,Custer Gallatin National Forest,100200080701,Wilson Creek-Gallatin River,Functioning Properly,19069.100000000002,35,65,Poor,Good,Good,Good,Good,Fair,Poor,Fair,Fair,Good,Good,Good,,,,,,,,,,,,0111,,,,6685.888
4533,Beaverhead-Deerlodge National Forest,100200011101,Headwaters Horse Prairie Creek,Functioning at Risk,10958.6,70,30,Poor,Good,Poor,Fair,Fair,Fair,Good,Good,Good,Good,Good,Good,,,,,,,,,,,,0102,,,,7625.147
4559,Dakota Prairie Grasslands,101101011002,Lower Sand Creek,Functioning at Risk,26046.3,41,59,Fair,Poor,Fair,Good,Good,Poor,Poor,Good,----,Good,Good,Fair,,,,,,,,,,,,0118,,,,10596.899
4564,Helena-Lewis And Clark National Forest,100301040503,Blubber Creek,Functioning at Risk,14788.300000000001,5,95,Fair,Fair,Good,Fair,Fair,Good,Poor,Poor,Good,Fair,Good,Good,,,,,,,,,,,,0115,,,,764.037
4786,Custer Gallatin National Forest,100200080801,Upper Bridger Creek,Functioning at Risk,30621.7,20,80,Poor,Good,Poor,Good,Fair,Good,Poor,Fair,Good,Good,Good,Good,,,,,,,,,,,,0111,,,,6225.409000000001
4587,Custer Gallatin National Forest,101303050207,Sheep Creek,Functioning Properly,16287.7,9,91,Good,Fair,Good,Good,Good,Good,Good,Fair,Good,Good,Good,Good,,,,,,,,,,,,0111,,,,1496.462
4641,Idaho Panhandle National Forests,170101040705,Trout Creek,Functioning Properly,12453.5,100,0,Good,Good,Fair,Good,Good,Fair,Good,Good,Good,Good,Fair,Good,,,,,,,,,,,,0104,,,,12422.426
4680,Custer Gallatin National Forest,101102010706,Waterhole Creek-Little Missouri River,Functioning Properly,41162.4,8,92,Good,Fair,Good,Fair,Fair,Good,Good,Fair,Good,Good,Good,Good,,,,,,,,,,,,0111,,,,3209.331
4798,Custer Gallatin National Forest,101303020504,Prairie Dog Creek-South Fork Grand River,Functioning Properly,17776.0,10,90,Good,Fair,Good,Fair,Good,Good,Good,Fair,Good,Good,Good,Good,,,,,,,,,,,,0111,,,,1854.8010000000002
4896,Custer Gallatin National Forest,100200080108,Lower Taylor Creek,Functioning Properly,28154.3,96,4,Poor,Good,Fair,Good,Good,Good,Good,Fair,Good,Good,Good,Good,,,,,,,,,,,,0111,,,,26975.251
4908,Flathead National Forest,170102080202,Upper Ashley Creek,Functioning Properly,15585.9,8,92,Poor,Good,Good,Good,Good,Good,Good,Fair,Good,Good,Fair,----,,,,,,,,,,,,0110,,,,1279.842
4984,Nez Perce-Clearwater National Forest,170602090304,Lower Slate Creek,Functioning at Risk,32047.9,82,18,Good,Poor,Good,Fair,Fair,Poor,Good,Fair,Good,Good,Good,Poor,,,,,,,,,,,,0117,,,,26172.133
5457,Lolo National Forest,170102031007,Seeley Lake,Functioning at Risk,24114.100000000002,55,45,Poor,Fair,Fair,Good,Poor,Fair,Fair,Fair,Fair,Good,Fair,----,,,,,,,,,,,,0116,,,,13303.569
5167,Nez Perce-Clearwater National Forest,170603070204,Middle Cayuse Creek,Functioning Properly,17832.2,100,0,Good,Good,Good,Good,Good,Good,Good,Poor,Good,Good,Good,Good,,,,,,,,,,,,0117,,,,17832.207000000002
5184,Dakota Prairie Grasslands,101102031202,Blacktail Creek,Functioning at Risk,25069.0,57,43,Fair,Fair,Good,Fair,Fair,Fair,Poor,Good,Good,Good,Good,Poor,,,,,,,,,,,,0118,,,,14386.998
5276,Custer Gallatin National Forest,101102011005,Terrell Creek-Little Beaver Creek,Functioning Properly,35998.8,6,94,Good,Good,Good,Good,Good,Good,Good,Fair,Good,Good,Fair,Good,,,,,,,,,,,,0111,,,,2097.411
5468,Helena-Lewis And Clark National Forest,100301030404,Middle Sheep Creek,Functioning at Risk,21231.2,74,26,Poor,Fair,Poor,Fair,Good,Poor,Fair,Fair,Good,Fair,Poor,Fair,,,,,,,,,,,,0115,,,,15671.643
5471,Nez Perce-Clearwater National Forest,170602090206,Berg Creek-Salmon River,Functioning Properly,18720.8,45,56,Good,Fair,Good,Good,Fair,Fair,Fair,Fair,Good,Good,Good,Fair,,,,,,,,,,,,0117,,,,8337.219000000001
5475,Nez Perce-Clearwater National Forest,170603030106,Lower Crooked Fork Creek,Functioning at Risk,21135.7,56,44,Good,Poor,Good,Good,Good,Poor,Fair,Poor,Good,Good,Good,Poor,,,,,,,,,,,,0117,,,,11811.258
5510,Lolo National Forest,170102040502,Burdette Creek,Functioning Properly,11489.7,100,1,Fair,Fair,Good,Fair,Fair,Good,Good,Fair,Good,Good,Fair,----,,,,,,,,,,,,0116,,,,11427.651
5559,Custer Gallatin National Forest,100700020805,Lower West Boulder River,Functioning Properly,30786.2,17,83,Poor,Good,Good,Good,Good,Good,Poor,Good,Poor,Good,Good,Good,,,,,,,,,,,,0111,,,,5302.372
5603,Nez Perce-Clearwater National Forest,170601010105,Sheep Creek,Functioning Properly,25893.5,100,0,Good,Good,Good,Good,Good,Good,Fair,Fair,Good,Good,Good,Poor,,,,,,,,,,,,0117,,,,25893.531
5609,Nez Perce-Clearwater National Forest,170601080104,Big Creek,Functioning at Risk,10295.800000000001,28,72,Poor,Fair,Poor,Good,Good,Poor,Fair,Good,Poor,Good,Good,Fair,,,,,,,,,,,,0117,,,,2905.0730000000003
5616,Idaho Panhandle National Forests,170103010604,Copper Creek-Lower Little North Fork Coeur d'Alene River,Functioning at Risk,35020.9,99,1,Fair,Fair,Fair,Good,Fair,Poor,Fair,Good,Good,Good,Good,Good,,,,,,,,,,,,0104,,,,34560.955
5651,Bitterroot National Forest,170102051302,Kootenai Creek,Functioning Properly,20181.2,95,5,Fair,Good,Fair,Fair,Fair,Good,Good,Fair,Good,Good,Good,Good,,,,,,,,,,,,0103,,,,19160.042
5847,Custer Gallatin National Forest,100700020506,Mission Creek,Functioning Properly,18308.0,49,51,Fair,Good,Good,Fair,Good,Fair,Good,Fair,Fair,Good,Good,Good,,,,,,,,,,,,0111,,,,8984.178
5733,Flathead National Forest,170102070105,Schafer Creek,Functioning Properly,16136.9,100,0,Fair,Good,Good,Good,Good,Good,Good,Good,Good,Fair,Good,----,,,,,,,,,,,,0110,,,,16136.867
5736,Helena-Lewis And Clark National Forest,100301030208,Little Birch Creek,Functioning Properly,9855.2,13,87,Fair,Good,Good,Good,Fair,Poor,Good,Fair,Good,Fair,Good,Good,,,,,,,,,,,,0115,,,,1237.334
5828,Custer Gallatin National Forest,100700050302,Middle East Rosebud Creek,Functioning Properly,37208.9,85,15,Poor,Good,Good,Fair,Good,Fair,Good,Good,Fair,Good,Good,Good,,,,,,,,,,,,0111,,,,31617.942
5864,Dakota Prairie Grasslands,090202040601,City of Power-Sheyenne River,Functioning at Risk,29188.8,19,81,Fair,Good,Fair,Fair,Good,Poor,Good,Good,----,Good,Poor,Fair,,,,,,,,,,,,0118,,,,5534.604
6008,Beaverhead-Deerlodge National Forest,100200020301,Middle Fork Blacktail Deer Creek,Functioning Properly,10006.0,19,81,Poor,Fair,Good,Good,Good,Good,Good,Good,Good,Good,Good,Good,,,,,,,,,,,,0102,,,,1881.958
6086,Nez Perce-Clearwater National Forest,170602090302,Lower Little Slate Creek,Functioning Properly,15875.4,100,0,Good,Fair,Good,Good,Fair,Good,Good,Fair,Fair,Good,Good,Good,,,,,,,,,,,,0117,,,,15875.448
6088,Nez Perce-Clearwater National Forest,170602090204,Allison Creek,Functioning at Risk,12899.9,96,4,Good,Good,Poor,Good,Good,Poor,Poor,Fair,Good,Good,Good,Fair,,,,,,,,,,,,0117,,,,12366.002
6105,Custer Gallatin National Forest,100901020210,Brian Creek-Otter Creek,Functioning at Risk,36063.0,71,29,Fair,Fair,Good,Fair,Fair,Fair,Good,Fair,Poor,Good,Good,Good,,,,,,,,,,,,0111,,,,25684.123
6117,Helena-Lewis And Clark National Forest,100301011807,Lower Canyon Creek,Functioning Properly,17516.3,6,94,Fair,Good,Good,Good,Good,Fair,Good,Fair,Good,Fair,Good,Good,,,,,,,,,,,,0115,,,,1065.829
6132,Flathead National Forest,170102090603,Hungry Horse Reservoir-Soldier Creek,Functioning Properly,18016.2,100,0,Good,Good,Good,Good,Good,Good,Good,Good,Good,Good,Fair,----,,,,,,,,,,,,0110,,,,18016.232
6228,Idaho Panhandle National Forests,170102140105,Rapid Lightning Creek,Functioning at Risk,31171.8,34,66,Fair,Fair,Fair,Good,Fair,Fair,Good,Fair,Fair,Good,Good,Good,,,,,,,,,,,,0104,,,,10524.228
6501,Lolo National Forest,170102040608,Lower Trout Creek,Functioning at Risk,17646.3,97,3,Fair,Fair,Fair,Fair,Poor,Fair,Good,Good,Good,Good,Fair,----,,,,,,,,,,,,0116,,,,17183.292
6313,Dakota Prairie Grasslands,101303010502,Lower Horse Creek,Functioning Properly,27564.2,9,91,Fair,Good,Good,Fair,Fair,Poor,Good,Good,----,Good,Good,Fair,,,,,,,,,,,,0118,,,,2456.5860000000002
6411,Dakota Prairie Grasslands,101102031306,Jules Creek-Little Missouri River,Functioning Properly,17320.9,6,94,Fair,Good,Good,Good,Good,Fair,Fair,Good,Good,Good,Good,Poor,,,,,,,,,,,,0118,,,,1111.758
6424,Beaverhead-Deerlodge National Forest,170102010201,Basin Creek,Functioning Properly,26764.2,51,49,Fair,Good,Good,Poor,Fair,Fair,Good,Fair,Good,Fair,Good,Good,,,,,,,,,,,,0102,,,,13684.749
6520,Custer Gallatin National Forest,101303050205,Ash Creek,Functioning Properly,10149.9,7,93,Good,Good,Good,Good,Good,Good,Good,Fair,Good,Good,Good,Good,,,,,,,,,,,,0111,,,,750.051
6538,Nez Perce-Clearwater National Forest,170603010501,Upper Running Creek,Functioning Properly,24368.4,100,0,Good,Good,Good,Good,Good,Good,Good,Poor,Good,Good,Good,----,,,,,,,,,,,,0117,,,,24368.41
6539,Nez Perce-Clearwater National Forest,170602070901,Upper Crooked Creek,Functioning at Risk,17436.7,99,2,Good,Poor,Fair,Good,Poor,Good,Fair,Fair,Good,Good,Good,Good,,,,,,,,,,,,0117,,,,17168.591
6609,Helena-Lewis And Clark National Forest,100402011801,Headwaters Currant Creek,Functioning Properly,30140.4,8,92,Good,Good,Good,Good,Good,Good,Fair,Fair,Good,Good,Fair,----,,,,,,,,,,,,0115,,,,2525.994
6686,Beaverhead-Deerlodge National Forest,170102020202,Flint Creek-Philipsburg,Functioning Properly,24190.2,9,91,Fair,Good,Fair,Good,Good,Poor,Good,Fair,Good,Fair,Good,Good,,,,,,,,,,,,0102,,,,2221.833
6976,Idaho Panhandle National Forests,170101040403,Trail Creek-Deep Creek,Functioning at Risk,20073.2,13,87,Fair,Fair,Fair,Fair,Fair,Poor,Good,Good,Good,Fair,Fair,Fair,,,,,,,,,,,,0104,,,,2570.5
6871,Nez Perce-Clearwater National Forest,170602070705,Rhett Creek,Functioning Properly,12355.6,97,3,Good,Fair,Good,Good,Good,Good,Good,Poor,Good,Good,Good,Good,,,,,,,,,,,,0117,,,,11975.663
6933,Helena-Lewis And Clark National Forest,100301011203,Hellgate Gulch,Impaired Function,11191.4,74,26,Poor,Poor,Poor,Poor,Fair,Poor,Fair,Good,Good,Good,Poor,Poor,,,,,,,,,,,,0115,,,,8285.381000000001
6950,Custer Gallatin National Forest,100200081102,Smith Creek,Functioning Properly,32775.2,28,72,Poor,Good,Good,Good,Good,Good,Good,Fair,Good,Good,Good,Good,,,,,,,,,,,,0111,,,,9100.804
6998,Helena-Lewis And Clark National Forest,100301011406,Lower Tenmile Creek,Functioning at Risk,20434.100000000002,22,78,Poor,Fair,Poor,Fair,Fair,Poor,Good,Fair,Good,Fair,Good,Fair,,,,,,,,,,,,0115,,,,4458.36
7066,Kootenai National Forest,170102130704,Lower Big Beaver Creek,Functioning Properly,24988.600000000002,72,28,Good,Fair,Good,Good,Good,Fair,Good,Good,Good,Good,Good,Good,,,,,,,,,,,,0114,,,,17920.236
7176,Flathead National Forest,170102080204,Truman Creek,Functioning Properly,23741.0,57,43,Poor,Good,Good,Good,Good,Good,Good,Good,Good,Good,Poor,----,,,,,,,,,,,,0110,,,,13478.342
7192,Flathead National Forest,170102060505,Upper Coal Creek,Functioning Properly,14954.7,94,6,Fair,Good,Fair,Good,Good,Fair,Good,Fair,Good,Good,Good,----,,,,,,,,,,,,0110,,,,14043.859
7241,Dakota Prairie Grasslands,101102050202,Bowline Creek,Functioning at Risk,25075.100000000002,82,18,Fair,Good,Good,Fair,Fair,Poor,Poor,Good,Good,Good,Good,Fair,,,,,,,,,,,,0118,,,,20580.799
7412,Idaho Panhandle National Forests,170102140106,Lower Pack River,Functioning at Risk,37663.6,16,84,Poor,Poor,Poor,Good,Fair,Fair,Good,Good,Good,Good,Fair,Fair,,,,,,,,,,,,0104,,,,6009.495
7639,Flathead National Forest,170102100305,Upper Logan Creek,Functioning Properly,26775.2,80,20,Poor,Good,Fair,Good,Good,Fair,Good,Good,Good,Good,Fair,----,,,,,,,,,,,,0110,,,,21455.146
7482,Helena-Lewis And Clark National Forest,100301011303,Warm Springs Creek,Functioning at Risk,13243.800000000001,68,32,Poor,Fair,Poor,Good,Fair,Poor,Fair,Fair,Good,Fair,Good,Fair,,,,,,,,,,,,0115,,,,8983.81
7524,Helena-Lewis And Clark National Forest,100301030403,Moose Creek,Functioning at Risk,23263.2,97,3,Poor,Fair,Good,Good,Good,Poor,Poor,Good,Fair,Fair,Poor,Good,,,,,,,,,,,,0115,,,,22568.897
7588,Flathead National Forest,170102090403,Middle Spotted Bear River,Functioning Properly,19426.100000000002,100,0,Good,Good,Good,Good,Good,Good,Good,Good,Good,Fair,Good,----,,,,,,,,,,,,0110,,,,19426.094
7650,Bitterroot National Forest,170102050803,Bitterroot River-Chaffin Creek,Functioning at Risk,12936.6,74,27,Fair,Fair,Good,Fair,Fair,Fair,Good,Fair,Good,Good,Fair,Fair,,,,,,,,,,,,0103,,,,9502.69
7725,Idaho Panhandle National Forests,170103020103,Placer Creek,Functioning at Risk,10017.9,68,32,Fair,Good,Fair,Fair,Fair,Fair,Fair,Good,Good,Good,Good,Good,,,,,,,,,,,,0104,,,,6770.946
7755,Bitterroot National Forest,170602070403,Lower Sabe Creek,Functioning Properly,16176.9,100,0,Good,Fair,Good,Good,Good,Good,Good,Fair,Good,Fair,Fair,Good,,,,,,,,,,,,0103,,,,16174.207
8141,Bitterroot National Forest,170102051104,Sweathouse Creek,Functioning at Risk,18270.7,67,33,Fair,Fair,Fair,Fair,Good,Good,Good,Fair,Good,Good,Fair,Fair,,,,,,,,,,,,0103,,,,12247.1
8047,Beaverhead-Deerlodge National Forest,100200040908,Middle Wise River,Functioning at Risk,20331.5,96,5,Fair,Fair,Poor,Fair,Fair,Fair,Good,Fair,Good,Good,Good,Fair,,,,,,,,,,,,0102,,,,19412.982
8063,Helena-Lewis And Clark National Forest,100301010804,Middle Deep Creek,Functioning at Risk,18758.8,77,23,Fair,Poor,Good,Good,Good,Poor,Fair,Fair,Poor,Fair,Fair,Fair,,,,,,,,,,,,0115,,,,14419.829000000002
8130,Helena-Lewis And Clark National Forest,100402010206,Muddy Creek,Functioning Properly,9367.300000000001,10,90,Good,Fair,Good,Good,Good,Fair,Good,Good,Good,Fair,Good,Fair,,,,,,,,,,,,0115,,,,919.774
8195,Helena-Lewis And Clark National Forest,100301050103,Upper Dry Fork Belt Creek,Functioning at Risk,18526.2,93,7,Poor,Fair,Poor,Good,Fair,Fair,Fair,Fair,Good,Fair,Poor,Fair,,,,,,,,,,,,0115,,,,17167.616
8207,Lolo National Forest,170102040103,Grant Creek,Functioning Properly,18760.9,53,47,Fair,Fair,Poor,Good,Good,Good,Good,Fair,Good,Good,Good,----,,,,,,,,,,,,0116,,,,10000.466
8385,Idaho Panhandle National Forests,170101040302,Dobson Creek-Kootenai River,Functioning at Risk,16420.9,27,73,Fair,Fair,Good,Fair,Fair,Fair,Good,Good,Good,Good,Fair,Good,,,,,,,,,,,,0104,,,,4490.029
8490,Lolo National Forest,170102040104,Clark Fork River-Marshall Creek,Functioning at Risk,26141.600000000002,13,87,Fair,Fair,Good,Good,Fair,Good,Fair,Fair,Poor,Good,Fair,----,,,,,,,,,,,,0116,,,,3502.6
8530,Dakota Prairie Grasslands,101102030801,Second Creek-Little Missouri River,Functioning Properly,10602.4,62,39,Fair,Good,Fair,Good,Good,Fair,Fair,Good,Good,Good,Good,Poor,,,,,,,,,,,,0118,,,,6515.5740000000005
8543,Custer Gallatin National Forest,100700050402,Upper West Rosebud Creek,Functioning Properly,30501.9,98,2,Fair,Good,Poor,Fair,Good,Good,Good,Good,Good,Good,Good,----,,,,,,,,,,,,0111,,,,29788.416
8547,Helena-Lewis And Clark National Forest,100301020901,Headwaters Sand Creek Coulee,Functioning Properly,36555.8,5,95,Poor,Fair,Good,Fair,Good,Good,Good,Fair,Good,Fair,Fair,Fair,,,,,,,,,,,,0115,,,,1946.631
8690,Helena-Lewis And Clark National Forest,100402010101,Upper North Fork Musselshell River,Functioning at Risk,23874.7,53,47,Poor,Fair,Poor,Good,Poor,Fair,Poor,Fair,Poor,Fair,Fair,Fair,,,,,,,,,,,,0115,,,,12637.055
8583,Bitterroot National Forest,170102050304,Trapper Creek,Functioning Properly,18181.7,99,1,Fair,Fair,Good,Good,Good,Good,Good,Fair,Good,Good,Poor,Fair,,,,,,,,,,,,0103,,,,18027.563000000002
8641,Custer Gallatin National Forest,100700020201,Rock Creek,Functioning Properly,18232.4,75,25,Good,Good,Good,Good,Good,Fair,Good,Fair,Good,Fair,Good,Good,,,,,,,,,,,,0111,,,,13752.902
8643,Custer Gallatin National Forest,100700020304,East Fork Mill Creek,Functioning Properly,20922.9,97,3,Good,Good,Good,Fair,Good,Good,Poor,Fair,Fair,Good,Good,Good,,,,,,,,,,,,0111,,,,20332.351
8692,Dakota Prairie Grasslands,101303020804,Outlet Lodgepole Creek,Functioning at Risk,13164.2,14,86,Fair,Fair,Good,Fair,Fair,Poor,Good,Fair,----,Good,Good,Good,,,,,,,,,,,,0118,,,,1850.5720000000001
8906,Dakota Prairie Grasslands,101102050407,Elkhorn Creek,Functioning Properly,23246.7,30,70,Fair,Good,Good,Good,Good,Poor,Fair,Good,Good,Good,Good,Fair,,,,,,,,,,,,0118,,,,7068.309
8993,Dakota Prairie Grasslands,101303030402,Thunder Hawk Creek-Grand River,Functioning at Risk,18587.5,39,61,Fair,Fair,Good,Poor,Fair,Poor,Good,Good,----,Good,Good,Good,,,,,,,,,,,,0118,,,,7249.463000000001
9077,Helena-Lewis And Clark National Forest,100301040201,Straight Creek,Functioning Properly,24838.9,100,0,Fair,Good,Good,Good,Good,Good,Poor,Fair,Poor,Fair,Poor,----,,,,,,,,,,,,0115,,,,24838.467
9434,Helena-Lewis And Clark National Forest,100301040103,Headwaters North Fork Sun River,Functioning Properly,14939.300000000001,100,0,Fair,Good,Good,Good,Good,Good,Poor,Poor,Poor,Good,Good,Good,,,,,,,,,,,,0115,,,,14939.276
9250,Lolo National Forest,170102130903,Deep Creek,Functioning at Risk,8916.2,94,6,Fair,Fair,Good,Fair,Fair,Poor,Fair,Fair,Fair,Good,Fair,----,,,,,,,,,,,,0116,,,,8406.182
9375,Idaho Panhandle National Forests,170103040104,Simmons Creek,Functioning Properly,24703.8,100,0,Good,Good,Fair,Good,Good,Good,Good,Fair,Good,Good,Good,Good,,,,,,,,,,,,0104,,,,24703.839
9421,Helena-Lewis And Clark National Forest,100402010801,Upper Antelope Creek,Functioning Properly,34462.8,13,87,Good,Good,Good,Good,Good,Fair,Good,Fair,Good,Fair,Good,Good,,,,,,,,,,,,0115,,,,4357.548
9458,Bitterroot National Forest,170102050203,Little West Fork,Functioning Properly,15570.5,99,1,Fair,Fair,Good,Good,Good,Good,Good,Fair,Good,Fair,Fair,Good,,,,,,,,,,,,0103,,,,15374.544
9519,Dakota Prairie Grasslands,101102031203,Lower Whitetail Creek,Functioning at Risk,19246.5,86,14,Fair,Fair,Good,Fair,Poor,Fair,Poor,Good,Good,Good,Good,Poor,,,,,,,,,,,,0118,,,,16604.263
9525,Custer Gallatin National Forest,100700021201,Headwaters Sweet Grass Creek,Functioning Properly,22526.7,67,33,Poor,Good,Good,Good,Good,Good,Good,Fair,Good,Good,Good,Good,,,,,,,,,,,,0111,,,,15005.634
9661,Idaho Panhandle National Forests,170102140201,Gold Creek,Functioning Properly,14018.0,94,6,Good,Fair,Poor,Good,Fair,Fair,Good,Good,Good,Good,Good,Good,,,,,,,,,,,,0104,,,,13222.916000000001
9932,Beaverhead-Deerlodge National Forest,100200070502,Lake Creek,Functioning at Risk,32714.9,81,19,Poor,Fair,Fair,Fair,Fair,Fair,Good,Good,Good,Good,Good,Good,,,,,,,,,,,,0102,,,,26579.578
9741,Beaverhead-Deerlodge National Forest,100200030101,West Fork Ruby River,Functioning at Risk,13818.5,100,0,Fair,Fair,Poor,Good,Fair,Good,Good,Good,Good,Good,Good,Good,,,,,,,,,,,,0102,,,,13818.457
9804,Nez Perce-Clearwater National Forest,170603070104,Lake Creek,Functioning Properly,22113.600000000002,99,1,Good,Fair,Fair,Good,Good,Poor,Good,Fair,Good,Good,Good,Good,,,,,,,,,,,,0117,,,,21955.357
9852,Nez Perce-Clearwater National Forest,170603050204,Lower American River,Functioning at Risk,15624.9,58,43,Good,Poor,Poor,Fair,Poor,Fair,Poor,Poor,Good,Good,Good,----,,,,,,,,,,,,0117,,,,8979.451000000001
10013,Custer Gallatin National Forest,100901020403,Birney Creek-Tongue River,Functioning Properly,27298.100000000002,8,92,Good,Good,Good,Good,Good,Good,Good,Good,Good,Good,Good,Good,,,,,,,,,,,,0111,,,,2301.382
10028,Helena-Lewis And Clark National Forest,100301011701,Upper Beaver Creek,Functioning at Risk,19597.5,57,43,Fair,Poor,Poor,Good,Fair,Fair,Good,Fair,Good,Fair,Fair,Poor,,,,,,,,,,,,0115,,,,11213.662
10038,Bitterroot National Forest,170102050501,Tolan Creek,Functioning Properly,12914.0,97,3,Fair,Fair,Good,Good,Fair,Good,Good,Fair,Good,Fair,Fair,Fair,,,,,,,,,,,,0103,,,,12559.720000000001
10055,Nez Perce-Clearwater National Forest,170603050302,Lower Crooked River,Impaired Function,16977.0,94,7,Good,Poor,Poor,Poor,Poor,Fair,Poor,Poor,Good,Good,Good,----,,,,,,,,,,,,0117,,,,15877.892
10100,Beaverhead-Deerlodge National Forest,100200020302,West Fork Blacktail Deer Creek,Functioning at Risk,33141.0,27,73,Poor,Fair,Fair,Good,Fair,Good,Good,Good,Good,Good,Good,Good,,,,,,,,,,,,0102,,,,8807.284
10202,Bitterroot National Forest,170603010101,Swet Creek-Selway River,Functioning Properly,35052.5,100,0,Good,Fair,Good,Good,Good,Good,Good,Fair,Good,Fair,Good,Good,,,,,,,,,,,,0103,,,,35052.356
10430,Beaverhead-Deerlodge National Forest,100200020202,Middle Rattlesnake Creek,Functioning at Risk,10750.300000000001,96,4,Fair,Fair,Poor,Fair,Good,Poor,Fair,Good,Good,Good,Good,Fair,,,,,,,,,,,,0102,,,,10345.418
10334,Helena-Lewis And Clark National Forest,100301011202,Avalanche Creek,Impaired Function,25764.5,88,12,Poor,Fair,Poor,Poor,Poor,Poor,Fair,Fair,Good,Good,Fair,Fair,,,,,,,,,,,,0115,,,,22579.561
10364,Kootenai National Forest,170102131306,Lower Cabinet Gorge Reservoir,Functioning Properly,24336.600000000002,54,46,Fair,Fair,Good,Good,Good,Fair,Good,Good,Good,Good,Good,Good,,,,,,,,,,,,0114,,,,13045.166000000001
10395,Custer Gallatin National Forest,100700020103,Bassett Creek-Yellowstone River,Functioning Properly,16713.5,79,21,Poor,Good,Good,Fair,Good,Fair,Good,Fair,Good,Good,Good,Good,,,,,,,,,,,,0111,,,,13278.303
10438,Custer Gallatin National Forest,100901020104,Lower Bear Creek,Functioning at Risk,13516.2,89,11,Fair,Fair,Good,Fair,Fair,Good,Fair,Fair,Poor,Good,Good,Good,,,,,,,,,,,,0111,,,,12073.653
10480,Custer Gallatin National Forest,100700020905,Speculator Creek-Boulder River,Functioning Properly,25110.3,99,1,Fair,Good,Poor,Good,Good,Good,Good,Fair,Good,Good,Good,Good,,,,,,,,,,,,0111,,,,24766.05
10531,Custer Gallatin National Forest,100901021001,Headwaters Pumpkin Creek,Functioning Properly,27200.8,5,95,Good,Good,Good,Good,Good,Fair,Fair,Good,Good,Good,Good,Good,,,,,,,,,,,,0111,,,,1424.742
10567,Helena-Lewis And Clark National Forest,100301030209,Big Birch Creek,Functioning at Risk,19703.3,49,51,Fair,Fair,Good,Poor,Good,Fair,Fair,Fair,Good,Fair,Good,Good,,,,,,,,,,,,0115,,,,9718.018
10643,Nez Perce-Clearwater National Forest,170603030602,Hungery Creek,Functioning Properly,22680.9,100,0,Good,Good,Good,Good,Good,Good,Good,Fair,Good,Good,Good,----,,,,,,,,,,,,0117,,,,22680.891
10669,Beaverhead-Deerlodge National Forest,100200040306,Miner Creek,Functioning at Risk,19253.7,69,31,Poor,Fair,Poor,Good,Good,Good,Good,Fair,Good,Good,Good,Fair,,,,,,,,,,,,0102,,,,13253.065
10700,Helena-Lewis And Clark National Forest,100301011104,Upper Beaver Creek,Functioning at Risk,16587.0,95,6,Poor,Fair,Poor,Good,Fair,Poor,Fair,Good,Good,Good,Fair,Fair,,,,,,,,,,,,0115,,,,15670.809000000001
10732,Bitterroot National Forest,170102050802,Lower Rye Creek,Functioning at Risk,22073.8,53,47,Poor,Fair,Fair,Fair,Fair,Poor,Fair,Fair,Fair,Good,Poor,Fair,,,,,,,,,,,,0103,,,,11719.468
10790,Idaho Panhandle National Forests,170101040502,Cow Creek,Functioning at Risk,14113.7,97,3,Fair,Fair,Poor,Good,Fair,Good,Fair,Good,Good,Good,Fair,Fair,,,,,,,,,,,,0104,,,,13692.321
11051,Lolo National Forest,170102130401,Radio Creek,Functioning at Risk,9768.6,100,0,Fair,Fair,Good,Good,Fair,Poor,Good,Fair,Good,Fair,Fair,----,,,,,,,,,,,,0116,,,,9768.611
10847,Helena-Lewis And Clark National Forest,100301020103,Falls Creek,Functioning Properly,25627.100000000002,96,4,Poor,Fair,Good,Good,Good,Good,Poor,Poor,Good,Good,Good,Fair,,,,,,,,,,,,0115,,,,24500.466
10919,Nez Perce-Clearwater National Forest,170603070503,Little Weitas Creek,Functioning Properly,19472.2,100,0,Good,Good,Good,Good,Good,Good,Good,Poor,Good,Good,Good,Good,,,,,,,,,,,,0117,,,,19472.170000000002
11031,Kootenai National Forest,170102131305,Elk Creek,Functioning Properly,20888.7,67,34,Good,Poor,Good,Good,Good,Fair,Good,Good,Good,Good,Good,Good,,,,,,,,,,,,0114,,,,13888.251
11072,Nez Perce-Clearwater National Forest,170603050503,Tenmile Creek,Functioning Properly,34352.4,100,0,Good,Good,Fair,Good,Good,Fair,Good,Poor,Good,Good,Good,Good,,,,,,,,,,,,0117,,,,34297.733
11134,Helena-Lewis And Clark National Forest,100401030702,East Fork Big Spring Creek,Functioning Properly,34541.8,24,76,Good,Good,Fair,Poor,Good,Fair,Good,Fair,Good,Good,Fair,Good,,,,,,,,,,,,0115,,,,8247.755000000001
11145,Flathead National Forest,170102090105,Upper Youngs Creek,Functioning Properly,32979.4,100,0,Good,Good,Good,Good,Good,Good,Good,Good,Good,Fair,Good,----,,,,,,,,,,,,0110,,,,32976.956
11211,Custer Gallatin National Forest,100700060101,Broadwater Creek-Clarks Fork Yellowstone River,Functioning Properly,39468.3,96,5,Fair,Good,Poor,Good,Good,Fair,Fair,Good,Good,Good,Good,Good,,,,,,,,,,,,0111,,,,37675.892
11309,Nez Perce-Clearwater National Forest,170603050301,Upper Crooked River,Functioning at Risk,28643.100000000002,99,1,Good,Good,Poor,Fair,Fair,Fair,Poor,Fair,Good,Good,Good,----,,,,,,,,,,,,0117,,,,28411.331
11520,Bitterroot National Forest,170102050703,Middle Sleeping Child Creek,Functioning at Risk,14370.9,99,1,Poor,Fair,Fair,Good,Good,Good,Good,Fair,Poor,Fair,Poor,Fair,,,,,,,,,,,,0103,,,,14243.333
11358,Helena-Lewis And Clark National Forest,100301011404,Skelly Gulch,Functioning at Risk,7889.8,30,71,Fair,Fair,Poor,Fair,Fair,Poor,Fair,Fair,Good,Fair,Good,Fair,,,,,,,,,,,,0115,,,,2328.621
11382,Nez Perce-Clearwater National Forest,170603020404,Ohara Creek,Functioning Properly,37898.700000000004,100,0,Fair,Fair,Good,Good,Fair,Poor,Good,Poor,Good,Good,Good,Good,,,,,,,,,,,,0117,,,,37898.719
11511,Helena-Lewis And Clark National Forest,100402020102,Minerva Creek,Functioning Properly,10740.0,9,91,Good,Good,Good,Good,Good,Good,Good,Poor,Good,Good,Fair,Good,,,,,,,,,,,,0115,,,,942.839
11550,Helena-Lewis And Clark National Forest,100302010202,Lonesome Creek-Badger Creek,Functioning Properly,20896.0,100,0,Poor,Good,Good,Good,Good,Good,Good,Good,Good,Good,Poor,Good,,,,,,,,,,,,0115,,,,20895.945
11571,Lolo National Forest,170102040803,Big Creek,Functioning at Risk,19441.4,85,16,Fair,Fair,Poor,Fair,Poor,Poor,Fair,Fair,Good,Good,Fair,----,,,,,,,,,,,,0116,,,,16418.836
11672,Custer Gallatin National Forest,101303020206,Sioux Creek,Functioning at Risk,18076.600000000002,29,71,Poor,Fair,Good,Fair,Fair,Good,Good,Fair,Good,Good,Good,Good,,,,,,,,,,,,0111,,,,5257.804
11829,Custer Gallatin National Forest,101303010105,Middle Crooked Creek,Functioning Properly,14944.2,14,86,Good,Fair,Good,Good,Good,Good,Fair,Fair,Good,Good,Good,Good,,,,,,,,,,,,0111,,,,2117.578
12208,Lolo National Forest,170102120104,Little Bitterroot River-Hubbart Reservoir,Functioning at Risk,38466.0,5,95,Fair,Fair,Good,Good,Fair,Poor,Good,Fair,Good,Good,Fair,----,,,,,,,,,,,,0116,,,,2017.978
11932,Custer Gallatin National Forest,100200080504,Storm Castle Creek,Functioning at Risk,25998.2,100,0,Poor,Good,Fair,Good,Fair,Fair,Poor,Fair,Poor,Good,Good,Good,,,,,,,,,,,,0111,,,,25939.352
12028,Nez Perce-Clearwater National Forest,170603070903,Lower Skull Creek,Functioning Properly,15256.9,100,0,Good,Good,Good,Good,Good,Poor,Good,Fair,Good,Good,Good,Good,,,,,,,,,,,,0117,,,,15256.944
12194,Lolo National Forest,170102130104,Lazier Creek,Functioning at Risk,15253.5,16,84,Fair,Fair,Poor,Good,Good,Fair,Good,Good,Fair,Good,Good,----,,,,,,,,,,,,0116,,,,2400.931
12261,Lolo National Forest,170102040811,Little Joe Creek,Impaired Function,27709.3,99,1,Fair,Fair,Poor,Good,Fair,Poor,Good,Fair,Good,Good,Fair,----,,,,,,,,,,,,0116,,,,27491.741
12718,Beaverhead-Deerlodge National Forest,100200040407,Town of Wisdom-Big Hole River,Functioning at Risk,19839.2,11,89,Poor,Fair,Good,Fair,Good,Fair,Good,Good,Good,Good,Good,Fair,,,,,,,,,,,,0102,,,,2243.244
12511,Kootenai National Forest,170101030102,East Fork Yaak River,Functioning Properly,40410.0,93,7,Good,Good,Fair,Fair,Good,Good,Good,Fair,Good,Good,Good,Good,,,,,,,,,,,,0114,,,,37588.04
12608,Beaverhead-Deerlodge National Forest,100200040808,Meadow Creek-Big Hole River,Functioning at Risk,23820.9,61,39,Fair,Fair,Good,Fair,Fair,Fair,Good,Fair,Good,Good,Good,Fair,,,,,,,,,,,,0102,,,,14612.349
12629,Flathead National Forest,170102100303,Sheppard Creek,Functioning Properly,24136.600000000002,95,6,Poor,Good,Good,Good,Good,Good,Good,Good,Good,Good,Fair,----,2011,"<Principal_Reason><Concerns><Concern><Value>Riparian Structure and Function</Value></Concern><Concern><Value>Invasive Species</Value></Concern></Concerns><Cost>&lt; $100,000</Cost></Principal_Reason>","The vast majority of the Sheppard Creek watershed burned in 2007.  Through Burned Area Emergency Response (BAER), several culverts were upgraded and weeds were treated along roads and trails.  Post-fire timber salvage work was completed in the fall of 2010.  Virtually all collector and arterial roads were upgraded to BMP standards to support salvage harvest.  In addition, two major AOP projects were implemented.  Substantial investments have been made in this watershed.  With a few more small investments, Sheppard Creek can be classified into a Class 1 watershed.",,2012-08-21,2014-09-30,4,34500,2013-09-30,,Y,0110,Sheppard Creek Watershed Action Plan,2012-08-21,Y,22803.427
12783,Kootenai National Forest,170101020102,Island Creek,Functioning Properly,24678.5,16,84,Good,Poor,Good,Good,Good,Fair,Good,Good,Good,Good,Good,Good,,,,,,,,,,,,0114,,,,3899.85
12825,Kootenai National Forest,170102130702,Little Beaver Creek,Functioning Properly,14133.9,77,23,Fair,Good,Good,Good,Good,Fair,Good,Good,Fair,Good,Good,Good,,,,,,,,,,,,0114,,,,10867.054
12831,Custer Gallatin National Forest,100700030302,Smith Creek,Functioning at Risk,15907.9,61,39,Poor,Good,Good,Good,Fair,Poor,Good,Fair,Fair,Good,Fair,Good,,,,,,,,,,,,0111,,,,9727.397
13013,Helena-Lewis And Clark National Forest,100402010207,Upper South Fork Musselshell River,Functioning Properly,33116.6,6,94,Fair,Fair,Good,Poor,Fair,Good,Good,Fair,Good,Good,Good,Fair,,,,,,,,,,,,0115,,,,1842.2230000000002
12979,Helena-Lewis And Clark National Forest,100301030304,Spring Creek,Functioning Properly,12371.2,9,92,Poor,Fair,Good,Good,Good,Good,Fair,Fair,Good,Good,Good,Fair,,,,,,,,,,,,0115,,,,1055.367
12980,Custer Gallatin National Forest,100700021405,Lower Lower Deer Creek,Functioning Properly,18016.8,7,93,Poor,Good,Good,Good,Good,Fair,Poor,Good,Good,Good,Good,Good,,,,,,,,,,,,0111,,,,1296.333
12993,Helena-Lewis And Clark National Forest,100401030304,Middle Fork Judith River,Functioning at Risk,24134.4,97,3,Poor,Poor,Good,Fair,Fair,Poor,Poor,Fair,Good,Good,Good,Poor,,,,,,,,,,,,0115,,,,23384.456
13019,Beaverhead-Deerlodge National Forest,170102020802,Upper Middle Fork Rock Creek,Functioning Properly,14065.2,100,0,Fair,Good,Good,Good,Good,Fair,Good,Fair,Good,Fair,Good,Good,,,,,,,,,,,,0102,,,,14004.182
13026,Helena-Lewis And Clark National Forest,100401031201,Running Wolf Creek,Functioning Properly,23496.7,52,49,Poor,Good,Good,Fair,Good,Good,Poor,Fair,Good,Good,Good,Good,,,,,,,,,,,,0115,,,,12109.61
13098,Helena-Lewis And Clark National Forest,100402010208,West Fork Cottonwood Creek,Functioning Properly,29682.9,79,21,Fair,Fair,Good,Fair,Good,Fair,Good,Good,Good,Good,Good,Fair,,,,,,,,,,,,0115,,,,23464.455
13108,Helena-Lewis And Clark National Forest,100301011802,Headwaters Little Prickley Pear Creek,Functioning at Risk,11772.1,87,13,Poor,Fair,Good,Poor,Fair,Poor,Fair,Fair,Good,Good,Good,Fair,,,,,,,,,,,,0115,,,,10210.752
13116,Beaverhead-Deerlodge National Forest,100200040502,May Creek,Functioning Properly,10255.5,100,0,Poor,Good,Good,Good,Good,Good,Good,Fair,Good,Good,Good,Good,,,,,,,,,,,,0102,,,,10230.387
13152,Beaverhead-Deerlodge National Forest,100200040201,Upper Warm Springs Creek,Functioning Properly,13211.7,100,0,Fair,Fair,Fair,Good,Good,Good,Good,Good,Good,Good,Good,Fair,,,,,,,,,,,,0102,,,,13211.731
13156,Dakota Prairie Grasslands,101102030502,First Creek,Functioning at Risk,25054.9,18,82,Fair,Good,Good,Fair,Fair,Poor,Fair,Good,Good,Good,Good,Poor,,,,,,,,,,,,0118,,,,4607.289000000001
13162,Kootenai National Forest,170101010907,Lower Pinkham Creek,Functioning Properly,31027.3,77,24,Fair,Poor,Good,Good,Good,Fair,Good,Good,Good,Good,Good,Good,,,,,,,,,,,,0114,,,,23738.953
13176,Dakota Prairie Grasslands,101102050201,East Hay Draw Creek,Functioning at Risk,13429.7,52,48,Fair,Good,Good,Fair,Fair,Fair,Poor,Good,Good,Good,Good,Fair,,,,,,,,,,,,0118,,,,7041.154
13257,Kootenai National Forest,170101010905,Sullivan Creek,Functioning Properly,11110.1,100,0,Good,Good,Good,Good,Good,Good,Good,Fair,Good,Good,Good,Good,,,,,,,,,,,,0114,,,,11110.092
13258,Kootenai National Forest,170101011402,Upper Pipe Creek,Functioning Properly,34896.6,77,23,Good,Fair,Good,Good,Good,Fair,Good,Fair,Fair,Good,Good,Good,,,,,,,,,,,,0114,,,,27013.440000000002
13266,Beaverhead-Deerlodge National Forest,100200060101,Upper Lowland Creek,Functioning at Risk,11674.800000000001,91,9,Poor,Fair,Fair,Fair,Poor,Poor,Good,Good,Fair,Fair,Good,Fair,,,,,,,,,,,,0102,,,,10625.026
13273,Beaverhead-Deerlodge National Forest,100200071102,South Meadow Creek,Functioning at Risk,12736.1,55,45,Poor,Fair,Poor,Good,Fair,Fair,Good,Good,Good,Fair,Good,Good,,,,,,,,,,,,0102,,,,7019.492
13288,Beaverhead-Deerlodge National Forest,100200071201,Wigwam Creek,Functioning Properly,18500.2,63,37,Fair,Fair,Poor,Good,Good,Good,Good,Good,Good,Good,Good,Good,,,,,,,,,,,,0102,,,,11720.129
13291,Kootenai National Forest,170101010906,Upper Pinkham Creek,Functioning Properly,18217.100000000002,100,0,Good,Poor,Good,Good,Good,Fair,Good,Fair,Good,Good,Good,Good,,,,,,,,,,,,0114,,,,18217.012000000002
13327,Beaverhead-Deerlodge National Forest,100200010601,Tex Creek,Functioning Properly,14348.800000000001,30,70,Poor,Good,Good,Fair,Fair,Poor,Good,Good,Good,Good,Good,Good,,,,,,,,,,,,0102,,,,4263.264
13340,Kootenai National Forest,170102130803,Lower Vermilion River,Functioning Properly,20322.600000000002,98,2,Good,Good,Good,Good,Good,Fair,Good,Good,Good,Good,Good,Good,,,,,,,,,,,,0114,,,,19871.881999999998
13347,Custer Gallatin National Forest,100700021401,Upper Upper Deer Creek,Functioning Properly,16359.5,88,12,Poor,Good,Poor,Good,Good,Good,Poor,Good,Good,Good,Good,Good,,,,,,,,,,,,0111,,,,14412.001
13350,Beaverhead-Deerlodge National Forest,100200070604,Lower West Fork Madison River,Functioning at Risk,23217.8,99,1,Fair,Fair,Poor,Good,Fair,Fair,Good,Good,Good,Fair,Good,Good,,,,,,,,,,,,0102,,,,23066.9
13375,Beaverhead-Deerlodge National Forest,100200040909,Lower Wise River,Functioning at Risk,16662.7,68,32,Fair,Fair,Poor,Fair,Fair,Poor,Good,Good,Good,Good,Good,Fair,,,,,,,,,,,,0102,,,,11297.304
13408,Beaverhead-Deerlodge National Forest,100200040103,Bull Creek,Functioning Properly,31812.8,35,65,Poor,Good,Good,Good,Good,Fair,Good,Good,Good,Good,Good,Good,,,,,,,,,,,,0102,,,,11184.753
13453,Beaverhead-Deerlodge National Forest,170102020801,Cooper Creek,Functioning Properly,17818.3,99,1,Fair,Good,Good,Good,Good,Good,Good,Fair,Good,Fair,Good,Good,,,,,,,,,,,,0102,,,,17713.679
13529,Beaverhead-Deerlodge National Forest,100200050701,South Willow Creek,Functioning at Risk,29051.5,68,32,Poor,Fair,Fair,Good,Fair,Fair,Good,Good,Good,Fair,Good,Good,,,,,,,,,,,,0102,,,,19827.682
13482,Idaho Panhandle National Forests,170103040609,Rochat Creek-St Joe River,Functioning Properly,25885.2,13,87,Fair,Fair,Good,Good,Good,Good,Good,Good,Good,Good,Fair,Good,,,,,,,,,,,,0104,,,,3286.003
13494,Beaverhead-Deerlodge National Forest,100200041301,Upper Willow Creek,Functioning at Risk,22648.8,99,1,Fair,Fair,Good,Poor,Fair,Fair,Good,Good,Good,Good,Good,Fair,,,,,,,,,,,,0102,,,,22493.183
13501,Kootenai National Forest,170101011002,Lower South Fork Big Creek,Functioning Properly,32477.2,100,0,Good,Good,Good,Good,Good,Good,Good,Fair,Good,Good,Good,Good,,,,,,,,,,,,0114,,,,32477.228
13599,Idaho Panhandle National Forests,170103040602,Big Creek,Functioning at Risk,36468.4,94,6,Poor,Fair,Poor,Good,Fair,Good,Good,Good,Good,Good,Good,Good,,,,,,,,,,,,0104,,,,34185.281
13604,Beaverhead-Deerlodge National Forest,100200060501,Muskrat Creek,Functioning Properly,25557.4,18,82,Good,Good,Poor,Good,Fair,Poor,Good,Fair,Good,Fair,Good,Fair,,,,,,,,,,,,0102,,,,4633.906
13613,Kootenai National Forest,170101011201,Fivemile Creek,Functioning Properly,18440.7,99,2,Good,Fair,Good,Good,Good,Fair,Good,Fair,Good,Good,Good,Good,,,,,,,,,,,,0114,,,,18166.89
13645,Idaho Panhandle National Forests,170603080302,Cedar Creek-Little North Fork Clearwater River,Functioning Properly,26897.600000000002,5,95,Fair,Good,Good,Good,Good,Fair,Good,Good,Good,Good,Fair,Good,,,,,,,,,,,,0104,,,,1430.287
13652,Beaverhead-Deerlodge National Forest,100200070702,Sun Creek,Functioning Properly,11598.2,74,26,Poor,Good,Good,Good,Good,Good,Good,Good,Good,Fair,Good,Good,,,,,,,,,,,,0102,,,,8589.187
13655,Idaho Panhandle National Forests,170103040608,Falls Creek-St Joe River,Functioning Properly,29388.600000000002,13,87,Fair,Fair,Good,Good,Fair,Fair,Good,Good,Good,Good,Good,Good,,,,,,,,,,,,0104,,,,3921.657
13665,Beaverhead-Deerlodge National Forest,170102020703,East Fork Rock Creek,Functioning at Risk,16694.1,25,75,Fair,Good,Good,Poor,Poor,Poor,Good,Fair,Good,Good,Good,Good,,,,,,,,,,,,0102,,,,4234.754
13718,Kootenai National Forest,170101011208,Little Jackson Creek-Lake Koocanusa,Functioning Properly,24350.8,81,19,Good,Good,Good,Fair,Good,Fair,Good,Good,Good,Good,Good,Good,,,,,,,,,,,,0114,,,,19753.701
13760,Beaverhead-Deerlodge National Forest,100200040504,Upper Ruby Creek,Functioning at Risk,10716.9,89,11,Poor,Fair,Fair,Fair,Fair,Fair,Good,Fair,Good,Fair,Good,Fair,,,,,,,,,,,,0102,,,,9560.524000000001
13761,Kootenai National Forest,170101011305,Lower Libby Creek,Functioning Properly,34863.0,59,41,Fair,Fair,Good,Fair,Good,Fair,Good,Good,Good,Good,Good,Good,,,,,,,,,,,,0114,,,,20628.335
13768,Beaverhead-Deerlodge National Forest,100200040506,Tie Creek,Functioning Properly,20137.600000000002,98,2,Poor,Good,Poor,Good,Fair,Fair,Good,Fair,Good,Good,Good,Good,,,,,,,,,,,,0102,,,,19734.155
13800,Kootenai National Forest,170101011104,Gold Creek-Lake Koocanusa,Functioning Properly,29397.2,97,3,Good,Good,Fair,Good,Good,Good,Good,Good,Good,Good,Good,Good,,,,,,,,,,,,0114,,,,28411.114999999998
13915,Kootenai National Forest,170101011001,Upper South Fork Big Creek,Functioning Properly,15029.300000000001,100,0,Good,Good,Good,Good,Good,Good,Good,Fair,Good,Good,Good,Good,,,,,,,,,,,,0114,,,,15025.717
13944,Helena-Lewis And Clark National Forest,100301050104,Lower Dry Fork Belt Creek,Functioning Properly,21291.0,88,12,Poor,Fair,Poor,Fair,Poor,Fair,Fair,Fair,Good,Fair,Poor,Good,2014,"<Principal_Reason><Concerns><Concern><Value>Water Quantity</Value></Concern><Concern><Value>Species Habitat</Value></Concern><Concern><Value>Water Quality</Value></Concern></Concerns><Cost>$100,000 to $1 million</Cost></Principal_Reason>",303d for heavy metals. Contaminated sediment delivery and acid mine drainage to streams. High forest road densities close to streams. Invasive weeds. Mountain pine beetle effecting hydrologic function. Pure populations of west slope cutthroat traout. Very popular location for public use. ,"<Known_Partners><Partner><Name>Montana Department of Fish, Wildlife and Parks</Name><Type>Known</Type></Partner><Partner><Name>US Environmental Protection Agency</Name><Type>Known</Type></Partner></Known_Partners>",2014-06-30,2017-09-30,3,300000,2017-09-01,,Y,0115,Lower Dry Fork Belt creek,2014-06-30,Y,18751.642
15001,Dakota Prairie Grasslands,090202040504,Pigeon Point-Sheyenne River,Functioning Properly,51739.9,19,81,Fair,Good,Fair,Good,Good,Poor,Good,Good,----,Good,Good,Fair,2014,"<Principal_Reason><Concerns><Concern><Value>Invasive Species</Value></Concern><Concern><Value>Species Habitat</Value></Concern></Concerns><Cost>$100,000 to $1 million</Cost></Principal_Reason>","This watershed is characterized by a shallow water table with groundwater dependent ecosystems present throughout.  Small wetlands and groundwater fed springs, seeps, fens and wet meadow ecosystems are common and serve as recharge areas for the Sheyenne Delta Aquifer, which underlies the entire watershed.  Critical habitat for federally listed, threatened Western Prairie Fringed Orchid is present as well as a unique remnant of Northern Plains tall-grass prairie, which contains several sensitive plant and animal species such as the western prairie fringed orchid, Dakota Skipper, Poweshiek Skipperling, and the Long-eared bat.  Sheyenne River is considered a good fishery, provides recreational value, and is also used as a water supply for downstream communities, agriculture and industry.  ",<Known_Partners><Partner><Name>Sheyenne Valley Grazing Association</Name><Type>Known</Type></Partner></Known_Partners>,2014-10-01,2017-09-30,4,175000,2017-02-08,,Y,0118,"Pigeon Point - Sheyenne River FY15 WRAP, Sheyenne Ranger District",2014-10-01,Y,9689.399000000001
14030,Idaho Panhandle National Forests,170103040304,Bruin Creek-St Joe River,Functioning Properly,27521.100000000002,100,0,Fair,Fair,Good,Good,Fair,Good,Good,Fair,Good,Good,Fair,Good,2011,"<Principal_Reason><Opportunities><Opportunity><Value>Larger-Scale Restoration</Value></Opportunity><Opportunity><Value>Socio-Economic Benefit</Value></Opportunity><Opportunity><Value>Improve Condition</Value></Opportunity></Opportunities><Cost>&lt; $100,000</Cost></Principal_Reason>","Watershed is a stronghold for native fish habitat and populations.  Reducing road densities would improve water quality by reducing sediment inputs to streams and would reduce risk of future road or culver failures that could further impair the ecosystem.  NEPA covering watershed improvement work is complete (includes over 50 miles of road decommissioning and/or storage) which was done in conjunction with the Fallen Bear Project, incorporating timber, engineering, wildlife and fuels activities.  Planned watershed improvement work aligns with national and regional strategies and forest plan. Watershed is within the same 5th code HUC as future District priority watersheds (e.g. Gold Creek). High runoff and or flooding may cause road/culvert or bridge failure. Implementation of road work would create jobs for contractors. Watershed improvement work would be cost effective if done in conjunction with current timber sale contract work within the area.  On-the-ground accomplishments would be realized in FY12 and FY13.  The Bruin Creek watershed currently has a WCATT watershed condition rating of “FAR”.  By reducing road densities within the HUC the watershed condition rating would move closer to a “FP” condition.  If road densities are not reduced there would be a risk of the watershed condition moving to an “IF” condition if road failures were to occur increasing stream sedimentation and negatively impacting fish habitat.  Watershed is also located within the St. Joe Wild and Scenic River corridor.",,2011-11-03,2015-01-01,1,309000,2014-09-30,,Y,0104,Bruin Creek 2011 Watershed Action Plan ,2011-11-03,Y,27413.927
14201,Bitterroot National Forest,170102051006,Willow Creek,Functioning at Risk,27120.4,48,52,Fair,Fair,Fair,Fair,Fair,Poor,Good,Fair,Good,Good,Fair,Fair,2024,<Principal_Reason><Concerns><Concern><Value>Wildfire Risk</Value></Concern><Concern><Value>Water Quality</Value></Concern><Concern><Value>Riparian Structure and Function</Value></Concern></Concerns><Opportunities><Opportunity><Value>Larger-Scale Restoration</Value></Opportunity><Opportunity><Value>Potential Partnership</Value></Opportunity><Opportunity><Value>Improve Condition</Value></Opportunity></Opportunities></Principal_Reason>,"Water quality, MT DEQ listed stream for sediment and temperature impairment. ESA Bull Trout and RFSS cutthroat trout. Reduce wildfire risk and protect riparian values, improve aquatic habitat and water quality. Remove and replace barrier culverts or old infrastructure. ",,2024-01-03,2028-09-30,,,,,,0103,Willow Creek WRAP,2024-01-03,,13050.688
14511,Nez Perce-Clearwater National Forest,170602090301,Upper Little Slate Creek,Functioning at Risk,25528.0,100,0,Good,Fair,Good,Fair,Fair,Fair,Fair,Fair,Fair,Good,Good,Good,2011,<Principal_Reason><Concerns><Concern><Value>Wildfire Risk</Value></Concern><Concern><Value>Species Habitat</Value></Concern><Concern><Value>Water Quality</Value></Concern></Concerns><Opportunities><Opportunity><Value>Larger-Scale Restoration</Value></Opportunity><Opportunity><Value>Socio-Economic Benefit</Value></Opportunity><Opportunity><Value>Improve Condition</Value></Opportunity></Opportunities></Principal_Reason>,"Upper Little Slate Creek was identified in 2006 as needing watershed improvements like road decommissioning, road repairs, culvert replacements, treatments in bark beetle infested stands, and rehabilitation of abandoned mines.",<Known_Partners><Partner><Name>Nez Perce Tribe</Name><Type>Known</Type></Partner></Known_Partners>,2011-10-20,2022-12-31,7,15000000,,,Y,0117,Upper Little Slate Creek Watershed Restoration Action Plan,2011-10-20,,25467.186
14618,Nez Perce-Clearwater National Forest,170603040102,Upper Clear Creek,Functioning at Risk,19049.8,97,3,Good,Fair,Good,Good,Fair,Poor,Fair,Fair,Good,Good,Good,Good,2011,<Principal_Reason><Concerns><Concern><Value>Wildfire Risk</Value></Concern><Concern><Value>Species Habitat</Value></Concern><Concern><Value>Water Quality</Value></Concern></Concerns><Opportunities><Opportunity><Value>Larger-Scale Restoration</Value></Opportunity><Opportunity><Value>Socio-Economic Benefit</Value></Opportunity><Opportunity><Value>Improve Condition</Value></Opportunity></Opportunities></Principal_Reason>,"Upper Clear Creek is one of many watersheds in the Middle Fork Clearwater River watershed that are part of the Forest's CFLRP project area.  The project includes watershed restoration, fuels reduction, and vegetation treatments.",<Known_Partners><Partner><Name>Clearwater Basin Collaborative</Name><Type>Known</Type></Partner><Partner><Name>US Fish and Wildlife Service</Name><Type>Known</Type></Partner><Partner><Name>Idaho County</Name><Type>Known</Type></Partner><Partner><Name>Rocky Mountain Elk Foundation</Name><Type>Known</Type></Partner><Partner><Name>Nez Perce Tribe</Name><Type>Known</Type></Partner></Known_Partners>,2011-10-28,2024-09-30,8,3630000,,,Y,0117,Upper Clear Creek CFLRA WRAP,2011-10-28,,18438.748
14707,Idaho Panhandle National Forests,170103010601,Iron Creek-Little North Fork Coeur d'Alene River,Functioning at Risk,28427.100000000002,99,1,Good,Poor,Poor,Good,Fair,Poor,Fair,Good,Good,Good,Good,Fair,2011,<Principal_Reason><Concerns><Concern><Value>Riparian Structure and Function</Value></Concern><Concern><Value>Species Habitat</Value></Concern><Concern><Value>Water Quality</Value></Concern></Concerns><Opportunities><Opportunity><Value>Larger-Scale Restoration</Value></Opportunity><Opportunity><Value>Potential Partnership</Value></Opportunity><Opportunity><Value>Improve Condition</Value></Opportunity></Opportunities></Principal_Reason>,"The ecological condition of the subwatershed has been altered as a result of resource extraction and extensive human use over the last 100 years. Anthropogenic influences include current and historic mining, timber harvest, livestock grazing, and historic railway transport. An airstrip was developed in the Horse Haven area and a Youth Conservation Corps camp was developed upstream of the airstrip on the Iron Creek floodplain. An extensive road network has evolved to support timber and mining and has become a significant asset to recreation. Today, the watershed is heavily used by hunters, fishermen, and other recreationists including berry pickers, campers, ATV riders, mountain bikers, and those seeking the solitude of the forest.  Stressors such as roads in the riparian area, failing culverts, riparian harvest, atv trails along and across streams, and the presence of railway/dikes in the floodplain, which have altered the form and function of the Little North Fork of the Coeur d’Alene River and its tributaries. (See also WRAP attached)",,2011-11-17,2014-10-01,4,1825000,2014-10-01,,Y,0104,Iron Creek - 2011 Watershed Restoration Action Plan,2011-11-17,Y,28236.760000000002
15021,Dakota Prairie Grasslands,101102040508,Prairie Dog Creek,Functioning at Risk,15508.800000000001,80,21,Fair,Good,Good,Fair,Poor,Poor,Fair,Good,Good,Good,Good,Poor,2018,<Principal_Reason><Opportunities><Opportunity><Value>Potential Partnership</Value></Opportunity><Opportunity><Value>Improve Condition</Value></Opportunity><Opportunity><Value>Larger-Scale Restoration</Value></Opportunity></Opportunities><Cost>$1 million to $5 million</Cost></Principal_Reason>,"This watershed was selected because of its opportunites to address riparian resource conditions, rangeland vegetation conditions, terrestrial habitat concerns, fuels loading, and grasslands encroachment by woody species.  It was also selected because of its concurrent location inside of larger planning areas.",<Known_Partners><Partner><Name>McKenzie County Grazing Association</Name><Type>Known</Type></Partner></Known_Partners>,2018-02-28,2022-09-30,3,2661562,,,Y,0118,"Prairie Dog Creek FY2018 WRAP, McKenzie Ranger District",2018-02-28,,12322.665
15047,Beaverhead-Deerlodge National Forest,100200030504,Ramshorn Creek,Functioning at Risk,19428.100000000002,39,61,Poor,Fair,Poor,Good,Fair,Poor,Good,Good,Good,Good,Good,Good,2023,<Principal_Reason><Resources><Resource><Value>Other</Value></Resource><Resource><Value>Species Protection Area</Value></Resource></Resources><Opportunities><Opportunity><Value>Improve Condition</Value></Opportunity><Opportunity><Value>Potential Partnership</Value></Opportunity></Opportunities></Principal_Reason>,"a.	Native Westslope Cutthroat Trout (WCT) are a FS Region 1 sensitive species and a population of genetically unaltered fish are currently being restored within the watershed as a partnership between USFS, MT FWP, BLM, and Ruby Valley Conservation District.
b.	Road derived sediment entering the stream is a problem throughout most of the drainage.  Road maintenance, reroutes, drainage, BMP’s, and stream crossing upgrades are needed in key locations to meet TMDL recommendations.
c.	Historic mining has altered several sections of stream channel and contributes to water quality issues related to TMDL for metals in Ramshorn Creek.
d.	Existing system of culverts is limiting WCT population distribution and is placing the successful reestablishment of a genetically pure population at risk.
e.	Alterations in streamside vegetation related to grazing and road proximity to stream is impacting streambank stability and instream fish habitat related to TMDL sediment listing.
","<Known_Partners><Partner><Name>Montana Trout Unlimited</Name><Type>Known</Type></Partner><Partner><Name>Madison County</Name><Type>Known</Type></Partner><Partner><Name>Ruby Valley Conservation District</Name><Type>Known</Type></Partner><Partner><Name>Montana Fish, Wildlife and Parks</Name><Type>Known</Type></Partner></Known_Partners>",2023-06-29,2028-10-01,7,1006970,,,Y,0102,Ramshorn Creek Watershed Restoration Action Plan,2023-06-29,,7615.9710000000005
7,Lolo National Forest,170102040301,Ninemile Creek Headwaters,Functioning at Risk,21090.4,96,4,Poor,Fair,Fair,Good,Poor,Fair,Fair,Fair,Good,Good,Fair,Good,,,,,,,,,,,,0116,,,,20222.286
59,Helena-Lewis And Clark National Forest,100402030403,South Fork Flatwillow Creek,Functioning Properly,37338.9,30,70,Good,Fair,Good,Good,Good,Fair,Fair,Fair,Good,Good,Fair,Fair,,,,,,,,,,,,0115,,,,11294.188
183,Bitterroot National Forest,170102051503,Threemile Creek,Functioning at Risk,33234.4,16,84,Fair,Fair,Fair,Fair,Fair,Poor,Good,Fair,Good,Good,Fair,Fair,,,,,,,,,,,,0103,,,,5381.625
206,Flathead National Forest,170102100105,Stillwater River-Upper Stillwater Lake,Functioning Properly,8690.9,78,22,Poor,Fair,Good,Good,Good,Good,Good,Good,Good,Good,Fair,----,,,,,,,,,,,,0110,,,,6762.889
270,Lolo National Forest,170102040209,Sixmile Creek,Functioning at Risk,14812.7,35,65,Fair,Fair,Fair,Fair,Fair,Good,Good,Good,Good,Good,Fair,Good,,,,,,,,,,,,0116,,,,5221.39
293,Idaho Panhandle National Forests,170102140103,Middle Pack River,Functioning at Risk,27644.100000000002,10,90,Fair,Fair,Poor,Good,Fair,Fair,Good,Good,Good,Good,Poor,Good,,,,,,,,,,,,0104,,,,2799.949
300,Idaho Panhandle National Forests,170103010403,Yellow Dog Creek-Middle North Fork Coeur d'Alene River,Functioning at Risk,31657.4,98,2,Good,Fair,Poor,Good,Fair,Poor,Fair,Good,Good,Good,Good,Good,,,,,,,,,,,,0104,,,,30941.72
305,Custer Gallatin National Forest,100700021202,Rein Lake-Sweet Grass Creek,Functioning Properly,26384.5,8,92,Poor,Good,Good,Good,Good,Good,Fair,Fair,Good,Good,Good,Good,,,,,,,,,,,,0111,,,,2015.525
353,Lolo National Forest,170102040606,Clark Fork River-Meadow Creek,Functioning at Risk,30272.3,67,33,Fair,Fair,Good,Fair,Poor,Fair,Good,Good,Good,Good,Fair,Good,,,,,,,,,,,,0116,,,,20263.175
395,Lolo National Forest,170102040302,Ninemile Creek-Little Bear Creek,Functioning at Risk,20669.600000000002,91,9,Poor,Fair,Fair,Fair,Fair,Fair,Fair,Fair,Good,Fair,Fair,Good,,,,,,,,,,,,0116,,,,18900.012000000002
556,Flathead National Forest,170102080106,Mill Creek,Functioning Properly,20988.7,19,81,Fair,Good,Good,Good,Good,Good,Good,Good,Good,Good,Good,----,,,,,,,,,,,,0110,,,,3903.494
589,Custer Gallatin National Forest,100901021102,Lower Little Pumpkin Creek,Functioning Properly,39175.3,9,91,Good,Fair,Good,Good,Good,Good,Fair,Fair,Poor,Good,Good,Good,,,,,,,,,,,,0111,,,,3513.127
605,Idaho Panhandle National Forests,170101040704,Burton Creek-Kootenai River,Functioning Properly,16090.800000000001,31,69,Poor,Fair,Good,Good,Fair,Good,Good,Fair,Good,Good,Good,Good,,,,,,,,,,,,0104,,,,4984.2570000000005
627,Lolo National Forest,170102130904,Noxon Reservoir-Mosquito Creek,Functioning at Risk,15305.800000000001,40,60,Fair,Fair,Fair,Poor,Fair,Good,Fair,Good,Good,Good,Fair,Fair,,,,,,,,,,,,0116,,,,6077.351000000001
795,Idaho Panhandle National Forests,170101040603,Saddle Creek-Boundary Creek,Functioning Properly,28354.100000000002,58,43,Poor,Good,Poor,Good,Fair,Good,Good,Good,Good,Good,Fair,Good,,,,,,,,,,,,0104,,,,16306.631000000001
807,Idaho Panhandle National Forests,170102150108,Upper Priest Lake-Upper Priest River,Functioning Properly,9202.6,58,42,Fair,Fair,Good,Good,Good,Good,Good,Good,Good,Good,Good,Good,,,,,,,,,,,,0104,,,,5373.2660000000005
814,Helena-Lewis And Clark National Forest,170102030304,Keep Cool Creek,Functioning at Risk,22843.4,59,41,Fair,Fair,Good,Poor,Poor,Poor,Fair,Poor,Good,Fair,Fair,Fair,,,,,,,,,,,,0115,,,,13412.334
862,Nez Perce-Clearwater National Forest,170603030705,Deadman Creek,Functioning Properly,12720.300000000001,100,0,Good,Good,Fair,Good,Good,Good,Good,Poor,Good,Good,Good,Good,,,,,,,,,,,,0117,,,,12720.297
931,Helena-Lewis And Clark National Forest,100301011309,Last Chance Gulch,Impaired Function,13705.6,53,47,Fair,Poor,Poor,Poor,Fair,Poor,Poor,Fair,Good,Fair,Poor,Poor,,,,,,,,,,,,0115,,,,7308.4980000000005
990,Custer Gallatin National Forest,100700020104,Cedar Creek,Functioning Properly,13773.5,100,0,Poor,Good,Good,Good,Good,Fair,Good,Fair,Good,Good,Good,Good,,,,,,,,,,,,0111,,,,13734.15
1220,Helena-Lewis And Clark National Forest,100402011901,Upper Twin Coulee,Functioning Properly,33874.0,7,93,Good,Good,Good,Good,Good,Good,Fair,Fair,Good,Good,Fair,Fair,,,,,,,,,,,,0115,,,,2448.964
1306,Lolo National Forest,170102040801,St. Regis River Headwaters,Functioning at Risk,26641.3,97,3,Fair,Fair,Poor,Good,Poor,Poor,Fair,Fair,Good,Good,Fair,----,,,,,,,,,,,,0116,,,,25876.775999999998
1411,Custer Gallatin National Forest,100800100801,Upper Dry Head Creek,Functioning Properly,22737.0,39,61,Good,Fair,Good,Good,Good,Good,Good,Good,Good,Good,Good,Good,,,,,,,,,,,,0111,,,,8946.096
1477,Lolo National Forest,170102040303,Ninemile Creek-McCormick Creek,Functioning at Risk,25146.3,85,15,Poor,Poor,Fair,Fair,Fair,Fair,Good,Fair,Good,Fair,Fair,Good,,,,,,,,,,,,0116,,,,21297.933
1479,Nez Perce-Clearwater National Forest,170603030704,Bimerick Creek-Lochsa River,Functioning Properly,34517.3,100,0,Good,Good,Fair,Good,Good,Fair,Good,Poor,Good,Good,Good,Good,,,,,,,,,,,,0117,,,,34517.320999999996
1543,Beaverhead-Deerlodge National Forest,100200010701,Upper Muddy Creek,Functioning at Risk,21167.600000000002,53,47,Fair,Fair,Good,Fair,Fair,Fair,Good,Good,Good,Good,Good,Good,,,,,,,,,,,,0102,,,,11229.52
1552,Idaho Panhandle National Forests,170101040404,Twentymile Creek,Functioning Properly,16447.3,32,68,Fair,Fair,Good,Good,Fair,Fair,Good,Good,Good,Good,Fair,Fair,,,,,,,,,,,,0104,,,,5244.866
1639,Beaverhead-Deerlodge National Forest,170102010202,Blacktail Creek,Functioning at Risk,24509.600000000002,59,41,Fair,Fair,Good,Good,Fair,Poor,Good,Fair,Good,Fair,Good,Fair,,,,,,,,,,,,0102,,,,14434.882000000001
1798,Flathead National Forest,170102070202,Middle Fork Flathead River-Lake Creek,Functioning Properly,26637.600000000002,99,1,Fair,Good,Good,Good,Good,Good,Good,Good,Good,Fair,Good,----,,,,,,,,,,,,0110,,,,26490.412
1849,Lolo National Forest,170102040206,Rock Creek,Functioning Properly,8874.9,47,53,Good,Fair,Fair,Good,Fair,Fair,Good,Fair,Good,Good,Fair,----,,,,,,,,,,,,0116,,,,4169.337
1861,Idaho Panhandle National Forests,170103010402,Lost Creek,Functioning Properly,15511.0,100,0,Good,Fair,Fair,Good,Fair,Fair,Good,Good,Good,Good,Good,Good,,,,,,,,,,,,0104,,,,15511.025000000001
1893,Lolo National Forest,170102040804,Upper St. Regis River,Functioning at Risk,24290.9,95,6,Fair,Fair,Fair,Fair,Fair,Poor,Good,Fair,Good,Good,Fair,----,,,,,,,,,,,,0116,,,,22960.48
1895,Custer Gallatin National Forest,100700020903,Fourmile Creek,Functioning Properly,20118.0,100,0,Fair,Good,Poor,Good,Good,Fair,Good,Fair,Fair,Good,Good,Good,,,,,,,,,,,,0111,,,,20068.959
1946,Bitterroot National Forest,170102051504,Sweeney Creek,Functioning Properly,12174.4,92,8,Fair,Good,Good,Poor,Good,Good,Good,Fair,Good,Good,Poor,Fair,,,,,,,,,,,,0103,,,,11240.679
2066,Helena-Lewis And Clark National Forest,100301021302,Upper Highwood Creek,Functioning at Risk,18921.0,21,79,Poor,Fair,Good,Good,Good,Fair,Good,Fair,Good,Good,Good,Fair,,,,,,,,,,,,0115,,,,4051.0150000000003
2122,Idaho Panhandle National Forests,170103030301,Cedar Creek,Functioning at Risk,10126.7,89,11,Fair,Fair,Poor,Good,Poor,Fair,Good,Good,Good,Good,Good,Good,,,,,,,,,,,,0104,,,,9022.963
2208,Helena-Lewis And Clark National Forest,170102030704,Ward Creek,Functioning at Risk,8096.3,29,71,Fair,Fair,Good,Good,Good,Fair,Good,Poor,Good,Fair,Good,Fair,,,,,,,,,,,,0115,,,,2321.789
2244,Lolo National Forest,170102040702,Dry Creek,Functioning at Risk,28732.4,96,4,Fair,Fair,Fair,Fair,Fair,Poor,Good,Fair,Good,Good,Good,----,,,,,,,,,,,,0116,,,,27495.974000000002
2281,Lolo National Forest,170102040210,Clark Fork River-Roman Creek,Functioning at Risk,37353.0,31,69,Poor,Fair,Fair,Good,Fair,Fair,Good,Fair,Good,Good,Fair,Good,,,,,,,,,,,,0116,,,,11639.836
2378,Custer Gallatin National Forest,101303020601,Headwaters of Big Nasty Creek,Functioning Properly,13437.800000000001,7,93,Good,Good,Good,Good,Good,Good,Good,Fair,Good,Good,Good,Good,,,,,,,,,,,,0111,,,,962.951
2411,Nez Perce-Clearwater National Forest,170603050501,Whiskey Creek-South Fork Clearwater River,Functioning at Risk,14567.9,70,30,Good,Poor,Poor,Fair,Poor,Fair,Poor,Poor,Fair,Good,Good,----,,,,,,,,,,,,0117,,,,10215.642
2432,Helena-Lewis And Clark National Forest,100301010703,South Fork Crow Creek,Functioning at Risk,10475.6,98,2,Fair,Fair,Good,Good,Poor,Poor,Fair,Good,Good,Fair,Good,Fair,,,,,,,,,,,,0115,,,,10227.577
2457,Helena-Lewis And Clark National Forest,100401030701,Middle Fork Big Spring Creek,Functioning Properly,15776.1,6,94,Good,Good,Good,Good,Good,Good,Good,Fair,Good,Good,Fair,Fair,,,,,,,,,,,,0115,,,,927.428
2469,Nez Perce-Clearwater National Forest,170603010503,Lower Running Creek,Functioning Properly,17715.100000000002,100,0,Fair,Good,Good,Good,Good,Good,Good,Poor,Good,Good,Fair,Poor,,,,,,,,,,,,0117,,,,17700.215
2474,Idaho Panhandle National Forests,170103020303,Bear Creek-South Fork Coeur d'Alene River,Functioning at Risk,37697.3,21,79,Fair,Fair,Poor,Good,Fair,Fair,Good,Good,Fair,Good,Good,Good,,,,,,,,,,,,0104,,,,7856.529
2479,Idaho Panhandle National Forests,170103010104,Lower North Fork Coeur d'Alene River,Functioning Properly,14278.300000000001,99,1,Good,Fair,Fair,Good,Good,Good,Good,Good,Good,Good,Good,Good,,,,,,,,,,,,0104,,,,14160.689
2658,Nez Perce-Clearwater National Forest,170603010702,Ditch Creek,Functioning Properly,11571.9,100,0,Good,Good,Good,Good,Good,Good,Good,Poor,Good,Good,Good,Good,,,,,,,,,,,,0117,,,,11569.576000000001
2665,Custer Gallatin National Forest,100901020303,Home Creek,Functioning at Risk,37808.6,75,25,Fair,Fair,Good,Fair,Fair,Fair,Fair,Good,Poor,Good,Good,Good,,,,,,,,,,,,0111,,,,28217.634
2745,Custer Gallatin National Forest,100200080401,North Fork Spanish Creek,Functioning Properly,20788.4,46,54,Poor,Good,Good,Good,Good,Good,Good,Fair,Good,Good,Good,Good,,,,,,,,,,,,0111,,,,9543.664
2818,Custer Gallatin National Forest,100700010708,Buffalo Creek,Functioning Properly,38982.0,72,28,Poor,Good,Good,Good,Good,Good,Good,Good,Poor,Good,Good,Good,,,,,,,,,,,,0111,,,,28040.811
2844,Bitterroot National Forest,170102050101,Deer Creek,Functioning Properly,14527.6,100,0,Fair,Good,Good,Good,Good,Good,Good,Fair,Good,Fair,Poor,Fair,,,,,,,,,,,,0103,,,,14508.891
2859,Custer Gallatin National Forest,100700010706,Middle Slough Creek,Functioning Properly,36802.8,94,6,Fair,Good,Good,Good,Good,Good,Good,Good,Poor,Good,Good,Good,,,,,,,,,,,,0111,,,,34503.721
2928,Beaverhead-Deerlodge National Forest,170102020804,Middle Middle Fork Rock Creek,Functioning Properly,13982.2,98,2,Fair,Good,Good,Good,Good,Fair,Good,Fair,Fair,Fair,Good,Good,,,,,,,,,,,,0102,,,,13721.187
2987,Helena-Lewis And Clark National Forest,170102010502,Little Blackfoot River-Larabee Gulch,Functioning at Risk,18171.2,100,0,Fair,Fair,Poor,Good,Good,Fair,Fair,Poor,Good,Fair,Good,Fair,,,,,,,,,,,,0115,,,,18101.774
3017,Custer Gallatin National Forest,100700020203,Lower Big Creek,Functioning Properly,22648.600000000002,72,28,Fair,Good,Good,Good,Good,Fair,Good,Fair,Good,Good,Good,Good,,,,,,,,,,,,0111,,,,16296.893
3267,Nez Perce-Clearwater National Forest,170603070901,Upper Skull Creek,Functioning Properly,17942.2,100,0,Good,Good,Good,Good,Good,Good,Good,Fair,Good,Good,Good,----,,,,,,,,,,,,0117,,,,17941.765
3274,Dakota Prairie Grasslands,101102050204,Upper Bennett Creek,Functioning at Risk,38089.8,43,57,Fair,Fair,Good,Fair,Fair,Poor,Fair,Good,Good,Good,Good,Fair,,,,,,,,,,,,0118,,,,16469.408
3313,Helena-Lewis And Clark National Forest,100401030709,Cottonwood Creek,Functioning Properly,37254.6,44,56,Poor,Good,Good,Good,Good,Good,Good,Fair,Poor,Good,Fair,Good,,,,,,,,,,,,0115,,,,16266.915
3341,Custer Gallatin National Forest,100700021204,Rye Creek-Sweet Grass Creek,Functioning Properly,30179.4,8,92,Poor,Good,Fair,Good,Good,Good,Poor,Fair,Good,Good,Good,Good,,,,,,,,,,,,0111,,,,2486.038
3396,Nez Perce-Clearwater National Forest,170603010605,Middle Bear Creek,Functioning Properly,16446.4,100,0,Good,Good,Good,Good,Good,Good,Fair,Poor,Good,Good,Poor,Fair,,,,,,,,,,,,0117,,,,16446.375
3445,Custer Gallatin National Forest,100200080201,South Fork West Fork Gallatin River,Functioning Properly,29788.600000000002,36,64,Good,Good,Fair,Good,Good,Good,Good,Fair,Good,Good,Good,Good,,,,,,,,,,,,0111,,,,10798.175
3473,Nez Perce-Clearwater National Forest,170602090401,Race Creek,Functioning at Risk,18419.2,67,33,Good,Poor,Good,Good,Fair,Poor,Good,Fair,Good,Good,Good,Good,,,,,,,,,,,,0117,,,,12294.162
3481,Dakota Prairie Grasslands,101303030505,First Creek-Black Horse Butte Creek,Functioning Properly,16007.2,66,34,Fair,Good,Good,Good,Good,Poor,Good,Good,----,Good,Good,Good,,,,,,,,,,,,0118,,,,10622.908
3609,Bitterroot National Forest,170102050805,Rock Creek,Functioning Properly,36694.700000000004,96,4,Fair,Fair,Good,Fair,Good,Good,Good,Fair,Good,Good,Fair,Fair,,,,,,,,,,,,0103,,,,35297.347
3643,Helena-Lewis And Clark National Forest,170102010602,Snowshoe Creek,Functioning at Risk,11614.800000000001,31,69,Fair,Poor,Poor,Good,Poor,Poor,Good,Fair,Good,Fair,Fair,Fair,,,,,,,,,,,,0115,,,,3551.076
3790,Lolo National Forest,170102040507,Lower South Fork Fish Creek,Functioning at Risk,33160.9,49,51,Fair,Fair,Good,Good,Fair,Fair,Good,Fair,Good,Good,Fair,----,,,,,,,,,,,,0116,,,,16289.657
3874,Nez Perce-Clearwater National Forest,170601010103,Granite Creek,Functioning Properly,21418.3,100,0,Good,Good,Good,Good,Good,Good,Good,Fair,Good,Good,Good,Fair,,,,,,,,,,,,0117,,,,21418.306
3923,Helena-Lewis And Clark National Forest,100301030504,Cottonwood Creek,Impaired Function,25848.7,28,72,Poor,Poor,Poor,Fair,Poor,Poor,Fair,Fair,Good,Fair,Good,Fair,,,,,,,,,,,,0115,,,,7182.34
3990,Idaho Panhandle National Forests,170102150203,Blacktail Creek-Granite Creek,Functioning at Risk,22545.5,91,9,Fair,Fair,Fair,Good,Poor,Fair,Good,Good,Good,Good,Good,Good,,,,,,,,,,,,0104,,,,20503.698
4011,Custer Gallatin National Forest,100200080103,Snowslide Creek-Gallatin River,Functioning Properly,37224.8,44,56,Poor,Good,Good,Good,Good,Fair,Good,Fair,Good,Fair,Good,Good,,,,,,,,,,,,0111,,,,16500.556
4027,Flathead National Forest,170102090707,Hungry Horse Reservoir-Aurora Creek,Functioning at Risk,10346.4,98,2,Fair,Good,Fair,Poor,Poor,Good,Good,Good,Good,Good,Fair,----,,,,,,,,,,,,0110,,,,10132.572
4103,Custer Gallatin National Forest,100700020906,West Chippy Creek-Boulder River,Functioning Properly,20829.2,97,3,Fair,Good,Poor,Good,Good,Fair,Good,Good,Good,Good,Good,Good,,,,,,,,,,,,0111,,,,20187.417
4162,Lolo National Forest,170102130504,Boyer Creek,Functioning at Risk,7882.400000000001,18,82,Poor,Fair,Good,Good,Good,Good,Good,Good,Good,Good,Fair,Fair,,,,,,,,,,,,0116,,,,1433.7350000000001
4365,Nez Perce-Clearwater National Forest,170603050104,Lower Red River,Functioning at Risk,23932.100000000002,94,6,Good,Fair,Poor,Fair,Poor,Poor,Poor,Poor,Good,Fair,Good,----,,,,,,,,,,,,0117,,,,22579.686
4392,Nez Perce-Clearwater National Forest,170602090303,Upper Slate Creek,Functioning Properly,10659.7,100,0,Fair,Good,Good,Good,Good,Fair,Good,Fair,Fair,Good,Good,Good,,,,,,,,,,,,0117,,,,10659.743
4397,Nez Perce-Clearwater National Forest,170603070206,Lower Cayuse Creek,Functioning Properly,14199.7,100,0,Good,Good,Good,Good,Good,Fair,Good,Fair,Good,Good,Good,Good,,,,,,,,,,,,0117,,,,14199.713
4479,Beaverhead-Deerlodge National Forest,100200020201,Upper Rattlesnake Creek,Functioning at Risk,15931.800000000001,100,0,Fair,Fair,Poor,Fair,Good,Fair,Good,Good,Good,Good,Good,Fair,,,,,,,,,,,,0102,,,,15931.632000000001
4595,Custer Gallatin National Forest,100200071401,Upper Cherry Creek,Functioning Properly,13264.9,81,19,Good,Good,Good,Good,Good,Good,Good,Fair,Good,Good,Good,Good,,,,,,,,,,,,0111,,,,10790.423
4614,Nez Perce-Clearwater National Forest,170603020307,Lower Meadow Creek,Functioning Properly,31600.5,100,0,Good,Good,Good,Good,Good,Fair,Fair,Poor,Good,Good,Good,Good,,,,,,,,,,,,0117,,,,31600.466
4657,Beaverhead-Deerlodge National Forest,100200010803,Lower Big Sheep Creek,Functioning Properly,15125.300000000001,29,71,Poor,Good,Good,Fair,Fair,Fair,Good,Good,Good,Good,Good,Good,,,,,,,,,,,,0102,,,,4435.717000000001
4661,Beaverhead-Deerlodge National Forest,100200020303,East Fork Blacktail Deer Creek,Functioning Properly,39055.200000000004,40,60,Fair,Fair,Good,Good,Fair,Good,Good,Good,Good,Good,Good,Good,,,,,,,,,,,,0102,,,,15531.414
4737,Idaho Panhandle National Forests,170103020102,Canyon Creek-Upper South Fork Coeur d'Alene River,Impaired Function,21885.100000000002,23,77,Poor,Poor,Poor,Good,Poor,Poor,Poor,Good,Good,Good,Good,Good,,,,,,,,,,,,0104,,,,5076.885
4791,Custer Gallatin National Forest,100700021406,Upper Bridger Creek,Functioning Properly,17524.3,36,64,Poor,Good,Good,Good,Good,Good,Poor,Good,Poor,Good,Good,Good,,,,,,,,,,,,0111,,,,6283.085
4893,Flathead National Forest,170102090505,Middle Fork Flathead River-Harrison Creek,Functioning Properly,26868.0,100,0,Good,Good,Good,Good,Good,Good,Good,Good,Good,Good,Fair,----,,,,,,,,,,,,0110,,,,26868.036
4956,Lolo National Forest,170102040505,North Fork Fish Creek,Functioning Properly,27012.0,100,0,Good,Good,Good,Good,Good,Good,Good,Fair,Good,Good,Good,----,,,,,,,,,,,,0116,,,,27012.011
4968,Helena-Lewis And Clark National Forest,100301030103,Lake Sutherlin-North Fork Smith River,Functioning at Risk,22524.100000000002,7,94,Good,Fair,Good,Fair,Good,Fair,Fair,Fair,Good,Fair,Good,Fair,,,,,,,,,,,,0115,,,,1465.1470000000002
4976,Beaverhead-Deerlodge National Forest,100200040803,Toomey Creek-Big Hole River,Functioning at Risk,35319.3,46,54,Poor,Fair,Fair,Good,Good,Fair,Good,Fair,Good,Good,Good,Fair,,,,,,,,,,,,0102,,,,16092.595000000001
5080,Custer Gallatin National Forest,100200070203,Upper South Fork Madison River,Functioning Properly,31715.2,55,45,Fair,Good,Good,Good,Fair,Fair,Poor,Good,Good,Good,Good,Good,,,,,,,,,,,,0111,,,,17578.565000000002
5162,Lolo National Forest,170102030803,Dick Creek,Functioning Properly,20462.2,49,51,Good,Fair,Good,Good,Fair,Fair,Good,Fair,Good,Good,Fair,----,,,,,,,,,,,,0116,,,,10042.741
5298,Dakota Prairie Grasslands,101102050305,Dry Creek,Functioning Properly,16241.5,69,31,Fair,Good,Good,Fair,Fair,Fair,Fair,Good,Good,Good,Good,Poor,,,,,,,,,,,,0118,,,,11176.909
5326,Dakota Prairie Grasslands,101102030202,Cannonball Creek,Functioning at Risk,32521.0,14,86,Fair,Fair,Good,Fair,Good,Poor,Fair,Good,Good,Good,Good,Fair,,,,,,,,,,,,0118,,,,4433.868
5360,Beaverhead-Deerlodge National Forest,100200030307,Greenhorn Creek,Functioning Properly,14090.800000000001,72,29,Good,Fair,Good,Good,Fair,Good,Good,Good,Good,Good,Good,Good,,,,,,,,,,,,0102,,,,10074.453
5411,Nez Perce-Clearwater National Forest,170602090501,McKinzie Creek-Salmon River,Functioning at Risk,19754.5,24,76,Good,Poor,Good,Fair,Fair,Poor,Fair,Fair,Good,Good,Good,Poor,,,,,,,,,,,,0117,,,,4750.827
5415,Nez Perce-Clearwater National Forest,170603010604,Paradise Creek,Functioning Properly,21334.600000000002,100,0,Fair,Good,Good,Good,Good,Good,Good,Poor,Good,Good,Good,Good,,,,,,,,,,,,0117,,,,21332.568
5664,Helena-Lewis And Clark National Forest,170102030202,Blackfoot River-Anaconda Creek,Impaired Function,17163.0,79,21,Poor,Fair,Poor,Poor,Poor,Poor,Good,Fair,Good,Fair,Fair,Fair,,,,,,,,,,,,0115,,,,13487.556
5821,Lolo National Forest,170102040807,MIddle St. Regis River,Functioning at Risk,12823.6,60,40,Poor,Fair,Fair,Good,Poor,Good,Fair,Fair,Good,Good,Fair,----,,,,,,,,,,,,0116,,,,7712.529
6013,Idaho Panhandle National Forests,170102150602,Flat Creek-Lower West Branch Priest River,Functioning at Risk,24436.0,85,15,Poor,Fair,Poor,Good,Fair,Poor,Good,Good,Good,Good,Good,Good,,,,,,,,,,,,0104,,,,20807.688
6047,Idaho Panhandle National Forests,170102150105,Ruby Creek-Upper Priest River,Functioning Properly,33262.2,91,9,Good,Good,Fair,Good,Good,Good,Good,Fair,Good,Good,Good,----,,,,,,,,,,,,0104,,,,30119.585
6054,Custer Gallatin National Forest,101102011006,H S Creek,Functioning Properly,14229.300000000001,16,84,Good,Good,Good,Good,Good,Fair,Fair,Fair,Good,Good,Fair,Good,,,,,,,,,,,,0111,,,,2320.346
6104,Beaverhead-Deerlodge National Forest,100200011104,Black Canyon Creek,Functioning Properly,19373.8,37,64,Fair,Good,Good,Good,Fair,Good,Good,Good,Good,Good,Good,Good,,,,,,,,,,,,0102,,,,7071.519
6208,Nez Perce-Clearwater National Forest,170603071001,Quartz Creek,Functioning Properly,27930.3,100,0,Good,Fair,Fair,Good,Good,Fair,Good,Fair,Good,Good,Good,Good,,,,,,,,,,,,0117,,,,27930.265
6281,Dakota Prairie Grasslands,101102030902,Middle Andrews Creek,Functioning at Risk,17165.3,22,78,Fair,Good,Good,Fair,Fair,Poor,Fair,Good,Good,Good,Good,Fair,,,,,,,,,,,,0118,,,,3795.8340000000003
6314,Dakota Prairie Grasslands,101102050105,Lower Beicegel Creek,Functioning at Risk,38287.0,65,35,Fair,Poor,Poor,Fair,Poor,Poor,Poor,Good,Good,Good,Good,Poor,,,,,,,,,,,,0118,,,,24902.036
6339,Dakota Prairie Grasslands,101000042603,Antelope Creek,Functioning Properly,22528.100000000002,7,94,Fair,Good,Good,Good,Good,Fair,Fair,Good,Good,Good,Poor,Fair,,,,,,,,,,,,0118,,,,1462.556
6403,Beaverhead-Deerlodge National Forest,100200020503,Frying Pan Gulch,Functioning at Risk,23587.8,15,85,Poor,Fair,Good,Fair,Fair,Poor,Good,Good,Good,Good,Good,Fair,,,,,,,,,,,,0102,,,,3589.8720000000003
6706,Helena-Lewis And Clark National Forest,100401030103,Mud Creek,Functioning Properly,16879.8,11,89,Good,Fair,Good,Good,Good,Good,Good,Good,Good,Fair,Poor,Fair,,,,,,,,,,,,0115,,,,1908.613
6973,Idaho Panhandle National Forests,170101040501,Upper Smith Creek,Functioning Properly,21677.5,75,25,Good,Good,Fair,Good,Fair,Good,Good,Good,Good,Good,Fair,Good,,,,,,,,,,,,0104,,,,16209.014
7004,Helena-Lewis And Clark National Forest,100301030301,Upper Newlan Creek,Impaired Function,18941.8,84,16,Poor,Poor,Good,Poor,Poor,Poor,Fair,Fair,Good,Fair,Poor,Fair,,,,,,,,,,,,0115,,,,15862.153
7257,Helena-Lewis And Clark National Forest,100401020202,Lone Tree Creek,Functioning at Risk,25388.9,49,51,Poor,Fair,Good,Fair,Poor,Good,Good,Fair,Good,Fair,Poor,Fair,,,,,,,,,,,,0115,,,,12500.559000000001
7282,Helena-Lewis And Clark National Forest,170102030101,Upper Landers Fork,Functioning Properly,18683.2,100,0,Good,Good,Good,Good,Fair,Good,Good,Good,Good,Good,Good,Good,,,,,,,,,,,,0115,,,,18657.775
7510,Helena-Lewis And Clark National Forest,170102030306,Willow Creek,Functioning at Risk,12102.4,49,51,Fair,Fair,Fair,Good,Good,Poor,Fair,Poor,Good,Fair,Fair,Fair,,,,,,,,,,,,0115,,,,5880.367
7614,Lolo National Forest,170102051408,Lolo Creek-Grave Creek,Impaired Function,35732.200000000004,61,39,Poor,Fair,Fair,Good,Fair,Fair,Good,Good,Fair,Fair,Fair,----,,,,,,,,,,,,0116,,,,21719.844
7759,Lolo National Forest,170102130303,Middle Little Thompson River,Functioning at Risk,18107.600000000002,71,29,Fair,Poor,Good,Good,Good,Fair,Good,Good,Good,Good,Fair,Fair,,,,,,,,,,,,0116,,,,12880.434000000001
7836,Kootenai National Forest,170101040203,Lime Creek-Kootenai River,Functioning Properly,16352.300000000001,66,34,Good,Poor,Fair,Good,Good,Good,Good,Good,Fair,Good,Good,Good,,,,,,,,,,,,0114,,,,10722.938
7867,Helena-Lewis And Clark National Forest,100301011606,Soup Creek,Functioning at Risk,13279.1,88,12,Fair,Fair,Good,Poor,Fair,Poor,Good,Fair,Good,Good,Good,Fair,,,,,,,,,,,,0115,,,,11673.583
7896,Dakota Prairie Grasslands,101102050408,Rough Creek,Functioning Properly,27141.0,55,45,Fair,Good,Good,Good,Good,Poor,Fair,Good,Good,Good,Good,Poor,,,,,,,,,,,,0118,,,,15002.324
8129,Custer Gallatin National Forest,100700020404,Strawberry Creek-Yellowstone River,Functioning Properly,23989.0,19,81,Fair,Good,Good,Good,Good,Good,Good,Fair,Good,Good,Good,Good,,,,,,,,,,,,0111,,,,4487.072
8186,Dakota Prairie Grasslands,101102050401,Headwaters Cherry Creek,Functioning at Risk,36791.4,8,93,Fair,Fair,Good,Poor,Poor,Poor,Fair,Good,Good,Good,Good,Fair,,,,,,,,,,,,0118,,,,2741.306
8198,Custer Gallatin National Forest,100901020208,Elk Creek,Functioning at Risk,19754.100000000002,59,41,Fair,Fair,Good,Fair,Fair,Fair,Fair,Good,Fair,Good,Good,Good,,,,,,,,,,,,0111,,,,11702.502
8222,Helena-Lewis And Clark National Forest,100301030901,Two Creek-Smith River,Functioning at Risk,23276.7,17,83,Poor,Fair,Poor,Poor,Fair,Good,Fair,Fair,Good,Fair,Poor,----,,,,,,,,,,,,0115,,,,3947.157
8330,Beaverhead-Deerlodge National Forest,100200070904,Lower Bear Creek,Functioning Properly,17122.6,15,85,Poor,Good,Good,Good,Good,Good,Good,Good,Good,Good,Good,Good,,,,,,,,,,,,0102,,,,2519.905
8403,Flathead National Forest,170102060312,Spruce Creek-North Fork Flathead River,Functioning Properly,29497.7,8,92,Fair,Good,Good,Good,Good,Good,Good,Good,Good,Good,Good,----,,,,,,,,,,,,0110,,,,2462.87
8450,Bitterroot National Forest,170102050102,West Fork Bitterroot River-Beaver Creek,Functioning at Risk,36384.1,99,1,Fair,Fair,Fair,Good,Fair,Fair,Good,Fair,Good,Fair,Fair,Good,,,,,,,,,,,,0103,,,,36079.79
8518,Custer Gallatin National Forest,101303020408,Hay Creek-Bull Creek,Functioning Properly,12214.800000000001,8,93,Good,Good,Good,Good,Good,Good,Fair,Fair,Good,Good,Good,Good,,,,,,,,,,,,0111,,,,922.124
8588,Flathead National Forest,170102090606,Graves Creek,Functioning Properly,22478.3,100,0,Good,Good,Good,Good,Good,Good,Good,Good,Good,Fair,Poor,----,,,,,,,,,,,,0110,,,,22395.814
8613,Helena-Lewis And Clark National Forest,100301040401,Gibson Reservoir,Functioning at Risk,23705.7,99,1,Fair,Good,Good,Poor,Good,Good,Poor,Good,Poor,Fair,Poor,Fair,,,,,,,,,,,,0115,,,,23365.373
8783,Custer Gallatin National Forest,100200080506,Cascade Creek-Gallatin River,Functioning Properly,16874.9,99,1,Poor,Good,Good,Good,Good,Good,Good,Fair,Good,Good,Good,Good,,,,,,,,,,,,0111,,,,16683.025
8801,Custer Gallatin National Forest,100200080505,Hell Roaring Creek,Functioning Properly,19065.100000000002,99,1,Poor,Good,Good,Good,Good,Good,Good,Fair,Good,Good,Good,Good,,,,,,,,,,,,0111,,,,18873.534
8858,Lolo National Forest,170102030503,Canyon Creek,Functioning Properly,26785.0,100,0,Good,Good,Good,Good,Good,Good,Good,Fair,Good,Good,Good,----,,,,,,,,,,,,0116,,,,26784.174
8905,Dakota Prairie Grasslands,101000042602,Upper Charbonneau Creek,Functioning Properly,35829.0,6,94,Fair,Good,Fair,Good,Good,Poor,Fair,Good,Good,Good,Poor,Fair,,,,,,,,,,,,0118,,,,2261.8250000000003
8953,Flathead National Forest,170102090209,South Fork White River,Functioning Properly,10606.4,100,0,Good,Good,Good,Good,Good,Good,Good,Good,Good,Good,Good,----,,,,,,,,,,,,0110,,,,10604.74
9094,Custer Gallatin National Forest,101102020508,Lampkin Gulch-Boxelder Creek,Functioning Properly,15205.4,23,77,Good,Good,Good,Good,Good,Fair,Good,Fair,Good,Good,Good,Good,,,,,,,,,,,,0111,,,,3557.693
9188,Bitterroot National Forest,170603010405,Crooked Creek-Selway River,Functioning Properly,27262.4,100,0,Good,Fair,Good,Good,Good,Good,Good,Fair,Good,Good,Poor,Fair,,,,,,,,,,,,0103,,,,27251.649
9280,Custer Gallatin National Forest,100700020402,McDonald Creek,Functioning Properly,12704.1,54,46,Good,Good,Good,Good,Good,Good,Good,Fair,Good,Good,Good,Good,,,,,,,,,,,,0111,,,,6876.118
9451,Custer Gallatin National Forest,100700020902,Headwaters Boulder River,Functioning Properly,13666.9,99,1,Good,Good,Good,Good,Good,Good,Good,Fair,Good,Good,Good,Good,,,,,,,,,,,,0111,,,,13514.481
9479,Nez Perce-Clearwater National Forest,170603030105,Boulder Creek-Crooked Fork Creek,Functioning Properly,15994.9,98,3,Good,Good,Good,Good,Good,Fair,Good,Poor,Good,Good,Good,Good,,,,,,,,,,,,0117,,,,15591.027
9643,Dakota Prairie Grasslands,090201050704,City of Wyndmere,Functioning at Risk,25315.4,19,81,Fair,Good,Good,Poor,Poor,Poor,Good,Good,----,Good,Poor,Fair,,,,,,,,,,,,0118,,,,4756.777
9691,Helena-Lewis And Clark National Forest,100302050201,South Fork Willow Creek,Functioning Properly,16849.2,10,90,Poor,Fair,Good,Fair,Good,Good,Good,Good,Good,Good,Fair,Good,,,,,,,,,,,,0115,,,,1675.173
9736,Idaho Panhandle National Forests,170101040703,Ball Creek,Functioning Properly,17184.5,99,1,Fair,Good,Poor,Good,Good,Good,Good,Good,Good,Good,Fair,Good,,,,,,,,,,,,0104,,,,17067.097
9853,Helena-Lewis And Clark National Forest,170102030601,Meadow Creek,Functioning Properly,11881.0,100,0,Fair,Fair,Good,Good,Good,Fair,Good,Good,Good,Good,Good,Good,,,,,,,,,,,,0115,,,,11880.984
9976,Flathead National Forest,170102090103,Basin Creek,Functioning Properly,11722.300000000001,100,0,Good,Good,Good,Good,Good,Good,Good,Good,Good,Good,Good,----,,,,,,,,,,,,0110,,,,11722.208
10047,Custer Gallatin National Forest,100700010806,Crevice Creek-Yellowstone River,Functioning Properly,31355.600000000002,36,65,Poor,Good,Good,Good,Good,Good,Good,Fair,Good,Good,Good,Good,,,,,,,,,,,,0111,,,,11143.368
10056,Nez Perce-Clearwater National Forest,170603020204,Mink Creek,Functioning Properly,10241.5,100,0,Good,Good,Good,Good,Good,Good,Good,Poor,Fair,Good,Good,----,,,,,,,,,,,,0117,,,,10241.476
10075,Kootenai National Forest,170101010804,Sinclair Creek,Functioning Properly,8084.6,50,50,Fair,Fair,Good,Good,Good,Good,Good,Fair,Good,Good,Good,Good,,,,,,,,,,,,0114,,,,4056.6530000000002
10214,Custer Gallatin National Forest,100700060601,Dilworth Creek-Clarks Fork Yellowstone River,Functioning Properly,39543.0,7,93,Good,Good,Good,Good,Good,Good,Good,Poor,Fair,Good,Good,----,,,,,,,,,,,,0111,,,,2709.074
10343,Custer Gallatin National Forest,100700030307,Horse Creek,Functioning Properly,24857.600000000002,15,85,Fair,Good,Good,Good,Fair,Good,Fair,Fair,Good,Good,Good,Good,,,,,,,,,,,,0111,,,,3720.838
10493,Helena-Lewis And Clark National Forest,100301010603,Johnny Gulch,Functioning at Risk,21368.3,23,77,Fair,Poor,Good,Poor,Fair,Poor,Fair,Good,Good,Fair,Good,Fair,,,,,,,,,,,,0115,,,,4885.45
10625,Nez Perce-Clearwater National Forest,170603050702,Meadow Creek,Functioning Properly,24022.600000000002,99,1,Good,Good,Poor,Good,Fair,Fair,Fair,Fair,Good,Good,Good,Good,2014,"<Principal_Reason><Concerns><Concern><Value>Riparian Structure and Function</Value></Concern><Concern><Value>Species Habitat</Value></Concern><Concern><Value>Water Quality</Value></Concern></Concerns><Cost>$100,000 to $1 million</Cost></Principal_Reason>","Degraded meadow condition contribuing to high stream temps. Timber harvest, grazing and road building led to excessive sediment in Meadow Creek.  High road density.",<Known_Partners><Partner><Name>Nez Perce Tribe</Name><Type>Known</Type></Partner></Known_Partners>,2014-06-29,2018-09-30,5,223500,2015-09-01,,Y,0117,Meadow Creek WRAP,2014-06-29,Y,23837.112
10720,Custer Gallatin National Forest,100700061001,West Red Lodge Creek,Functioning Properly,30088.7,51,49,Poor,Fair,Good,Good,Fair,Good,Good,Fair,Good,Good,Good,Good,,,,,,,,,,,,0111,,,,15243.617
10721,Lolo National Forest,170102040701,Clark Fork River-Thompson Creek,Functioning at Risk,29439.7,69,32,Fair,Fair,Poor,Fair,Poor,Fair,Poor,Good,Good,Good,Fair,Good,,,,,,,,,,,,0116,,,,20174.53
10725,Helena-Lewis And Clark National Forest,100402011304,Upper Blake Creek,Functioning Properly,9290.7,48,52,Good,Good,Good,Good,Good,Fair,Good,Fair,Good,Good,Fair,Fair,,,,,,,,,,,,0115,,,,4441.667
10821,Lolo National Forest,170102031006,Morrell Creek,Functioning Properly,16447.1,97,3,Fair,Fair,Good,Good,Good,Good,Good,Good,Good,Good,Fair,----,,,,,,,,,,,,0116,,,,16019.107
10837,Flathead National Forest,170102090705,Dorie Creek,Functioning Properly,15336.2,100,0,Good,Good,Good,Good,Good,Good,Good,Good,Good,Good,Fair,----,,,,,,,,,,,,0110,,,,15336.220000000001
10851,Helena-Lewis And Clark National Forest,100301011804,Virginia Creek,Impaired Function,19415.7,69,31,Poor,Fair,Poor,Poor,Poor,Poor,Poor,Fair,Fair,Fair,Good,Fair,,,,,,,,,,,,0115,,,,13465.623
10874,Helena-Lewis And Clark National Forest,170102030403,Washington Creek,Impaired Function,8016.7,62,38,Poor,Fair,Poor,Poor,Poor,Poor,Fair,Poor,Good,Fair,Good,Fair,,,,,,,,,,,,0115,,,,4947.118
11117,Bitterroot National Forest,170102050807,Bitterroot River-Lick Creek,Functioning at Risk,34040.7,47,53,Poor,Poor,Good,Good,Fair,Good,Good,Fair,Good,Good,Fair,Fair,,,,,,,,,,,,0103,,,,16113.414
11179,Idaho Panhandle National Forests,170102150306,Kalispell Creek,Functioning at Risk,25117.0,96,4,Poor,Fair,Poor,Good,Fair,Good,Good,Good,Good,Good,Good,Good,,,,,,,,,,,,0104,,,,24103.263
11249,Custer Gallatin National Forest,100700020503,Dry Creek-Yellowstone River,Functioning Properly,17108.0,12,88,Good,Good,Good,Good,Good,Good,Fair,Fair,Good,Good,Good,Good,,,,,,,,,,,,0111,,,,1995.9920000000002
11260,Lolo National Forest,170102040604,Quartz Creek,Functioning at Risk,11529.800000000001,94,6,Poor,Fair,Good,Fair,Fair,Fair,Good,Fair,Good,Fair,Fair,----,,,,,,,,,,,,0116,,,,10820.781
11340,Nez Perce-Clearwater National Forest,170603080703,Middle Elk Creek,Functioning at Risk,14581.6,18,83,Poor,Fair,Poor,Poor,Fair,Fair,Fair,Good,Fair,Good,Good,Poor,,,,,,,,,,,,0117,,,,2556.612
11561,Custer Gallatin National Forest,100800140403,Inferno Canyon-Sage Creek,Functioning Properly,22211.3,26,74,Good,Good,Good,Good,Good,Good,Good,Fair,Good,Good,Good,Good,,,,,,,,,,,,0111,,,,5721.134
11620,Custer Gallatin National Forest,100700020305,Lower Mill Creek,Functioning Properly,22257.2,65,36,Good,Good,Good,Fair,Good,Fair,Poor,Fair,Fair,Good,Fair,Good,,,,,,,,,,,,0111,,,,14349.927
11849,Lolo National Forest,170102040611,Cedar Creek,Functioning at Risk,25109.4,96,4,Good,Fair,Fair,Fair,Poor,Poor,Fair,Fair,Good,Good,Fair,----,,,,,,,,,,,,0116,,,,24046.841
11854,Helena-Lewis And Clark National Forest,100402010106,Mud Creek,Functioning at Risk,15739.6,36,64,Poor,Fair,Good,Poor,Poor,Poor,Good,Fair,Good,Fair,Good,Fair,,,,,,,,,,,,0115,,,,5634.638
11868,Helena-Lewis And Clark National Forest,100401030504,Waite Creek,Functioning Properly,22764.3,15,85,Good,Fair,Good,Good,Good,Good,Good,Good,Good,Fair,Good,Fair,,,,,,,,,,,,0115,,,,3339.964
12013,Custer Gallatin National Forest,100700020601,South Fork Big Timber Creek,Functioning Properly,17844.5,35,65,Good,Good,Good,Good,Good,Good,Good,Fair,Good,Good,Good,Good,,,,,,,,,,,,0111,,,,6251.768
12084,Dakota Prairie Grasslands,101102040506,Bell Lake Creek,Functioning at Risk,11142.6,81,19,Fair,Poor,Fair,Fair,Fair,Poor,Poor,Good,Good,Good,Fair,Fair,,,,,,,,,,,,0118,,,,8989.798
12207,Lolo National Forest,170102031003,Deer Creek,Functioning at Risk,12652.5,18,83,Fair,Fair,Fair,Good,Fair,Poor,Good,Good,Good,Good,Good,----,,,,,,,,,,,,0116,,,,2209.717
12267,Lolo National Forest,170102040101,Upper Rattlesnake Creek,Functioning Properly,28697.3,100,0,Fair,Fair,Good,Fair,Good,Fair,Good,Good,Good,Good,Good,----,,,,,,,,,,,,0116,,,,28665.722
12386,Bitterroot National Forest,170102051506,Bitterroot River-Larry Creek,Functioning Properly,32353.7,18,82,Fair,Good,Good,Fair,Fair,Good,Good,Fair,Good,Good,Fair,Good,,,,,,,,,,,,0103,,,,5747.993
12394,Flathead National Forest,170102100304,Sq___ Meadows Creek,Functioning Properly,21316.0,93,7,Poor,Good,Fair,Good,Good,Good,Good,Good,Good,Good,Fair,----,,,,,,,,,,,,0110,,,,19839.216
12450,Kootenai National Forest,170101020103,Pleasant Valley Creek,Functioning Properly,27388.7,7,93,Fair,Good,Good,Good,Good,Poor,Good,Good,Good,Good,Fair,Fair,,,,,,,,,,,,0114,,,,1861.722
12456,Idaho Panhandle National Forests,170103050101,Hayden Creek,Functioning at Risk,18001.2,89,11,Fair,Poor,Poor,Good,Fair,Poor,Fair,Good,Good,Good,Good,Fair,,,,,,,,,,,,0104,,,,15991.84
12501,Idaho Panhandle National Forests,170103040503,Middle Marble Creek,Functioning Properly,20370.600000000002,74,26,Good,Fair,Good,Good,Fair,Poor,Good,Good,Good,Good,Good,Good,,,,,,,,,,,,0104,,,,15008.458999999999
12663,Idaho Panhandle National Forests,170103040901,Charlie Creek,Functioning at Risk,17477.8,81,19,Fair,Poor,Poor,Good,Fair,Fair,Fair,Good,Fair,Good,Good,Fair,,,,,,,,,,,,0104,,,,14173.271
12736,Beaverhead-Deerlodge National Forest,100200011404,Kelmbeck Creek-Red Rock River,Functioning Properly,38295.6,24,76,Poor,Good,Good,Fair,Good,Poor,Good,Good,Good,Good,Good,Good,,,,,,,,,,,,0102,,,,9045.97
12873,Beaverhead-Deerlodge National Forest,100200040102,Upper Governor Creek,Functioning at Risk,19226.7,60,40,Fair,Fair,Poor,Fair,Fair,Fair,Good,Good,Good,Good,Good,Fair,,,,,,,,,,,,0102,,,,11547.995
12927,Kootenai National Forest,170101010903,Phillips Creek,Functioning Properly,35411.1,16,84,Good,Good,Good,Good,Good,Good,Good,Fair,Good,Good,Good,Good,,,,,,,,,,,,0114,,,,5520.924
13018,Kootenai National Forest,170101011707,Brush Creek- Kootenai River,Functioning Properly,33939.7,52,48,Poor,Good,Fair,Good,Good,Good,Good,Fair,Good,Good,Good,Good,,,,,,,,,,,,0114,,,,17677.714
13075,Helena-Lewis And Clark National Forest,100301040504,Upper Elk Creek,Functioning Properly,27751.9,34,66,Poor,Good,Good,Fair,Good,Good,Fair,Poor,Good,Good,Good,Fair,,,,,,,,,,,,0115,,,,9519.050000000001
13088,Kootenai National Forest,170101020201,East Fisher Creek,Functioning Properly,22771.9,64,36,Good,Good,Good,Good,Good,Good,Good,Good,Good,Good,Good,Good,,,,,,,,,,,,0114,,,,14675.147
13095,Kootenai National Forest,170102130802,Middle Vermilion River,Functioning Properly,16635.1,92,8,Fair,Good,Good,Good,Good,Fair,Good,Fair,Good,Good,Good,Good,,,,,,,,,,,,0114,,,,15291.648000000001
13130,Helena-Lewis And Clark National Forest,100301050303,Logging Creek,Functioning Properly,27113.5,90,11,Poor,Good,Good,Good,Fair,Fair,Fair,Fair,Good,Good,Good,Good,,,,,,,,,,,,0115,,,,24269.94
13146,Kootenai National Forest,170101011605,Lower Lake Creek,Functioning at Risk,25739.2,46,54,Fair,Poor,Good,Fair,Good,Good,Good,Fair,Good,Good,Good,Good,,,,,,,,,,,,0114,,,,11731.298999999999
13151,Kootenai National Forest,170102131002,Lower Trout Creek,Functioning Properly,14097.0,76,24,Good,Fair,Good,Good,Good,Good,Good,Good,Good,Good,Good,Good,,,,,,,,,,,,0114,,,,10727.601
13172,Kootenai National Forest,170102131103,Middle Bull River,Functioning Properly,16946.5,99,1,Good,Good,Good,Good,Good,Good,Good,Fair,Good,Good,Good,Good,,,,,,,,,,,,0114,,,,16838.047
13173,Beaverhead-Deerlodge National Forest,170102020803,Carpp Creek,Functioning Properly,11354.800000000001,100,0,Poor,Good,Good,Good,Good,Good,Good,Fair,Good,Fair,Good,Good,,,,,,,,,,,,0102,,,,11313.618
13191,Dakota Prairie Grasslands,101303020707,Defanball Creek-South Fork Grand River,Functioning Properly,15652.300000000001,40,60,Fair,Good,Fair,Fair,Fair,Poor,Good,Good,----,Good,Good,Good,,,,,,,,,,,,0118,,,,6291.6140000000005
13193,Beaverhead-Deerlodge National Forest,170102010206,German Gulch,Functioning at Risk,26256.9,79,21,Fair,Fair,Poor,Fair,Fair,Fair,Good,Good,Good,Fair,Good,Good,,,,,,,,,,,,0102,,,,20776.954
13194,Beaverhead-Deerlodge National Forest,100200040703,Deep Creek,Functioning at Risk,36788.0,57,43,Fair,Fair,Poor,Good,Fair,Poor,Good,Good,Good,Good,Good,Fair,,,,,,,,,,,,0102,,,,20975.026
13214,Dakota Prairie Grasslands,101302020106,101302020106,Functioning at Risk,20812.4,6,94,Fair,Poor,Fair,Good,Good,Fair,Fair,Good,----,Good,Good,Fair,,,,,,,,,,,,0118,,,,1316.7160000000001
13225,Beaverhead-Deerlodge National Forest,170102020102,North Fork Flint Creek,Functioning Properly,9289.9,73,27,Fair,Good,Good,Good,Good,Fair,Good,Fair,Fair,Fair,Good,Good,,,,,,,,,,,,0102,,,,6793.466
13226,Kootenai National Forest,170102131102,Upper Bull River,Functioning Properly,33822.1,87,13,Good,Poor,Fair,Good,Good,Good,Good,Good,Good,Good,Good,Good,,,,,,,,,,,,0114,,,,29378.555
13227,Kootenai National Forest,170101020403,McKillop Creek,Functioning Properly,11186.1,37,63,Good,Good,Good,Good,Good,Fair,Good,Good,Good,Good,Good,Good,,,,,,,,,,,,0114,,,,4100.14
13249,Beaverhead-Deerlodge National Forest,170102010407,Clark Fork River-Sand Hollow,Functioning Properly,15242.6,5,95,Poor,Fair,Good,Good,Good,Poor,Good,Good,Fair,Good,Good,Fair,,,,,,,,,,,,0102,,,,762.5780000000001
13289,Kootenai National Forest,170101011704,Callahan Creek,Functioning Properly,16994.1,87,13,Good,Fair,Good,Good,Fair,Good,Good,Fair,Good,Good,Good,Good,,,,,,,,,,,,0114,,,,14718.894
13293,Kootenai National Forest,170101011705,Ruby Creek,Functioning Properly,10259.0,55,45,Fair,Good,Good,Good,Good,Good,Good,Fair,Good,Good,Good,Good,,,,,,,,,,,,0114,,,,5687.706
13356,Kootenai National Forest,170101010908,Poverty Creek-Lake Koocanusa,Functioning Properly,30735.2,72,28,Good,Good,Fair,Good,Good,Poor,Good,Good,Good,Good,Good,Good,,,,,,,,,,,,0114,,,,22228.184
13357,Beaverhead-Deerlodge National Forest,100200030305,Robb Creek,Functioning Properly,19405.0,16,84,Fair,Fair,Good,Good,Good,Good,Good,Good,Good,Good,Good,Good,,,,,,,,,,,,0102,,,,3186.195
13361,Beaverhead-Deerlodge National Forest,100200011001,Selway Creek,Functioning Properly,21102.3,99,1,Poor,Fair,Poor,Poor,Fair,Fair,Good,Good,Good,Good,Good,Fair,2014,"<Principal_Reason><Concerns><Concern><Value>Riparian Structure and Function</Value></Concern><Concern><Value>Invasive Species</Value></Concern></Concerns><Cost>$100,000 to $1 million</Cost></Principal_Reason>",Improve Selway Meadows.  Control invasive aquatic species.,"<Known_Partners><Partner><Name>Montana Department of Fish, Wildlife and Parks</Name><Type>Known</Type></Partner></Known_Partners>",2014-06-30,2019-09-30,8,550000,2020-09-30,,Y,0102,FY 2014 Watershed Restoration Action Plan,2014-06-30,,20940.711
13364,Custer Gallatin National Forest,100700050504,Trout Creek,Functioning at Risk,16873.3,35,65,Poor,Fair,Good,Good,Good,Good,Poor,Good,Good,Good,Good,Good,,,,,,,,,,,,0111,,,,5857.657
13373,Beaverhead-Deerlodge National Forest,100200060202,Lower Bison Creek,Functioning at Risk,27235.3,74,27,Poor,Good,Poor,Good,Poor,Fair,Good,Good,Good,Fair,Good,Good,,,,,,,,,,,,0102,,,,20022.722
13382,Beaverhead-Deerlodge National Forest,170102010704,Peterson Creek,Functioning Properly,19935.2,30,70,Fair,Fair,Fair,Good,Good,Fair,Good,Good,Fair,Good,Good,Fair,,,,,,,,,,,,0102,,,,5982.053
13420,Kootenai National Forest,170101010506,Bloom Creek,Functioning Properly,39350.9,6,94,Good,Good,Good,Good,Good,Good,Good,Good,Good,Good,Good,Good,,,,,,,,,,,,0114,,,,2225.732
13433,Beaverhead-Deerlodge National Forest,170102020505,Barnes Creek,Functioning at Risk,13664.800000000001,9,91,Poor,Fair,Poor,Good,Good,Fair,Good,Good,Good,Good,Fair,Fair,,,,,,,,,,,,0102,,,,1226.924
13445,Kootenai National Forest,170101010705,Deep Creek,Functioning Properly,12416.2,85,15,Good,Fair,Fair,Fair,Good,Fair,Good,Fair,Good,Good,Good,Good,,,,,,,,,,,,0114,,,,10585.098
13446,Beaverhead-Deerlodge National Forest,170102021202,Rock Creek-Sluice Gulch,Functioning Properly,22941.4,18,82,Fair,Good,Good,Good,Good,Fair,Good,Fair,Good,Good,Fair,Good,,,,,,,,,,,,0102,,,,4213.024
13452,Dakota Prairie Grasslands,101102030606,Bullion Creek,Functioning Properly,27005.9,32,68,Fair,Fair,Good,Good,Good,Poor,Good,Good,Good,Good,Good,Poor,,,,,,,,,,,,0118,,,,8721.282000000001
13456,Kootenai National Forest,170101011403,Lower Pipe Creek,Functioning Properly,19048.4,76,24,Fair,Fair,Good,Good,Good,Good,Good,Fair,Fair,Good,Good,Good,,,,,,,,,,,,0114,,,,14525.561000000002
13459,Beaverhead-Deerlodge National Forest,100200060203,Red Rock Creek,Functioning Properly,13322.2,94,6,Poor,Good,Good,Good,Poor,Fair,Good,Good,Good,Fair,Good,Good,,,,,,,,,,,,0102,,,,12468.004
13460,Bitterroot National Forest,170102050901,Daly Creek,Functioning at Risk,23948.8,100,0,Fair,Fair,Good,Good,Good,Fair,Good,Fair,Good,Fair,Fair,Fair,,,,,,,,,,,,0103,,,,23948.479
13462,Kootenai National Forest,170101011604,Keeler Creek,Functioning Properly,32888.3,97,3,Good,Good,Good,Good,Good,Good,Good,Fair,Good,Good,Good,Good,,,,,,,,,,,,0114,,,,31858.846
13475,Kootenai National Forest,170102100103,Stillwater River-Hellroaring Creek,Functioning Properly,22681.3,32,68,Good,Poor,Good,Good,Good,Poor,Good,Good,Good,Good,Good,Good,,,,,,,,,,,,0114,,,,7179.651000000001
13484,Beaverhead-Deerlodge National Forest,100200041202,Town of Melrose-Big Hole River,Functioning at Risk,21666.2,10,90,Poor,Fair,Good,Good,Good,Poor,Good,Good,Good,Good,Good,Fair,,,,,,,,,,,,0102,,,,2187.667
13526,Idaho Panhandle National Forests,170103040301,Gold Creek,Functioning Properly,17887.600000000002,100,0,Good,Good,Fair,Good,Fair,Fair,Good,Fair,Good,Good,Good,Good,,,,,,,,,,,,0104,,,,17887.293
13618,Idaho Panhandle National Forests,170603080202,Stoney Creek,Functioning Properly,24154.9,7,93,Fair,Good,Fair,Good,Good,Fair,Good,Good,Fair,Good,Good,Good,,,,,,,,,,,,0104,,,,1772.1940000000002
13622,Kootenai National Forest,170101030101,Basin Creek,Functioning Properly,18148.4,99,2,Good,Good,Good,Good,Good,Good,Good,Fair,Good,Good,Good,Good,,,,,,,,,,,,0114,,,,17867.168
13631,Idaho Panhandle National Forests,170103040607,Bond Creek,Functioning Properly,16180.800000000001,7,93,Good,Fair,Good,Good,Good,Fair,Good,Good,Good,Good,Good,Good,,,,,,,,,,,,0104,,,,1151.806
13697,Kootenai National Forest,170101010904,Dodge Creek,Functioning Properly,10766.0,95,5,Good,Poor,Good,Good,Good,Fair,Good,Fair,Fair,Good,Good,Good,,,,,,,,,,,,0114,,,,10203.855
13705,Beaverhead-Deerlodge National Forest,170102020401,Upper South Fork Lower Middle Creek,Functioning at Risk,15030.9,85,16,Fair,Fair,Poor,Good,Fair,Fair,Good,Fair,Good,Fair,Good,Good,,,,,,,,,,,,0102,,,,12703.554
13737,Idaho Panhandle National Forests,170101040101,Upper Boulder Creek,Functioning at Risk,22317.0,100,0,Fair,Fair,Poor,Fair,Fair,Fair,Good,Fair,Good,Fair,Fair,Good,,,,,,,,,,,,0104,,,,22317.029
13747,Dakota Prairie Grasslands,101000042001,South Fork Smith Creek,Functioning at Risk,14779.0,7,93,Fair,Fair,Fair,Fair,Fair,Poor,Fair,Good,Good,Good,Poor,Fair,,,,,,,,,,,,0118,,,,988.519
13846,Beaverhead-Deerlodge National Forest,100200011205,Schwartz Creek,Functioning Properly,11216.4,69,31,Poor,Good,Good,Good,Good,Fair,Good,Good,Good,Good,Good,Fair,,,,,,,,,,,,0102,,,,7773.358
13852,Kootenai National Forest,170101010803,Therriault Creek,Functioning at Risk,13520.2,52,48,Good,Poor,Fair,Good,Good,Fair,Good,Fair,Good,Good,Good,Good,,,,,,,,,,,,0114,,,,7026.592000000001
13884,Helena-Lewis And Clark National Forest,100302010104,Lower South Fork Two Medicine River,Functioning Properly,42992.3,43,57,Poor,Fair,Good,Good,Good,Good,Poor,Poor,Poor,Good,Poor,Fair,2011,<Principal_Reason><Concerns><Concern><Value>Riparian Structure and Function</Value></Concern><Concern><Value>Water Quality</Value></Concern><Concern><Value>Invasive Species</Value></Concern></Concerns><Opportunities><Opportunity><Value>Improve Condition</Value></Opportunity><Opportunity><Value>Potential Partnership</Value></Opportunity><Opportunity><Value>Socio-Economic Benefit</Value></Opportunity></Opportunities></Principal_Reason>,"The Lower South Fork Two Medicine River is a unique watershed located just south of Glacier National Park and west of the Black Feet Indian Reservation. The watershed is host to a high biological diversity of wildlife species including grizzly bear, timber wolf, Lynxs, wolverine, elk, mule deer, westslope cutthroat trout, harlequin ducks and pika.  In 2007, the Skyland wildfire burned over one-half of the watershed accelerated the spread of invasive weeds, degrading soil conditions and diminishing biodiversity of the watershed. The Rocky Mountain Travel Plan has been completed and the implementation of road decommissioning is a high forest priority. The L&C plans to continue the road work which will have the benefit of lowering the road densities which will eliminate chronic sediment supplies to streams, slowing the spread of noxious weeds and improve the overall watersheds hydrologic function. Grazing within the watershed has resulted in soil damage, streambank/riparian corridor degradation, degraded westslope cutthroat trout habitat, and the spread of invasive weeds. Native species i.e. cutthroat trout are threatened by rainbow trout hybridization and brook trout competition. Potential partnerships will include the Blackfeet Tribe, Glacier Conservation District, Montana Fish Wildlife and Parks, and Trout Unlimited.  ","<Known_Partners><Partner><Name>Montana Department of Fish, Wildlife and Parks</Name><Type>Known</Type></Partner></Known_Partners>",2013-10-31,2015-10-01,3,95000,2014-09-30,,Y,0115,Lower South Fork Two Medicine Watershed Restoration Action Plan,2013-10-31,Y,18418.769
13896,Kootenai National Forest,170101020104,Pleasant Valley Fisher River-Pearsons Reservoir,Functioning at Risk,27580.600000000002,8,92,Fair,Fair,Good,Fair,Good,Poor,Good,Good,Poor,Good,Good,Good,,,,,,,,,,,,0114,,,,2120.281
13901,Kootenai National Forest,170102131104,Lower Bull River,Functioning Properly,16344.5,91,10,Fair,Fair,Fair,Good,Good,Good,Good,Fair,Good,Good,Good,Good,,,,,,,,,,,,0114,,,,14785.889
13929,Idaho Panhandle National Forests,170102131204,Lower Lightning Creek,Functioning at Risk,20522.8,72,28,Fair,Fair,Poor,Good,Fair,Good,Good,Fair,Good,Good,Fair,Fair,2014,"<Principal_Reason><Concerns><Concern><Value>Other</Value></Concern><Concern><Value>Water Quality</Value></Concern><Concern><Value>Riparian Structure and Function</Value></Concern></Concerns><Cost>$100,000 to $1 million</Cost></Principal_Reason>","High road density, roads in floodplains, reduced aquatic and riparian habitat complexity, elevated stream temps. ",<Known_Partners><Partner><Name>Avista Corporation </Name><Type>Known</Type></Partner><Partner><Name>National Forest Foundation</Name><Type>Known</Type></Partner><Partner><Name>Friends of Scotchman Peaks Wilderness</Name><Type>Known</Type></Partner><Partner><Name>Trout Unlimited</Name><Type>Known</Type></Partner><Partner><Name>Idaho Department of Fish and Game</Name><Type>Known</Type></Partner></Known_Partners>,2013-12-17,2016-09-30,2,210000,2015-10-31,,Y,0104,Lower and Middle Lightning Creek WRAP,2013-12-17,Y,14790.492
14705,Lolo National Forest,170102051402,East Fork Lolo Creek,Functioning at Risk,20374.9,100,0,Fair,Poor,Fair,Good,Fair,Poor,Good,Fair,Fair,Good,Fair,----,2023,<Principal_Reason><Concerns><Concern><Value>Riparian Structure and Function</Value></Concern><Concern><Value>Species Habitat</Value></Concern><Concern><Value>Water Quality</Value></Concern></Concerns><Opportunities><Opportunity><Value>Larger-Scale Restoration</Value></Opportunity><Opportunity><Value>Leverage Forest Service Funds</Value></Opportunity><Opportunity><Value>Potential Partnership</Value></Opportunity></Opportunities></Principal_Reason>,This watershed has streams on the state TMDL list and is threatened bull trout habitat. Acquired industrial timber land and history of management have made it a high priority for watershed restoration work.,"<Known_Partners><Partner><Name>Montana Fish, Wildlife, and Parks</Name><Type>Known</Type></Partner><Partner><Name>Missoula County Resource Advisory Committee </Name><Type>Known</Type></Partner><Partner><Name>Montana Department of Environmental Quality </Name><Type>Known</Type></Partner><Partner><Name>Clark Fork Coalition</Name><Type>Known</Type></Partner></Known_Partners>",2023-03-16,,5,1100000,,,Y,0116,FY2023 Upper Lolo Watershed Restoration Action Plan,2023-03-16,,20322.879
14892,Helena-Lewis And Clark National Forest,100301011401,Upper Tenmile Creek,Impaired Function,26159.4,80,20,Poor,Poor,Poor,Poor,Poor,Poor,Poor,Poor,Good,Fair,Good,Fair,2011,<Principal_Reason><Resources><Resource><Value>Municipal Watershed</Value></Resource></Resources><Opportunities><Opportunity><Value>Larger-Scale Restoration</Value></Opportunity><Opportunity><Value>Potential Partnership</Value></Opportunity><Opportunity><Value>Improve Condition</Value></Opportunity></Opportunities></Principal_Reason>,Municipal watershed for City of Helena,<Known_Partners><Partner><Name>City of Helena</Name><Type>Known</Type></Partner><Partner><Name>Tri-County Fire</Name><Type>Known</Type></Partner><Partner><Name>Lake Helena Watershed Group</Name><Type>Known</Type></Partner><Partner><Name>US Environmental Protection Agency</Name><Type>Known</Type></Partner><Partner><Name>Lewis and Clark County</Name><Type>Known</Type></Partner></Known_Partners>,2011-10-28,2020-09-30,5,5415000,,,Y,0115,Upper Tenmile Creek Watershed Action Plan,2011-10-28,,21044.339
14919,Flathead National Forest,170102100301,Sq___ Meadows Creek,Functioning at Risk,9803.1,89,11,Poor,Fair,Fair,Good,Fair,Good,Good,Good,Good,Good,Fair,----,,,,,,,,,,,,0110,,,,8747.998
14989,Lolo National Forest,170102040401,Upper Petty Creek,Functioning at Risk,9861.1,90,10,Poor,Fair,Good,Good,Fair,Fair,Fair,Fair,Fair,Good,Fair,----,2023,<Principal_Reason><Concerns><Concern><Value>Riparian Structure and Function</Value></Concern><Concern><Value>Species Habitat</Value></Concern><Concern><Value>Water Quality</Value></Concern></Concerns><Opportunities><Opportunity><Value>Improve Condition</Value></Opportunity><Opportunity><Value>Potential Partnership</Value></Opportunity></Opportunities></Principal_Reason>,Impaired watershed conditions from degraded fish habitat and streams currently listed as not meeting water quality standards.,"<Known_Partners><Partner><Name>Montana Fish, Wildlife, and Parks</Name><Type>Known</Type></Partner><Partner><Name>Trout Unlimited</Name><Type>Known</Type></Partner><Partner><Name>Montana Department of Environmental Quality </Name><Type>Known</Type></Partner></Known_Partners>",2023-03-21,,2,925000,,,Y,0116,Upper Petty Creek WRAP,2023-03-21,,8858.177
196,Idaho Panhandle National Forests,170103010201,Upper Tepee Creek,Functioning at Risk,23003.3,100,1,Good,Fair,Poor,Good,Fair,Poor,Fair,Good,Good,Good,Good,Good,,,,,,,,,,,,0104,,,,22889.73
203,Idaho Panhandle National Forests,170103010302,Lower Shoshone Creek,Functioning at Risk,17593.600000000002,100,0,Good,Fair,Poor,Good,Poor,Poor,Fair,Good,Good,Good,Good,Good,,,,,,,,,,,,0104,,,,17593.557
245,Idaho Panhandle National Forests,170103040101,Sherlock Creek-St Joe River,Functioning Properly,24242.600000000002,100,0,Good,Fair,Poor,Good,Fair,Good,Good,Fair,Good,Fair,Good,Good,,,,,,,,,,,,0104,,,,24223.099000000002
246,Idaho Panhandle National Forests,170102131310,Clark Fork River-Clark Fork,Functioning at Risk,27244.600000000002,57,43,Fair,Fair,Poor,Fair,Fair,Fair,Good,Good,Good,Good,Good,Fair,,,,,,,,,,,,0104,,,,15612.539
255,Flathead National Forest,170102060507,Lower Coal Creek,Functioning Properly,17346.9,68,32,Fair,Good,Fair,Good,Good,Good,Good,Fair,Good,Good,Good,----,,,,,,,,,,,,0110,,,,11735.839
298,Idaho Panhandle National Forests,170102150103,Headwaters Hughes Fork,Functioning Properly,17303.3,100,0,Good,Fair,Fair,Good,Good,Fair,Good,Good,Good,Good,Good,Good,,,,,,,,,,,,0104,,,,17303.287
378,Custer Gallatin National Forest,100700020401,Elbow Creek,Functioning Properly,18833.0,52,48,Fair,Good,Good,Good,Good,Good,Good,Fair,Good,Good,Good,Good,,,,,,,,,,,,0111,,,,9711.622000000001
380,Custer Gallatin National Forest,100700060104,Crazy Creek,Functioning Properly,22389.8,98,2,Fair,Good,Fair,Good,Good,Good,Good,Good,Fair,Good,Good,Good,,,,,,,,,,,,0111,,,,21862.054
450,Custer Gallatin National Forest,100901021003,Fiftyfour Creek-Pumpkin Creek,Functioning Properly,38843.700000000004,10,90,Good,Good,Good,Fair,Good,Fair,Fair,Fair,Poor,Good,Good,Good,,,,,,,,,,,,0111,,,,3788.744
460,Idaho Panhandle National Forests,170102150303,Reede Creek,Functioning at Risk,8957.7,71,29,Poor,Fair,Poor,Good,Fair,Good,Good,Fair,Poor,Good,Good,Good,,,,,,,,,,,,0104,,,,6356.6810000000005
462,Idaho Panhandle National Forests,170101050502,Kreist Creek-Moyie River,Functioning at Risk,18365.100000000002,87,13,Fair,Fair,Good,Fair,Fair,Fair,Good,Fair,Good,Good,Good,Fair,,,,,,,,,,,,0104,,,,16047.769
488,Idaho Panhandle National Forests,170102150704,Quartz Creek-Priest River,Functioning at Risk,19353.5,38,62,Fair,Fair,Fair,Good,Good,Poor,Good,Good,Good,Good,Fair,Good,,,,,,,,,,,,0104,,,,7311.505
502,Flathead National Forest,170102110102,Headwaters Swan River,Functioning Properly,27101.3,91,10,Good,Fair,Good,Good,Good,Good,Good,Fair,Good,Good,Good,----,,,,,,,,,,,,0110,,,,24518.967
595,Idaho Panhandle National Forests,170103030302,Wolf Lodge Creek,Functioning at Risk,30005.9,79,21,Poor,Fair,Poor,Good,Fair,Good,Good,Good,Good,Good,Good,Fair,,,,,,,,,,,,0104,,,,23622.600000000002
596,Idaho Panhandle National Forests,170101040707,Mission Creek,Functioning at Risk,20020.0,48,52,Fair,Fair,Fair,Good,Fair,Fair,Fair,Good,Fair,Good,Poor,Good,,,,,,,,,,,,0104,,,,9643.345000000001
638,Nez Perce-Clearwater National Forest,170603020104,Middle East Fork Moose Creek,Functioning Properly,30768.7,100,0,Good,Good,Good,Good,Good,Good,Good,Poor,Good,Good,Good,Good,,,,,,,,,,,,0117,,,,30768.702
707,Lolo National Forest,170102130202,Meadow Creek,Functioning Properly,9611.9,11,89,Fair,Fair,Good,Good,Good,Good,Good,Good,Good,Good,Fair,----,,,,,,,,,,,,0116,,,,1019.7900000000001
797,Beaverhead-Deerlodge National Forest,100200040307,Little Lake Creek,Functioning at Risk,15673.0,76,24,Poor,Fair,Good,Good,Good,Fair,Good,Fair,Good,Fair,Good,Fair,,,,,,,,,,,,0102,,,,11863.324
1125,Lolo National Forest,170102130511,Eddy Creek,Functioning at Risk,8795.0,97,3,Fair,Fair,Good,Good,Good,Good,Fair,Fair,Good,Good,Good,Good,,,,,,,,,,,,0116,,,,8523.242
1269,Lolo National Forest,170102130513,Cherry Creek,Functioning at Risk,19412.600000000002,97,3,Fair,Fair,Good,Fair,Fair,Fair,Good,Fair,Fair,Good,Fair,Good,,,,,,,,,,,,0116,,,,18829.170000000002
1310,Flathead National Forest,170102070104,Cox Creek,Functioning Properly,12420.2,100,0,Good,Good,Good,Good,Good,Good,Good,Good,Good,Fair,Good,----,,,,,,,,,,,,0110,,,,12420.221
1348,Nez Perce-Clearwater National Forest,170603030403,Lower Warm Springs Creek,Functioning Properly,19443.7,100,0,Good,Good,Good,Good,Good,Good,Good,Poor,Good,Good,Good,Good,,,,,,,,,,,,0117,,,,19443.486
1393,Flathead National Forest,170102070305,Middle Fork Flathead River-Dickey Creek,Functioning Properly,19131.5,67,33,Fair,Good,Good,Good,Good,Good,Good,Good,Good,Good,Good,----,,,,,,,,,,,,0110,,,,12794.042
1485,Nez Perce-Clearwater National Forest,170603030706,Canyon Creek,Functioning at Risk,12581.6,100,0,Good,Fair,Fair,Good,Good,Poor,Fair,Fair,Good,Good,Good,Good,,,,,,,,,,,,0117,,,,12580.572
1519,Flathead National Forest,170102110203,Condon Creek,Functioning Properly,13315.300000000001,90,10,Fair,Fair,Good,Good,Good,Fair,Good,Fair,Fair,Good,Poor,----,,,,,,,,,,,,0110,,,,11934.865
1522,Beaverhead-Deerlodge National Forest,100200040904,Upper Wise River,Functioning at Risk,21699.600000000002,99,1,Poor,Fair,Poor,Good,Good,Good,Good,Good,Good,Good,Good,Fair,,,,,,,,,,,,0102,,,,21550.606
1567,Nez Perce-Clearwater National Forest,170603060204,Middle Lolo Creek,Functioning at Risk,29522.0,34,66,Good,Poor,Good,Good,Good,Poor,Fair,Fair,Fair,Good,Good,Good,,,,,,,,,,,,0117,,,,10026.057
1840,Custer Gallatin National Forest,100700030202,Upper Flathead Creek,Functioning at Risk,14649.7,23,77,Poor,Good,Good,Good,Fair,Fair,Poor,Fair,Poor,Good,Good,Good,,,,,,,,,,,,0111,,,,3401.545
1858,Idaho Panhandle National Forests,170102150601,Moores Creek,Functioning at Risk,12183.300000000001,85,15,Poor,Poor,Fair,Good,Fair,Poor,Good,Good,Good,Good,Good,Fair,,,,,,,,,,,,0104,,,,10333.059
1874,Nez Perce-Clearwater National Forest,170603030603,Lower Fish Creek,Functioning Properly,10376.300000000001,100,0,Good,Good,Good,Good,Good,Fair,Good,Poor,Good,Good,Good,Good,,,,,,,,,,,,0117,,,,10376.34
1881,Nez Perce-Clearwater National Forest,170603070101,Meadow Creek,Functioning Properly,16236.0,100,0,Fair,Good,Good,Good,Good,Fair,Good,Fair,Good,Good,Good,Good,,,,,,,,,,,,0117,,,,16235.957
1896,Flathead National Forest,170102110205,Swan River-Pony Creek,Functioning at Risk,28870.4,75,25,Fair,Poor,Good,Good,Good,Fair,Good,Good,Fair,Good,Poor,----,,,,,,,,,,,,0110,,,,21686.426
2123,Idaho Panhandle National Forests,170102140101,Headwaters Pack River,Functioning Properly,26533.7,98,2,Fair,Good,Poor,Good,Fair,Good,Good,Good,Good,Good,Good,Good,,,,,,,,,,,,0104,,,,25940.418
2182,Nez Perce-Clearwater National Forest,170603050201,Upper American River,Functioning at Risk,15266.1,93,7,Good,Good,Poor,Fair,Fair,Good,Poor,Poor,Good,Good,Good,----,,,,,,,,,,,,0117,,,,14259.079000000002
2238,Helena-Lewis And Clark National Forest,100301030203,Cottonwood Creek,Functioning Properly,6926.7,49,51,Good,Fair,Good,Fair,Good,Fair,Good,Good,Good,Fair,Fair,Fair,,,,,,,,,,,,0115,,,,3373.7630000000004
2409,Custer Gallatin National Forest,100800140405,Bear Creek,Functioning Properly,22124.2,54,46,Good,Good,Good,Good,Good,Good,Good,Fair,Good,Good,Good,Good,,,,,,,,,,,,0111,,,,11983.44
2443,Nez Perce-Clearwater National Forest,170601080107,Gold Creek,Functioning at Risk,18047.100000000002,23,77,Poor,Fair,Poor,Good,Fair,Poor,Poor,Good,Fair,Good,Good,Fair,,,,,,,,,,,,0117,,,,4162.892
2444,Nez Perce-Clearwater National Forest,170603020101,Headwaters East Fork Moose Creek,Functioning Properly,21616.9,100,0,Fair,Good,Good,Good,Good,Good,Fair,Fair,Good,Good,Good,----,,,,,,,,,,,,0117,,,,21612.672
2530,Helena-Lewis And Clark National Forest,100302010602,South Fork Birch Creek,Functioning Properly,16424.7,100,0,Poor,Good,Good,Good,Good,Good,Good,Good,Poor,Good,Fair,Good,,,,,,,,,,,,0115,,,,16424.682
2581,Dakota Prairie Grasslands,101101011006,Phelps Bay,Functioning at Risk,22031.100000000002,24,76,Fair,Fair,Fair,Poor,Fair,Fair,Fair,Good,----,Good,Good,Fair,,,,,,,,,,,,0118,,,,5235.857
2670,Custer Gallatin National Forest,100200080301,Buffalo Horn Creek,Functioning Properly,11656.300000000001,69,31,Poor,Good,Good,Good,Good,Good,Good,Fair,Good,Good,Good,Good,,,,,,,,,,,,0111,,,,8052.267000000001
2674,Lolo National Forest,170102040205,Clark Fork River-Rock Creek,Functioning Properly,19749.100000000002,9,91,Fair,Good,Fair,Good,Good,Fair,Good,Poor,Good,Good,Fair,----,,,,,,,,,,,,0116,,,,1860.94
2699,Custer Gallatin National Forest,100901020301,Tenmile Creek,Functioning Properly,27350.7,79,21,Good,Fair,Good,Fair,Fair,Fair,Fair,Fair,Fair,Good,Good,Good,,,,,,,,,,,,0111,,,,21636.389
2885,Beaverhead-Deerlodge National Forest,100200040608,Salefsky Creek-Big Hole River,Functioning at Risk,29376.5,28,72,Poor,Fair,Good,Fair,Fair,Fair,Good,Fair,Good,Good,Good,Fair,,,,,,,,,,,,0102,,,,8324.306
2898,Custer Gallatin National Forest,100700020407,Middle Trail Creek,Functioning Properly,16027.4,45,55,Fair,Good,Good,Good,Good,Good,Fair,Good,Good,Good,Good,Good,,,,,,,,,,,,0111,,,,7274.542
2908,Custer Gallatin National Forest,100200071402,Middle Cherry Creek,Functioning Properly,11179.9,7,93,Good,Good,Good,Good,Good,Good,Fair,Fair,Good,Good,Good,Good,,,,,,,,,,,,0111,,,,788.0260000000001
3071,Nez Perce-Clearwater National Forest,170602090602,North Fork White Bird Creek,Functioning at Risk,21084.4,67,33,Good,Fair,Good,Good,Fair,Poor,Poor,Fair,Good,Good,Good,Poor,,,,,,,,,,,,0117,,,,14072.575
3095,Helena-Lewis And Clark National Forest,100302050101,Upper North Fork Teton River,Functioning Properly,13322.4,100,0,Fair,Good,Good,Good,Good,Good,Poor,Fair,Poor,Good,Fair,----,,,,,,,,,,,,0115,,,,13322.279
3151,Lolo National Forest,170102130203,Chippy Creek,Functioning at Risk,11855.0,80,20,Fair,Fair,Good,Good,Good,Good,Fair,Fair,Good,Good,Fair,----,,,,,,,,,,,,0116,,,,9463.207
3321,Custer Gallatin National Forest,100700050102,Cokscrew Creek-Stillwater River,Functioning Properly,18570.9,100,0,Fair,Good,Good,Good,Good,Good,Good,Good,Good,Good,Good,----,,,,,,,,,,,,0111,,,,18570.936999999998
3376,Nez Perce-Clearwater National Forest,170602071104,Sheep Creek,Functioning Properly,35053.5,98,2,Good,Good,Fair,Fair,Good,Good,Poor,Fair,Good,Good,Good,Good,,,,,,,,,,,,0117,,,,34419.908
3439,Bitterroot National Forest,170102051507,Sin-tin-tin-em-ska Creek,Functioning Properly,18344.9,57,43,Fair,Good,Good,Fair,Good,Good,Good,Fair,Good,Good,Good,Good,,,,,,,,,,,,0103,,,,10397.473
3470,Nez Perce-Clearwater National Forest,170603010705,Dog Creek-Selway River,Functioning Properly,27119.0,99,1,Good,Good,Good,Good,Good,Good,Fair,Poor,Good,Good,Poor,Poor,,,,,,,,,,,,0117,,,,26938.252
3508,Custer Gallatin National Forest,101303020505,Fisher Creek,Functioning Properly,13257.2,25,75,Good,Fair,Good,Fair,Fair,Good,Good,Fair,Good,Good,Good,Good,,,,,,,,,,,,0111,,,,3333.751
3687,Idaho Panhandle National Forests,170101040301,Sand Creek-Kootenai River,Functioning at Risk,15943.4,45,55,Fair,Poor,Good,Fair,Fair,Good,Good,Good,Fair,Good,Fair,Good,,,,,,,,,,,,0104,,,,7231.531
3713,Dakota Prairie Grasslands,101000042402,Sheep Creek,Functioning at Risk,20974.0,74,26,Fair,Fair,Good,Fair,Fair,Poor,Fair,Good,Good,Good,Good,Fair,,,,,,,,,,,,0118,,,,15564.636
3719,Bitterroot National Forest,170102050202,Watchtower Creek,Functioning Properly,10837.9,100,0,Good,Good,Good,Good,Good,Good,Good,Fair,Good,Fair,Good,Good,,,,,,,,,,,,0103,,,,10837.855
3824,Flathead National Forest,170102100505,Swift Creek-Hemlock Creek,Functioning Properly,18256.600000000002,21,79,Poor,Good,Good,Good,Good,Good,Good,Good,Good,Fair,Good,----,,,,,,,,,,,,0110,,,,3816.5130000000004
3836,Flathead National Forest,170102070302,Middle Fork Flathead River-Essex Creek,Functioning Properly,20334.9,86,14,Fair,Good,Good,Good,Good,Good,Good,Fair,Good,Good,Good,----,,,,,,,,,,,,0110,,,,17514.335
3841,Custer Gallatin National Forest,100200080501,Portal Creek,Functioning Properly,12329.5,100,0,Poor,Good,Good,Good,Good,Fair,Good,Fair,Good,Good,Good,Good,,,,,,,,,,,,0111,,,,12329.472
3890,Lolo National Forest,170102040806,Deer Creek,Functioning at Risk,10699.5,95,5,Fair,Fair,Fair,Good,Fair,Fair,Good,Fair,Good,Good,Fair,----,,,,,,,,,,,,0116,,,,10163.755
3908,Helena-Lewis And Clark National Forest,100301011805,Upper Canyon Creek,Functioning Properly,15177.6,57,43,Fair,Fair,Good,Good,Good,Poor,Good,Fair,Good,Fair,Good,Fair,,,,,,,,,,,,0115,,,,8592.324
4031,Helena-Lewis And Clark National Forest,100301040208,Lower South Fork Sun River,Functioning Properly,22616.7,100,0,Fair,Good,Good,Good,Good,Good,Poor,Poor,Poor,Good,Poor,Good,,,,,,,,,,,,0115,,,,22615.846
4050,Custer Gallatin National Forest,100700020207,Fridley Creek,Functioning Properly,12844.6,52,48,Good,Good,Fair,Good,Good,Good,Poor,Good,Poor,Good,Good,Good,,,,,,,,,,,,0111,,,,6631.273
4255,Flathead National Forest,170102080108,Flathead River-Rose Creek,Functioning Properly,32988.3,21,79,Poor,Good,Good,Good,Good,Good,Good,Good,Good,Good,Good,----,,,,,,,,,,,,0110,,,,6836.659000000001
4389,Nez Perce-Clearwater National Forest,170602100403,West Fork Rapid River,Functioning Properly,22053.3,100,0,Good,Good,Good,Good,Good,Good,Fair,Fair,Good,Good,Good,Good,,,,,,,,,,,,0117,,,,22053.252
4394,Nez Perce-Clearwater National Forest,170603030503,Weir Creek-Lochsa River,Functioning Properly,33268.4,100,0,Good,Good,Fair,Good,Good,Fair,Good,Poor,Good,Good,Good,Fair,,,,,,,,,,,,0117,,,,33268.382
4485,Helena-Lewis And Clark National Forest,100402010205,Muddy Creek,Functioning at Risk,18889.5,22,78,Fair,Poor,Good,Fair,Good,Poor,Good,Good,Good,Fair,Fair,Fair,,,,,,,,,,,,0115,,,,4138.829000000001
4592,Nez Perce-Clearwater National Forest,170603020102,Upper East Fork Moose Creek,Functioning Properly,22458.7,100,0,Fair,Good,Good,Good,Good,Good,Good,Poor,Good,Good,Good,----,,,,,,,,,,,,0117,,,,22455.793
4685,Custer Gallatin National Forest,100700020409,Suce Creek-Yellowstone River,Functioning Properly,21729.5,20,81,Fair,Good,Good,Good,Good,Good,Good,Fair,Good,Good,Good,Good,,,,,,,,,,,,0111,,,,4231.124
4735,Idaho Panhandle National Forests,170102131201,Upper Lightning Creek,Functioning Properly,13537.0,100,0,Fair,Good,Poor,Good,Fair,Fair,Good,Fair,Good,Good,Good,Good,,,,,,,,,,,,0104,,,,13536.551
4773,Dakota Prairie Grasslands,101000042405,One-O-One Creek,Functioning at Risk,15722.2,54,47,Fair,Fair,Good,Fair,Fair,Poor,Fair,Good,Good,Good,Good,Fair,,,,,,,,,,,,0118,,,,8417.718
4779,Dakota Prairie Grasslands,101102030304,Williams Creek,Functioning at Risk,18861.5,27,73,Fair,Fair,Good,Poor,Poor,Fair,Good,Good,Good,Good,Good,Fair,,,,,,,,,,,,0118,,,,5018.523
4847,Dakota Prairie Grasslands,101102030406,Stewart Lake,Functioning at Risk,18796.600000000002,8,92,Fair,Fair,Good,Poor,Poor,Poor,Good,Good,Good,Good,Good,Fair,,,,,,,,,,,,0118,,,,1429.741
4983,Beaverhead-Deerlodge National Forest,100200010303,Upper Junction Creek,Functioning Properly,19164.100000000002,79,22,Fair,Fair,Good,Good,Good,Fair,Good,Good,Good,Good,Good,Good,,,,,,,,,,,,0102,,,,15042.063
5063,Nez Perce-Clearwater National Forest,170603030502,Lake Creek,Functioning Properly,33282.6,100,0,Good,Good,Good,Good,Good,Good,Fair,Poor,Good,Good,Good,----,,,,,,,,,,,,0117,,,,33282.572
5067,Helena-Lewis And Clark National Forest,100301040109,Moose Creek,Functioning Properly,21447.8,100,0,Fair,Good,Good,Good,Good,Good,Good,Fair,Good,Good,Good,----,,,,,,,,,,,,0115,,,,21447.802
5094,Beaverhead-Deerlodge National Forest,100200040304,Englejard Creek,Functioning at Risk,18782.9,79,22,Poor,Fair,Good,Good,Good,Fair,Good,Fair,Good,Fair,Good,Fair,,,,,,,,,,,,0102,,,,14749.589
5171,Custer Gallatin National Forest,100200080802,Lower Bridger Creek,Functioning Properly,13553.4,16,84,Good,Good,Good,Good,Good,Good,Good,Fair,Good,Good,Good,Good,,,,,,,,,,,,0111,,,,2150.838
5274,Helena-Lewis And Clark National Forest,170102030401,Nevada Creek Headwaters,Functioning at Risk,25266.0,71,29,Fair,Fair,Poor,Poor,Fair,Poor,Fair,Poor,Good,Fair,Fair,Fair,,,,,,,,,,,,0115,,,,17839.953
5284,Beaverhead-Deerlodge National Forest,100200071204,Cedar Creek,Functioning Properly,13114.0,60,40,Poor,Good,Good,Good,Good,Good,Good,Good,Good,Fair,Good,Good,,,,,,,,,,,,0102,,,,7828.303000000001
5348,Helena-Lewis And Clark National Forest,100301011204,Magpie Creek,Functioning at Risk,16740.6,94,6,Fair,Fair,Poor,Good,Poor,Poor,Fair,Good,Good,Good,Poor,Poor,,,,,,,,,,,,0115,,,,15666.677
5412,Beaverhead-Deerlodge National Forest,100200040903,Lacy Creek,Functioning Properly,11531.6,100,0,Fair,Fair,Good,Good,Good,Fair,Good,Fair,Good,Good,Good,Fair,,,,,,,,,,,,0102,,,,11531.575
5420,Dakota Prairie Grasslands,090201050902,090201050902,Functioning at Risk,26135.3,7,93,Fair,Good,Good,Poor,Poor,Fair,Good,Good,----,Good,Poor,Fair,,,,,,,,,,,,0118,,,,1873.709
5435,Bitterroot National Forest,170102051201,Big Creek,Functioning Properly,22502.0,97,3,Poor,Good,Good,Fair,Good,Good,Good,Fair,Good,Good,Fair,Good,,,,,,,,,,,,0103,,,,21744.363
5489,Dakota Prairie Grasslands,101102031102,Wannagan Creek,Functioning at Risk,30476.2,50,50,Fair,Fair,Good,Fair,Fair,Poor,Fair,Good,Good,Good,Poor,Poor,,,,,,,,,,,,0118,,,,15259.858
5502,Beaverhead-Deerlodge National Forest,100200060503,McCarty Creek-Boulder River,Functioning at Risk,28566.2,29,71,Poor,Fair,Poor,Good,Fair,Poor,Good,Good,Good,Fair,Good,Fair,,,,,,,,,,,,0102,,,,8363.511
5534,Custer Gallatin National Forest,100700030201,Carrol Creek,Functioning at Risk,19183.600000000002,26,74,Poor,Good,Good,Good,Fair,Fair,Fair,Fair,Fair,Good,Good,Good,,,,,,,,,,,,0111,,,,5035.211
5562,Kootenai National Forest,170101011505,Cedar Creek-Kootenai River,Functioning Properly,32586.100000000002,77,23,Poor,Good,Fair,Good,Good,Good,Good,Fair,Good,Good,Good,Good,,,,,,,,,,,,0114,,,,25165.399
5575,Lolo National Forest,170102030908,Shanley Creek,Functioning at Risk,8895.1,69,31,Fair,Fair,Good,Good,Fair,Fair,Good,Fair,Good,Fair,Fair,----,,,,,,,,,,,,0116,,,,6164.0560000000005
5608,Custer Gallatin National Forest,100700020505,Little Mission Creek,Functioning Properly,10080.1,27,73,Fair,Good,Good,Good,Good,Fair,Good,Fair,Good,Good,Good,Good,,,,,,,,,,,,0111,,,,2728.38
5615,Flathead National Forest,170102090204,South Fork River-Burnt Creek,Functioning Properly,23931.5,100,0,Good,Good,Good,Good,Good,Good,Good,Good,Good,Fair,Good,----,,,,,,,,,,,,0110,,,,23931.505
5633,Custer Gallatin National Forest,101303020501,Sand Creek-South Fork Grand River,Functioning Properly,11013.300000000001,13,87,Good,Good,Good,Fair,Good,Good,Good,Fair,Good,Good,Good,Good,,,,,,,,,,,,0111,,,,1403.3310000000001
5747,Helena-Lewis And Clark National Forest,100301030603,Buffalo Canyon,Functioning at Risk,15886.2,19,81,Fair,Fair,Good,Good,Fair,Poor,Fair,Fair,Good,Fair,Good,Fair,,,,,,,,,,,,0115,,,,2991.927
5788,Lolo National Forest,170102130605,Clear Creek,Functioning at Risk,18561.3,91,9,Fair,Fair,Poor,Good,Fair,Fair,Fair,Good,Good,Good,Fair,----,,,,,,,,,,,,0116,,,,16841.018
5929,Lolo National Forest,170102030703,Rock Creek,Functioning Properly,25419.3,53,48,Good,Fair,Fair,Good,Fair,Fair,Good,Fair,Good,Good,Fair,----,,,,,,,,,,,,0116,,,,13337.512
6002,Custer Gallatin National Forest,100200081202,Pass Creek,Functioning Properly,13172.7,46,54,Poor,Good,Good,Good,Poor,Fair,Good,Fair,Good,Good,Good,Good,2012,<Principal_Reason><Concerns><Concern><Value>Invasive Species</Value></Concern><Concern><Value>Species Habitat</Value></Concern><Concern><Value>Water Quality</Value></Concern></Concerns><Opportunities><Opportunity><Value>Improve Condition</Value></Opportunity><Opportunity><Value>Maintain Condition</Value></Opportunity></Opportunities></Principal_Reason>,Excessive roads and road conditions resulted in sediment issues prior to rehabilitation work.  Exotic fish species invasives. ,,2012-02-22,2012-10-30,1,46000,2012-06-01,,Y,0111,"FY2012 Watershed Transition Restoration Action Plan, Pass Creek, Gallatin NF ",2012-02-22,Y,6021.581
6004,Beaverhead-Deerlodge National Forest,100200060303,High Ore Creek-Boulder River,Functioning at Risk,17871.600000000002,38,62,Fair,Fair,Poor,Good,Fair,Poor,Good,Good,Good,Fair,Good,Good,,,,,,,,,,,,0102,,,,6762.234
6018,Idaho Panhandle National Forests,170101050203,American Creek,Functioning Properly,11949.800000000001,70,30,Good,Good,Good,Good,Good,Good,Good,Fair,Good,Good,Fair,Good,,,,,,,,,,,,0104,,,,8364.062
6050,Custer Gallatin National Forest,100700050405,Butcher Creek,Functioning Properly,25747.3,8,92,Poor,Good,Good,Good,Fair,Good,Good,Good,Good,Good,Good,Good,,,,,,,,,,,,0111,,,,2084.21
6087,Nez Perce-Clearwater National Forest,170601080101,Headwaters Palouse River,Impaired Function,20544.0,58,42,Poor,Poor,Poor,Good,Poor,Poor,Poor,Good,Fair,Good,Fair,Poor,,,,,,,,,,,,0117,,,,11906.925
6134,Idaho Panhandle National Forests,170103030406,Coeur d'Alene Lake,Functioning at Risk,128933.2,12,88,Poor,Good,Poor,Fair,Fair,Good,Good,Good,Good,Good,Good,Good,,,,,,,,,,,,0104,,,,15498.932
6215,Helena-Lewis And Clark National Forest,100301040207,Lower West Fork South Fork Sun River,Functioning Properly,15704.800000000001,100,0,Fair,Good,Good,Good,Good,Good,Poor,Poor,Poor,Fair,Good,----,,,,,,,,,,,,0115,,,,15704.804
6258,Beaverhead-Deerlodge National Forest,100200020101,Headwaters Grasshopper Creek,Functioning at Risk,12044.4,97,3,Poor,Fair,Fair,Good,Good,Fair,Good,Good,Good,Good,Good,Good,,,,,,,,,,,,0102,,,,11702.895
6273,Lolo National Forest,170102040404,West Fork of Petty Creek,Functioning at Risk,9384.5,51,49,Fair,Fair,Poor,Good,Fair,Good,Good,Fair,Fair,Good,Fair,----,,,,,,,,,,,,0116,,,,4784.237
6315,Lolo National Forest,170102021403,Schwartz Creek,Impaired Function,16087.9,98,2,Poor,Fair,Good,Good,Fair,Fair,Fair,Fair,Fair,Good,Fair,----,,,,,,,,,,,,0116,,,,15734.291000000001
6342,Dakota Prairie Grasslands,101302040103,101302040103-Cannonball River,Functioning at Risk,22179.2,6,94,Fair,Poor,Poor,Fair,Good,Good,Good,Good,Good,Good,Good,Fair,,,,,,,,,,,,0118,,,,1360.154
6345,Lolo National Forest,170102040207,Albert Creek,Functioning Properly,9129.9,64,36,Fair,Fair,Good,Good,Fair,Fair,Good,Fair,Good,Good,Good,----,,,,,,,,,,,,0116,,,,5882.611
6456,Helena-Lewis And Clark National Forest,100301050301,Tillinghast Creek,Functioning at Risk,22208.4,72,28,Poor,Poor,Good,Good,Good,Fair,Good,Poor,Good,Fair,Fair,Fair,,,,,,,,,,,,0115,,,,15941.304
6592,Idaho Panhandle National Forests,170103040201,Loop Creek,Functioning at Risk,25446.5,100,0,Poor,Good,Fair,Good,Fair,Fair,Fair,Good,Good,Good,Good,Good,,,,,,,,,,,,0104,,,,25355.902000000002
6664,Beaverhead-Deerlodge National Forest,100200010702,Lower Muddy Creek,Functioning at Risk,19406.7,41,59,Fair,Fair,Good,Fair,Fair,Poor,Good,Good,Good,Good,Good,Good,,,,,,,,,,,,0102,,,,8024.062000000001
6747,Dakota Prairie Grasslands,101000042601,West Branch Charbonneau Creek,Functioning Properly,24485.2,38,63,Fair,Good,Good,Good,Good,Poor,Fair,Good,Good,Good,Good,Fair,,,,,,,,,,,,0118,,,,9176.478000000001
6775,Flathead National Forest,170102080201,Ashley Lake,Functioning Properly,21423.0,21,79,Poor,Good,Good,Good,Good,Good,Good,Good,Good,Good,Fair,----,,,,,,,,,,,,0110,,,,4494.783
6786,Nez Perce-Clearwater National Forest,170602090403,Cow Creek-Salmon River,Functioning at Risk,19366.7,46,55,Good,Poor,Good,Fair,Fair,Poor,Fair,Fair,Good,Good,Fair,Poor,,,,,,,,,,,,0117,,,,8818.844000000001
6808,Flathead National Forest,170102090107,Lower Danaher Creek,Functioning Properly,25100.2,100,0,Good,Good,Good,Good,Good,Good,Good,Fair,Good,Good,Good,----,,,,,,,,,,,,0110,,,,25100.186
6810,Custer Gallatin National Forest,100200081203,Lower Dry Creek,Functioning Properly,19608.4,16,84,Good,Good,Good,Good,Good,Good,Good,Fair,Good,Good,Good,Good,,,,,,,,,,,,0111,,,,3220.802
6875,Bitterroot National Forest,170603010403,Magruder Creek-Selway River,Functioning Properly,22805.9,100,0,Good,Fair,Good,Good,Good,Good,Good,Good,Good,Fair,Fair,Fair,,,,,,,,,,,,0103,,,,22805.89
6899,Custer Gallatin National Forest,100200081101,Ross Creek,Functioning Properly,21581.7,34,66,Poor,Good,Good,Fair,Good,Good,Good,Fair,Good,Good,Good,Good,,,,,,,,,,,,0111,,,,7398.948
7125,Helena-Lewis And Clark National Forest,100301040205,Ahorn Creek,Functioning Properly,14891.4,100,0,Fair,Good,Good,Good,Good,Good,Poor,Poor,Poor,Fair,Good,----,,,,,,,,,,,,0115,,,,14891.381000000001
7285,Bitterroot National Forest,170102050303,Piquette Creek,Functioning Properly,20572.2,99,1,Fair,Fair,Good,Good,Fair,Fair,Good,Fair,Good,Good,Poor,Fair,,,,,,,,,,,,0103,,,,20437.966
7433,Lolo National Forest,170102031202,Lower Placid Creek,Impaired Function,21644.2,38,63,Poor,Fair,Good,Good,Fair,Fair,Fair,Fair,Fair,Good,Fair,----,,,,,,,,,,,,0116,,,,8115.895
7519,Helena-Lewis And Clark National Forest,100401030505,Upper Antelope Creek,Functioning Properly,20478.2,59,41,Good,Good,Good,Good,Good,Good,Good,Fair,Good,Fair,Good,Good,,,,,,,,,,,,0115,,,,12090.236
7538,Dakota Prairie Grasslands,101102030301,Horse Creek,Functioning Properly,12921.7,46,54,Fair,Good,Good,Fair,Good,Fair,Fair,Good,Good,Good,Good,Fair,,,,,,,,,,,,0118,,,,5984.5380000000005
7583,Dakota Prairie Grasslands,101101011802,Little Antelope Creek,Functioning at Risk,12290.300000000001,9,91,Fair,Good,Good,Good,Good,Poor,Poor,Good,----,Good,Good,Fair,,,,,,,,,,,,0118,,,,1143.133
7617,Nez Perce-Clearwater National Forest,170603080705,Lower Elk Creek,Functioning at Risk,19511.600000000002,14,86,Poor,Fair,Fair,Good,Fair,Fair,Fair,Good,Good,Good,Good,Fair,,,,,,,,,,,,0117,,,,2817.984
7625,Flathead National Forest,170102120101,Little Bitterroot Lake,Functioning Properly,21976.0,11,89,Poor,Good,Good,Good,Good,Good,Good,Good,Good,Good,Fair,----,,,,,,,,,,,,0110,,,,2347.321
7660,Flathead National Forest,170102100502,Swift Creek Headwaters,Functioning Properly,11085.800000000001,44,56,Good,Good,Good,Good,Good,Good,Good,Good,Good,Good,Good,----,,,,,,,,,,,,0110,,,,4917.444
7712,Flathead National Forest,170102090406,Lower Spotted Bear River,Functioning Properly,39569.200000000004,100,0,Good,Good,Good,Good,Good,Good,Good,Fair,Good,Fair,Fair,----,,,,,,,,,,,,0110,,,,39569.213
7719,Idaho Panhandle National Forests,170103010102,Middle North Fork Coeur d'Alene River,Functioning Properly,16623.7,100,0,Good,Fair,Fair,Good,Good,Good,Good,Good,Good,Good,Good,Good,,,,,,,,,,,,0104,,,,16623.704
7723,Idaho Panhandle National Forests,170102140305,Johnson Creek-Pend Oreille River,Functioning at Risk,19170.5,6,94,Fair,Fair,Poor,Fair,Fair,Good,Good,Fair,Good,Good,Fair,Fair,,,,,,,,,,,,0104,,,,1213.0330000000001
7824,Custer Gallatin National Forest,100700060607,Grove Creek,Functioning Properly,16700.4,18,82,Good,Good,Good,Good,Good,Good,Good,Fair,Good,Good,Good,----,,,,,,,,,,,,0111,,,,3080.058
7950,Lolo National Forest,170102021405,Clark Fork River-Donovan Creek,Functioning at Risk,29663.3,32,68,Fair,Fair,Good,Fair,Fair,Fair,Poor,Fair,Poor,Good,Poor,----,,,,,,,,,,,,0116,,,,9599.005000000001
8328,Flathead National Forest,170102070207,Middle Fork Flathead River-Dirtyface Creek,Functioning Properly,23232.8,100,0,Fair,Good,Good,Good,Good,Good,Good,Good,Good,Good,Good,----,,,,,,,,,,,,0110,,,,23231.75
8431,Custer Gallatin National Forest,100901021002,Doonan Gulch-Pumpkin Creek,Functioning Properly,35690.5,15,85,Good,Good,Good,Good,Fair,Fair,Good,Fair,Fair,Good,Good,Good,,,,,,,,,,,,0111,,,,5365.426
8509,Bitterroot National Forest,170102051102,Fred Burr Creek,Functioning Properly,15380.1,75,25,Fair,Good,Good,Poor,Good,Fair,Good,Good,Good,Good,Fair,Good,,,,,,,,,,,,0103,,,,11532.162
8629,Flathead National Forest,170102090402,Spotted Bear River Headwaters,Functioning Properly,23105.3,100,0,Good,Good,Good,Good,Good,Good,Good,Good,Good,Good,Good,----,,,,,,,,,,,,0110,,,,23105.293
8748,Dakota Prairie Grasslands,101102030102,Bacon Creek,Functioning at Risk,23152.9,16,84,Fair,Poor,Fair,Fair,Good,Good,Fair,Good,Good,Good,Good,Fair,,,,,,,,,,,,0118,,,,3757.7810000000004
8772,Kootenai National Forest,170101010806,Tobacco River,Functioning at Risk,40035.8,31,69,Poor,Poor,Good,Fair,Good,Poor,Good,Good,Good,Good,Good,Good,,,,,,,,,,,,0114,,,,12500.239
8874,Helena-Lewis And Clark National Forest,100301011304,Clancy Creek,Impaired Function,21003.100000000002,35,66,Poor,Poor,Poor,Poor,Poor,Poor,Poor,Fair,Good,Fair,Good,Fair,,,,,,,,,,,,0115,,,,7238.51
8875,Helena-Lewis And Clark National Forest,170102030602,Mineral Creek,Functioning Properly,9494.7,100,0,Fair,Fair,Good,Good,Fair,Fair,Good,Good,Good,Good,Good,Good,,,,,,,,,,,,0115,,,,9494.637
8926,Bitterroot National Forest,170102050302,Boulder Creek,Functioning Properly,13562.0,99,1,Good,Good,Good,Good,Good,Good,Good,Fair,Good,Good,Fair,Good,,,,,,,,,,,,0103,,,,13377.949
8987,Dakota Prairie Grasslands,101102031302,Railroad Creek-Little Missouri River,Functioning Properly,12541.9,32,68,Fair,Good,Fair,Good,Good,Poor,Fair,Good,Good,Good,Good,Poor,,,,,,,,,,,,0118,,,,4033.521
9120,Helena-Lewis And Clark National Forest,100302010105,Little Badger Creek,Functioning at Risk,24034.3,26,74,Poor,Good,Good,Poor,Good,Good,Fair,Poor,Poor,Good,Poor,Fair,,,,,,,,,,,,0115,,,,6164.005
9190,Helena-Lewis And Clark National Forest,100301020101,Headwaters Dearborn River,Functioning Properly,24061.9,100,0,Poor,Good,Good,Good,Good,Good,Poor,Poor,Good,Good,Fair,Good,,,,,,,,,,,,0115,,,,24061.503
9283,Helena-Lewis And Clark National Forest,170102010603,Little Blackfoot River-Elliston Creek,Functioning at Risk,20198.4,24,76,Poor,Poor,Poor,Fair,Fair,Poor,Good,Poor,Good,Fair,Fair,Fair,,,,,,,,,,,,0115,,,,4804.786
9374,Idaho Panhandle National Forests,170102150104,Boulder Creek-Hughes Fork,Functioning Properly,7456.7,100,0,Fair,Fair,Fair,Good,Good,Good,Good,Good,Good,Good,Good,Good,,,,,,,,,,,,0104,,,,7456.688
9472,Flathead National Forest,170102100201,Alder Creek,Functioning Properly,5701.0,99,2,Poor,Good,Good,Good,Good,Good,Good,Good,Good,Good,Fair,----,,,,,,,,,,,,0110,,,,5615.154
9486,Nez Perce-Clearwater National Forest,170603070402,Upper Kelly Creek,Functioning Properly,30640.3,100,0,Good,Good,Good,Good,Good,Good,Good,Fair,Good,Good,Good,Good,,,,,,,,,,,,0117,,,,30640.283
9601,Dakota Prairie Grasslands,101102030806,Merrifield Creek-Little Missouri River,Functioning Properly,20793.4,44,56,Fair,Good,Good,Good,Good,Fair,Fair,Good,Good,Good,Good,Poor,,,,,,,,,,,,0118,,,,9143.261
9606,Dakota Prairie Grasslands,101303030504,Lower Darling Creek,Functioning at Risk,14535.0,45,55,Fair,Poor,Fair,Good,Good,Fair,Good,Good,----,Good,Good,Good,,,,,,,,,,,,0118,,,,6514.901000000001
9735,Idaho Panhandle National Forests,170101040710,Long Canyon Creek,Functioning Properly,19295.8,99,1,Fair,Good,Fair,Good,Good,Good,Good,Good,Good,Good,Good,Good,,,,,,,,,,,,0104,,,,19098.219
9738,Idaho Panhandle National Forests,170102140104,Grouse Creek,Functioning at Risk,36645.0,73,27,Fair,Fair,Poor,Good,Fair,Fair,Good,Fair,Good,Good,Fair,Good,,,,,,,,,,,,0104,,,,26629.981
9796,Dakota Prairie Grasslands,101102031301,Sully Creek,Functioning at Risk,19260.3,51,49,Fair,Poor,Fair,Fair,Fair,Fair,Poor,Good,Good,Good,Good,Poor,,,,,,,,,,,,0118,,,,9867.808
9801,Idaho Panhandle National Forests,170103040802,Olson Creek-St Maries River,Functioning at Risk,26597.100000000002,12,88,Fair,Poor,Fair,Good,Fair,Poor,Fair,Good,Fair,Good,Good,Good,,,,,,,,,,,,0104,,,,3305.726
9913,Lolo National Forest,170102130601,Cooper Gulch,Functioning at Risk,10144.300000000001,100,0,Good,Fair,Good,Good,Fair,Poor,Good,Fair,Good,Fair,Fair,----,,,,,,,,,,,,0116,,,,10144.275
9919,Beaverhead-Deerlodge National Forest,100200010103,Teepee Creek,Functioning Properly,15952.0,11,89,Poor,Fair,Good,Good,Good,Good,Good,Good,Good,Good,Good,Good,,,,,,,,,,,,0102,,,,1791.4820000000002
10053,Nez Perce-Clearwater National Forest,170603020111,Outlet Moose Creek,Functioning Properly,11516.5,100,0,Good,Good,Good,Good,Good,Good,Fair,Poor,Good,Good,Poor,Poor,,,,,,,,,,,,0117,,,,11516.462
10079,Bitterroot National Forest,170102050506,East Fork Bitterroot River-Laird Creek,Functioning at Risk,34194.8,72,28,Poor,Poor,Fair,Good,Fair,Fair,Fair,Fair,Poor,Good,Fair,Fair,,,,,,,,,,,,0103,,,,24470.888
10188,Bitterroot National Forest,170102050504,Cameron Creek,Functioning at Risk,31428.7,41,59,Poor,Fair,Good,Fair,Poor,Fair,Good,Fair,Good,Good,Poor,Fair,,,,,,,,,,,,0103,,,,12928.659
10315,Flathead National Forest,170102090504,Middle Fork Flathead River-Lower Bunker Creek,Functioning Properly,20275.600000000002,100,0,Good,Good,Good,Good,Good,Good,Good,Good,Good,Good,Good,----,,,,,,,,,,,,0110,,,,20275.576
10352,Lolo National Forest,170102040802,Packer Creek,Functioning at Risk,11653.7,89,11,Fair,Fair,Good,Good,Fair,Fair,Fair,Fair,Good,Fair,Fair,----,,,,,,,,,,,,0116,,,,10361.442
10359,Beaverhead-Deerlodge National Forest,100200010301,Big Beaver Creek,Functioning Properly,24380.0,47,54,Fair,Fair,Good,Good,Fair,Fair,Good,Fair,Good,Good,Good,Good,,,,,,,,,,,,0102,,,,11343.229
10639,Lolo National Forest,170102030702,North Fork Blackfoot River-Jakey Creek,Functioning Properly,10443.9,95,5,Fair,Fair,Fair,Good,Fair,Good,Good,Fair,Good,Good,Good,----,,,,,,,,,,,,0116,,,,9939.880000000001
10672,Helena-Lewis And Clark National Forest,100301040302,Little Willow Creek-Willow Creek,Functioning at Risk,24044.7,37,63,Poor,Fair,Good,Fair,Fair,Good,Fair,Poor,Good,Fair,Poor,Fair,,,,,,,,,,,,0115,,,,8859.665
10726,Helena-Lewis And Clark National Forest,100301030802,Middle Tenderfoot Creek,Functioning Properly,24307.8,82,18,Poor,Good,Good,Good,Good,Fair,Good,Fair,Good,Fair,Good,Good,,,,,,,,,,,,0115,,,,19990.703999999998
10909,Custer Gallatin National Forest,100700020301,Passage Creek,Functioning Properly,13585.6,100,0,Good,Good,Fair,Good,Good,Fair,Poor,Good,Poor,Good,Good,Good,,,,,,,,,,,,0111,,,,13533.465
10920,Nez Perce-Clearwater National Forest,170603020106,West Moose Creek,Functioning Properly,19119.9,100,0,Good,Good,Good,Good,Good,Good,Good,Poor,Fair,Good,Good,----,,,,,,,,,,,,0117,,,,19119.305
10921,Nez Perce-Clearwater National Forest,170603060901,Corral Creek,Functioning at Risk,14351.4,51,49,Fair,Poor,Poor,Good,Fair,Fair,Good,Good,Fair,Good,Good,Good,,,,,,,,,,,,0117,,,,7361.062
10922,Nez Perce-Clearwater National Forest,170603020108,Rhoda Creek,Functioning Properly,36404.700000000004,100,0,Good,Good,Good,Good,Good,Good,Good,Poor,Good,Good,Good,----,,,,,,,,,,,,0117,,,,36404.674
10947,Bitterroot National Forest,170102050104,Overwhich Creek,Functioning Properly,32159.4,99,1,Fair,Fair,Fair,Good,Good,Good,Good,Fair,Good,Good,Fair,Good,,,,,,,,,,,,0103,,,,31901.674
11008,Helena-Lewis And Clark National Forest,100301040108,Biggs Creek,Functioning Properly,12127.7,100,0,Fair,Good,Good,Good,Good,Good,Fair,Fair,Good,Good,Fair,Good,,,,,,,,,,,,0115,,,,12127.737000000001
11025,Lolo National Forest,170102020613,Clark Fork River-Little Bear Creek,Functioning Properly,14114.5,7,93,Good,Fair,Good,Fair,Fair,Good,Good,Fair,Good,Good,Fair,Good,,,,,,,,,,,,0116,,,,973.6990000000001
11065,Custer Gallatin National Forest,101303050601,Headwaters of Antelope Creek,Functioning Properly,19957.600000000002,32,69,Good,Fair,Good,Fair,Fair,Fair,Good,Fair,Good,Good,Good,Good,,,,,,,,,,,,0111,,,,6285.7480000000005
11073,Nez Perce-Clearwater National Forest,170603020405,Goddard Creek-Selway River,Functioning Properly,22723.7,95,5,Good,Fair,Good,Good,Good,Fair,Good,Fair,Good,Good,Good,Fair,,,,,,,,,,,,0117,,,,21498.283
11079,Nez Perce-Clearwater National Forest,170603070203,Monroe Creek,Functioning Properly,13255.800000000001,100,0,Good,Good,Good,Good,Good,Good,Good,Poor,Good,Good,Good,----,,,,,,,,,,,,0117,,,,13255.837
11147,Custer Gallatin National Forest,101303020304,Middle Jones Creek,Functioning Properly,13720.300000000001,16,84,Good,Fair,Good,Good,Good,Good,Good,Fair,Poor,Good,Good,Good,,,,,,,,,,,,0111,,,,2208.056
11152,Bitterroot National Forest,170102051003,Bitterroot River-Canyon Creek,Functioning at Risk,9969.0,46,54,Fair,Fair,Good,Poor,Good,Fair,Good,Fair,Good,Good,Fair,Fair,,,,,,,,,,,,0103,,,,4593.212
11264,Custer Gallatin National Forest,100902070206,Bloom Creek,Functioning at Risk,30311.2,81,19,Fair,Fair,Good,Fair,Fair,Good,Fair,Fair,Fair,Good,Fair,Good,,,,,,,,,,,,0111,,,,24509.022
11306,Nez Perce-Clearwater National Forest,170603070601,French Creek,Functioning at Risk,16887.6,88,12,Good,Fair,Poor,Good,Fair,Poor,Poor,Fair,Good,Good,Good,Poor,,,,,,,,,,,,0117,,,,14910.901
11338,Helena-Lewis And Clark National Forest,100301011103,Cottonwood Gulch,Impaired Function,38126.200000000004,49,51,Poor,Fair,Poor,Poor,Fair,Poor,Poor,Fair,Good,Fair,Good,Fair,,,,,,,,,,,,0115,,,,18810.658000000003
11430,Custer Gallatin National Forest,101303020205,Slim Buttes Creek,Functioning Properly,18337.2,11,89,Good,Good,Good,Good,Good,Good,Good,Fair,Good,Good,Good,Good,,,,,,,,,,,,0111,,,,2086.768
11441,Nez Perce-Clearwater National Forest,170602070602,Middle Bargamin Creek,Functioning Properly,22615.9,100,0,Good,Good,Good,Good,Good,Good,Good,Fair,Good,Good,Good,----,,,,,,,,,,,,0117,,,,22615.908
11480,Beaverhead-Deerlodge National Forest,100200010502,Lower Nicholia Creek,Functioning Properly,25780.2,46,54,Fair,Fair,Good,Fair,Fair,Fair,Good,Good,Good,Good,Good,Good,,,,,,,,,,,,0102,,,,11752.01
11481,Kootenai National Forest,170101011202,Bristow Creek,Functioning Properly,14972.2,99,1,Good,Good,Good,Good,Good,Fair,Good,Fair,Good,Good,Good,Good,,,,,,,,,,,,0114,,,,14825.297
11507,Nez Perce-Clearwater National Forest,170603050603,Lower Johns Creek,Functioning Properly,26123.7,97,3,Good,Good,Fair,Good,Good,Good,Good,Fair,Good,Good,Good,Good,,,,,,,,,,,,0117,,,,25364.587
11509,Lolo National Forest,170102051409,Lower Lolo Creek,Impaired Function,31812.5,40,60,Fair,Fair,Good,Good,Fair,Fair,Good,Fair,Good,Good,Fair,----,,,,,,,,,,,,0116,,,,12583.847
11577,Helena-Lewis And Clark National Forest,100301030406,Lower Sheep Creek,Functioning at Risk,15045.4,10,90,Poor,Fair,Poor,Fair,Good,Fair,Good,Fair,Good,Fair,Good,Fair,,,,,,,,,,,,0115,,,,1562.642
11641,Helena-Lewis And Clark National Forest,100301010702,Upper Crow Creek,Functioning at Risk,16031.4,99,1,Poor,Fair,Poor,Good,Fair,Fair,Fair,Good,Good,Fair,Good,Fair,,,,,,,,,,,,0115,,,,15898.982
11649,Nez Perce-Clearwater National Forest,170603070902,Collins Creek,Functioning Properly,22734.2,100,0,Fair,Good,Good,Good,Good,Good,Good,Fair,Good,Good,Good,Good,,,,,,,,,,,,0117,,,,22734.161
11650,Lolo National Forest,170102040508,Lower Fish Creek,Functioning at Risk,14368.9,25,75,Fair,Fair,Good,Good,Poor,Good,Good,Good,Good,Good,Fair,----,,,,,,,,,,,,0116,,,,3550.0240000000003
12029,Helena-Lewis And Clark National Forest,100301010901,Dry Creek,Functioning at Risk,25580.4,27,73,Fair,Fair,Good,Good,Fair,Poor,Fair,Fair,Good,Fair,Good,Fair,,,,,,,,,,,,0115,,,,6847.745
12036,Lolo National Forest,170102051601,Miller Creek,Impaired Function,30649.600000000002,44,56,Poor,Fair,Good,Good,Fair,Fair,Fair,Fair,Fair,Good,Fair,----,,,,,,,,,,,,0116,,,,13461.985
12038,Custer Gallatin National Forest,100700010805,Lower Hellroaring Creek,Functioning Properly,23017.100000000002,49,51,Poor,Good,Good,Good,Good,Good,Good,Good,Fair,Good,Good,Good,,,,,,,,,,,,0111,,,,11361.928
12100,Lolo National Forest,170102040810,Twomile Creek,Functioning at Risk,11038.0,99,1,Fair,Fair,Good,Good,Fair,Fair,Good,Fair,Good,Good,Fair,----,,,,,,,,,,,,0116,,,,10955.906
12114,Beaverhead-Deerlodge National Forest,100200010208,Wolverine Creek,Functioning Properly,25269.2,15,85,Poor,Good,Poor,Good,Good,Good,Good,Good,Good,Good,Good,Good,,,,,,,,,,,,0102,,,,3695.2780000000002
12176,Dakota Prairie Grasslands,101102050104,Upper Beicegel Creek,Functioning at Risk,38272.1,44,56,Fair,Poor,Fair,Fair,Good,Poor,Fair,Good,Good,Good,Good,Poor,,,,,,,,,,,,0118,,,,16724.126
12177,Dakota Prairie Grasslands,101102031001,Upper Knutson Creek,Functioning at Risk,22344.8,15,85,Fair,Fair,Good,Fair,Fair,Poor,Fair,Good,Good,Good,Good,Fair,,,,,,,,,,,,0118,,,,3366.963
12201,Kootenai National Forest,170101020106,Elk Creek,Functioning Properly,9289.0,23,77,Good,Good,Good,Good,Good,Fair,Good,Good,Good,Good,Good,Good,,,,,,,,,,,,0114,,,,2098.116
12202,Dakota Prairie Grasslands,101102030405,Lower West Fork Deep Creek,Functioning at Risk,19030.9,8,92,Fair,Good,Fair,Fair,Fair,Poor,Fair,Good,Good,Good,Good,Fair,,,,,,,,,,,,0118,,,,1495.8410000000001
12210,Lolo National Forest,170102031001,Upper Clearwater River,Functioning Properly,22470.100000000002,91,9,Fair,Fair,Good,Good,Fair,Poor,Good,Good,Good,Good,Good,----,,,,,,,,,,,,0116,,,,20491.122
12219,Beaverhead-Deerlodge National Forest,100200060504,Dry Creek,Functioning at Risk,20152.2,32,68,Poor,Fair,Good,Good,Poor,Poor,Good,Good,Good,Fair,Good,Good,,,,,,,,,,,,0102,,,,6373.718000000001
12739,Beaverhead-Deerlodge National Forest,100200040906,Middle Pettengill Creek,Functioning at Risk,15739.9,99,1,Fair,Fair,Poor,Good,Good,Fair,Good,Fair,Good,Good,Good,Fair,,,,,,,,,,,,0102,,,,15581.494999999999
12826,Kootenai National Forest,170102130102,Thompson Lakes,Functioning at Risk,40170.700000000004,6,94,Poor,Poor,Good,Good,Good,Fair,Good,Good,Fair,Good,Good,Good,,,,,,,,,,,,0114,,,,2535.1110000000003
12991,Beaverhead-Deerlodge National Forest,100200040202,Old Tim Creek,Functioning Properly,14680.6,98,2,Fair,Fair,Good,Good,Good,Good,Good,Fair,Good,Good,Good,Fair,,,,,,,,,,,,0102,,,,14348.614000000001
13020,Beaverhead-Deerlodge National Forest,170102020402,Lower South Fork Lower Middle Creek,Functioning Properly,10729.5,28,72,Fair,Good,Good,Good,Good,Poor,Good,Fair,Good,Fair,Good,Good,,,,,,,,,,,,0102,,,,3007.058
13048,Idaho Panhandle National Forests,170103010705,Thomas Creek-Lower North Fork Coeur d'Alene River,Functioning at Risk,20323.100000000002,26,74,Fair,Fair,Fair,Good,Fair,Poor,Fair,Good,Good,Good,Good,Fair,,,,,,,,,,,,0104,,,,5259.8150000000005
13049,Idaho Panhandle National Forests,170103040103,Timber Creek-St Joe River,Functioning Properly,27625.9,100,0,Good,Good,Good,Good,Good,Good,Good,Fair,Good,Good,Good,Good,,,,,,,,,,,,0104,,,,27625.908
13051,Kootenai National Forest,170101011102,Sutton Creek,Functioning Properly,21767.100000000002,100,0,Good,Good,Good,Good,Good,Good,Good,Fair,Fair,Good,Good,Good,,,,,,,,,,,,0114,,,,21767.066
13060,Helena-Lewis And Clark National Forest,100301010408,Sherlock Creek,Functioning Properly,11670.4,8,92,Fair,Good,Good,Good,Fair,Poor,Fair,Fair,Good,Good,Good,Fair,,,,,,,,,,,,0115,,,,893.638
13071,Kootenai National Forest,170101020105,Pleasant Valley Fisher River-Barnum Creek,Functioning Properly,39180.8,17,83,Fair,Fair,Good,Good,Good,Fair,Good,Good,Good,Good,Good,Good,,,,,,,,,,,,0114,,,,6530.6410000000005
13120,Beaverhead-Deerlodge National Forest,100200040309,North Branch Big Swamp Creek-Big Hole River,Functioning at Risk,21950.9,28,72,Poor,Fair,Good,Fair,Good,Poor,Good,Fair,Good,Fair,Good,Fair,,,,,,,,,,,,0102,,,,6167.832
13197,Dakota Prairie Grasslands,101302020102,Norwegian Creek,Functioning at Risk,29556.9,11,89,Fair,Poor,Fair,Fair,Good,Poor,Poor,Good,Good,Good,Good,Fair,,,,,,,,,,,,0118,,,,3304.487
13200,Dakota Prairie Grasslands,101303020708,Timber Draw Creek-South Fork Grand River,Functioning Properly,17383.2,49,52,Fair,Good,Fair,Fair,Fair,Poor,Good,Good,----,Good,Good,Good,,,,,,,,,,,,0118,,,,8433.308
13218,Beaverhead-Deerlodge National Forest,170102020901,Upper Ross Fork Rock Creek,Functioning Properly,15458.800000000001,100,0,Fair,Good,Good,Good,Good,Good,Good,Fair,Good,Fair,Good,Good,,,,,,,,,,,,0102,,,,15394.096000000001
13229,Dakota Prairie Grasslands,101000042003,Poison Spring Creek,Functioning at Risk,14702.5,71,29,Fair,Good,Good,Fair,Good,Poor,Fair,Good,Good,Good,Good,Fair,,,,,,,,,,,,0118,,,,10415.712
13256,Beaverhead-Deerlodge National Forest,170102010304,Warm Springs Creek-West Valley,Functioning Properly,37553.6,52,48,Fair,Fair,Good,Good,Good,Fair,Good,Good,Good,Fair,Good,Good,,,,,,,,,,,,0102,,,,19407.032
13271,Dakota Prairie Grasslands,101302040105,101302040105,Functioning at Risk,30947.9,22,79,Fair,Fair,Good,Fair,Good,Fair,Fair,Good,Good,Good,Good,Fair,,,,,,,,,,,,0118,,,,6647.189
13294,Custer Gallatin National Forest,100700050204,Mountain View Creek-Stillwater River,Functioning at Risk,25719.9,56,44,Poor,Good,Fair,Fair,Good,Fair,Good,Fair,Good,Good,Good,Good,,,,,,,,,,,,0111,,,,14472.929
13325,Beaverhead-Deerlodge National Forest,100200071208,Ennis Lake,Functioning Properly,34998.9,7,94,Poor,Good,Good,Good,Good,Good,Good,Good,Good,Good,Good,Good,,,,,,,,,,,,0102,,,,2275.846
13358,Beaverhead-Deerlodge National Forest,100200070903,Burger Creek,Functioning Properly,23223.4,33,67,Fair,Good,Good,Good,Good,Good,Good,Good,Good,Good,Good,Good,,,,,,,,,,,,0102,,,,7627.345
13367,Kootenai National Forest,170101030404,Meadow Creek,Functioning Properly,12989.0,100,0,Good,Good,Good,Good,Good,Good,Good,Fair,Good,Good,Good,Good,,,,,,,,,,,,0114,,,,12981.026
13372,Beaverhead-Deerlodge National Forest,100200050204,Lower Big Pipestone Creek,Functioning Properly,30846.600000000002,15,85,Poor,Fair,Good,Good,Good,Fair,Good,Good,Good,Good,Good,Good,,,,,,,,,,,,0102,,,,4568.14
13407,Idaho Panhandle National Forests,170603080102,Canyon Creek,Functioning Properly,28604.7,64,36,Good,Good,Good,Good,Good,Good,Good,Fair,Good,Good,Good,Good,,,,,,,,,,,,0104,,,,18371.842
13434,Beaverhead-Deerlodge National Forest,100200060102,Headwaters Boulder River,Functioning at Risk,12081.6,94,6,Poor,Good,Poor,Good,Poor,Poor,Good,Good,Good,Fair,Good,Good,,,,,,,,,,,,0102,,,,11341.695
13447,Kootenai National Forest,170101011602,Stanley Creek,Functioning Properly,17912.0,90,10,Poor,Good,Fair,Good,Good,Good,Good,Fair,Good,Good,Good,Good,,,,,,,,,,,,0114,,,,16062.542000000001
13492,Beaverhead-Deerlodge National Forest,100200040807,Bear Creek-Big Hole River,Functioning at Risk,16573.6,43,58,Poor,Fair,Good,Fair,Fair,Poor,Good,Fair,Good,Good,Good,Fair,,,,,,,,,,,,0102,,,,7040.801
13568,Kootenai National Forest,170101010801,Upper Grave Creek,Functioning Properly,28222.3,100,0,Good,Good,Good,Good,Good,Good,Good,Fair,Good,Good,Good,Good,,,,,,,,,,,,0114,,,,28222.324
13715,Beaverhead-Deerlodge National Forest,170102010401,Warm Springs,Functioning at Risk,36375.3,11,89,Fair,Fair,Good,Good,Fair,Poor,Good,Good,Good,Good,Fair,Fair,,,,,,,,,,,,0102,,,,3988.23
13730,Beaverhead-Deerlodge National Forest,170102010702,Clark Fork River-Caribou Creek,Functioning Properly,25415.0,18,82,Fair,Fair,Good,Good,Fair,Poor,Good,Good,Good,Good,Good,Fair,,,,,,,,,,,,0102,,,,4522.29
13733,Kootenai National Forest,170101030503,Upper Seventeenmile Creek,Functioning Properly,20304.2,100,0,Good,Good,Fair,Good,Good,Good,Good,Fair,Good,Good,Good,Good,,,,,,,,,,,,0114,,,,20255.73
13743,Beaverhead-Deerlodge National Forest,100200070601,Upper West Fork Madison River,Functioning Properly,29803.8,97,3,Fair,Fair,Poor,Good,Fair,Good,Good,Good,Good,Good,Good,Good,,,,,,,,,,,,0102,,,,28836.13
13744,Idaho Panhandle National Forests,170101040102,Lower Boulder Creek,Functioning at Risk,18289.2,100,0,Fair,Fair,Fair,Fair,Fair,Good,Good,Fair,Fair,Good,Fair,Good,,,,,,,,,,,,0104,,,,18237.233
13753,Beaverhead-Deerlodge National Forest,170102020503,Douglas Creek,Functioning at Risk,9403.9,46,54,Good,Fair,Poor,Good,Fair,Poor,Good,Fair,Good,Fair,Good,Fair,,,,,,,,,,,,0102,,,,4347.515
13759,Beaverhead-Deerlodge National Forest,170102010205,Silver Bow Creek-McCleery Gulch,Functioning Properly,39101.1,18,82,Poor,Fair,Good,Good,Good,Poor,Good,Good,Good,Good,Good,Good,,,,,,,,,,,,0102,,,,6953.459000000001
13765,Kootenai National Forest,170102130701,Upper Big Beaver Creek,Functioning Properly,18809.9,98,2,Good,Good,Good,Good,Good,Fair,Good,Good,Good,Good,Good,Good,,,,,,,,,,,,0114,,,,18416.478000000003
13784,Beaverhead-Deerlodge National Forest,170102021102,Upper Upper Willow Creek,Functioning Properly,17602.9,73,27,Poor,Good,Good,Good,Good,Good,Good,Fair,Good,Fair,Good,Good,,,,,,,,,,,,0102,,,,12822.788
13792,Beaverhead-Deerlodge National Forest,100200041205,Cherry Creek,Functioning Properly,11616.4,79,21,Good,Fair,Good,Good,Good,Fair,Good,Good,Good,Good,Good,Fair,,,,,,,,,,,,0102,,,,9171.143
13798,Beaverhead-Deerlodge National Forest,170102010810,Clark Fork River-Dunkleberg Creek,Functioning Properly,28056.7,12,88,Fair,Good,Poor,Good,Good,Poor,Good,Good,Good,Good,Good,Good,,,,,,,,,,,,0102,,,,3378.759
13807,Beaverhead-Deerlodge National Forest,100200030308,Puller Hot Springs-Ruby River,Functioning Properly,39901.5,7,93,Fair,Fair,Good,Good,Fair,Poor,Good,Good,Good,Good,Good,Good,,,,,,,,,,,,0102,,,,2856.123
13836,Beaverhead-Deerlodge National Forest,170102020403,North Fork Lower Middle Willow Creek,Functioning Properly,19475.7,48,52,Fair,Good,Good,Good,Good,Fair,Good,Fair,Good,Fair,Good,Good,,,,,,,,,,,,0102,,,,9320.934000000001
13914,Custer Gallatin National Forest,100700050202,Limestone Creek,Functioning at Risk,31725.8,83,17,Fair,Good,Fair,Good,Good,Fair,Poor,Fair,Good,Good,Good,Good,,,,,,,,,,,,0111,,,,26237.47
13921,Beaverhead-Deerlodge National Forest,170102020203,Marshall Creek,Functioning Properly,12854.1,29,72,Fair,Good,Good,Good,Good,Fair,Good,Fair,Good,Good,Good,Good,,,,,,,,,,,,0102,,,,3662.0620000000004
14045,Flathead National Forest,170102090703,Hungry Horse Creek,Functioning Properly,13937.9,100,0,Good,Good,Good,Good,Good,Good,Good,Fair,Good,Good,Fair,----,2018,<Principal_Reason><Resources><Resource><Value>Other</Value></Resource><Resource><Value>Species Protection Area</Value></Resource></Resources><Opportunities><Opportunity><Value>Improve Condition</Value></Opportunity><Opportunity><Value>Leverage Forest Service Funds</Value></Opportunity><Opportunity><Value>Potential Partnership</Value></Opportunity></Opportunities></Principal_Reason>,"Emery Creek provides spawning and rearing habitat for adfluvial native westslope cutthroat trout and provides some of the highest valued habitat in the entire South Fork Flathead sub-basin. The Emery Creek sub-watershed is also an actively managed landscape with timber harvest, fuels treatments, and development/maintenance of transportation infrastructure. Some of these past activities have impacted water quality and aquatic habitats in the past or have potential to contribute towards water quality and aquatic habitat degradation in the future.",<Known_Partners><Partner><Name>Montana Department of Natural Resources and Conservation</Name><Type>Known</Type></Partner></Known_Partners>,,2025-10-15,,,,,Y,0110,Emery Creek WRAP,,,13937.906
14491,Bitterroot National Forest,170102050601,Lost Horse Creek,Functioning at Risk,27803.2,100,0,Fair,Fair,Fair,Poor,Good,Good,Good,Good,Good,Good,Fair,Good,2024,<Principal_Reason><Concerns><Concern><Value>Water Quantity</Value></Concern><Concern><Value>Species Habitat</Value></Concern><Concern><Value>Water Quality</Value></Concern></Concerns><Opportunities><Opportunity><Value>Improve Condition</Value></Opportunity><Opportunity><Value>Leverage Forest Service Funds</Value></Opportunity><Opportunity><Value>Potential Partnership</Value></Opportunity></Opportunities></Principal_Reason>,"ESA threatened bull trout critical habitat, RFSS westslope cutthroat trout habitat. Entrainment of all aquatic life in diversion ditches due to no screen on 4 BRID intakes. Road sediment issues from needed maintenance and ongoing issues. Recreation impacts on the banks of Lost Horse Creek. Several undersize culverts that are barriers and are creating road failures. Water quantity issues.",<Known_Partners><Partner><Name>Clark Fork Coalition </Name><Type>Known</Type></Partner><Partner><Name>Bitterroot Water Partnership</Name><Type>Known</Type></Partner><Partner><Name>Trout Unlimited</Name><Type>Known</Type></Partner></Known_Partners>,,2026-09-30,,,,,,0103,Lost Horse Creek Watershed Restoration Action Plan,,,27802.659
14589,Lolo National Forest,170102051403,Granite Creek,Impaired Function,13119.4,99,1,Fair,Fair,Poor,Good,Fair,Poor,Fair,Fair,Fair,Good,Fair,----,2023,<Principal_Reason><Concerns><Concern><Value>Riparian Structure and Function</Value></Concern><Concern><Value>Species Habitat</Value></Concern><Concern><Value>Water Quality</Value></Concern></Concerns><Opportunities><Opportunity><Value>Larger-Scale Restoration</Value></Opportunity><Opportunity><Value>Potential Partnership</Value></Opportunity><Opportunity><Value>Improve Condition</Value></Opportunity></Opportunities></Principal_Reason>,Granite Creek Watershed has a history of management issues that are impacting current watershed conditions. Streams are on the state TMDL list and there are streams with occupied threatened bull trout populations. The area is a prime candidate for watershed restoration.,"<Known_Partners><Partner><Name>Montana Department of Environmental Quality </Name><Type>Known</Type></Partner><Partner><Name>Missoula County Resource Advisory Committee </Name><Type>Known</Type></Partner><Partner><Name>Clark Fork Coalition</Name><Type>Known</Type></Partner><Partner><Name>Montana Fish, Wildlife, and Parks</Name><Type>Known</Type></Partner></Known_Partners>",2023-03-16,,6,950000,,,Y,0116,FY2023 Upper Lolo Watershed Restoration Action Plan,2023-03-16,,13017.119
14879,Nez Perce-Clearwater National Forest,170603050401,Upper Newsome Creek,Functioning at Risk,24522.5,99,1,Good,Poor,Poor,Poor,Poor,Good,Poor,Fair,Good,Good,Good,----,2014,<Principal_Reason><Concerns><Concern><Value>Species Habitat</Value></Concern><Concern><Value>Water Quality</Value></Concern><Concern><Value>Riparian Structure and Function</Value></Concern></Concerns><Opportunities><Opportunity><Value>Potential Partnership</Value></Opportunity></Opportunities></Principal_Reason>,"History of dredge mining resulting in little to no floodplain, straightened channel with marginal habitat for ESA listed steelhead and bull trout as well as sensitive chinook salmon, westslope cutthroat trout, pacific lamprey and western pearlshell mussels. Identified as high priority for restoration by the Nez Perce National Forest Plan and our partners, the Nez Perce Tribe and Bonneville Power Administration.  
In addition, high road density contributes sediment to streams. Landslides exacerbated due to roads, past harvest and fires. ",<Known_Partners><Partner><Name>Nez Perce Tribe</Name><Type>Known</Type></Partner><Partner><Name>Bonneville Power Administration</Name><Type>Known</Type></Partner></Known_Partners>,2014-06-30,2018-09-30,1,3500000,2018-09-28,,Y,0117,Upper Newsome Creek WRAP,2014-06-30,Y,24324.11
14964,Beaverhead-Deerlodge National Forest,170102010404,Dry Cottonwood Creek,Functioning at Risk,14977.9,52,48,Fair,Fair,Good,Good,Fair,Poor,Good,Good,Good,Fair,Good,Fair,2023,<Principal_Reason><Resources><Resource><Value>Species Protection Area</Value></Resource></Resources><Opportunities><Opportunity><Value>Improve Condition</Value></Opportunity><Opportunity><Value>Potential Partnership</Value></Opportunity></Opportunities></Principal_Reason>,"The primary goal in Dry Cottonwood Creek is to reduce instream sediment by increasing native vegetation in the riparian area and promoting stream connection to the floodplain at regular intervals. Secondary goals include: 

•	increasing aquatic connectivity
•	improving aspen stand health
•	restoring/maintaining park/meadow habitat
",<Known_Partners><Partner><Name>Youth Employment Program</Name><Type>Known</Type></Partner><Partner><Name>Rocky Mountain Elk Foundation</Name><Type>Known</Type></Partner><Partner><Name>Clark Fork Coalition</Name><Type>Known</Type></Partner><Partner><Name>Mule Deer Foundation</Name><Type>Known</Type></Partner></Known_Partners>,2023-06-29,2025-10-01,5,994475,,,Y,0102,Dry Cottonwood Creek Watershed Restoration Action Plan,2023-06-29,,7737.586
14993,Dakota Prairie Grasslands,101303010504,Deer Creek-North Fork Grand River,Functioning Properly,22498.4,34,66,Fair,Good,Good,Poor,Fair,Poor,Good,Good,----,Good,Good,Good,2014,"<Principal_Reason><Opportunities><Opportunity><Value>Improve Condition</Value></Opportunity><Opportunity><Value>Potential Partnership</Value></Opportunity></Opportunities><Cost>&lt; $100,000</Cost></Principal_Reason>","Selected because of the opportunity to improve range vegetation, riparian, and stream habitat conditions along Deer Creek and Billy Young Creek in the Grand River National Grasslands.",,2013-01-22,2014-09-30,5,100000,2014-09-30,,Y,0118,"Deer Creek-North Fork Grand River FY13 WRAP, Grand River Ranger District",2013-01-22,Y,7649.313
15034,Helena-Lewis And Clark National Forest,170102030103,Copper Creek,Functioning Properly,26015.9,97,3,Good,Fair,Good,Fair,Fair,Poor,Fair,Fair,Poor,Good,Fair,Fair,2011,<Principal_Reason><Resources><Resource><Value>Species Protection Area</Value></Resource></Resources><Opportunities><Opportunity><Value>Improve Condition</Value></Opportunity><Opportunity><Value>Potential Partnership</Value></Opportunity></Opportunities></Principal_Reason>,Critical Bull Trout habitat; decisions in place to accomplish significant work in 2012-13.,<Known_Partners><Partner><Name>Trout Unlimited</Name><Type>Known</Type></Partner><Partner><Name>Montana Trail Riders Assoc./Great Falls </Name><Type>Known</Type></Partner><Partner><Name>High Divide Trails Alliance/Montana Wild</Name><Type>Known</Type></Partner><Partner><Name>Upper Blackfoot Community Council</Name><Type>Known</Type></Partner><Partner><Name>Lincoln Restoration Committee</Name><Type>Known</Type></Partner><Partner><Name>Southwestern Crown CFLR Collaborative</Name><Type>Known</Type></Partner><Partner><Name>Ponderosa Snow Warriors</Name><Type>Known</Type></Partner></Known_Partners>,2011-10-27,2013-10-31,4,448000,2013-09-30,,Y,0115,Copper Creek Watershed Restoration Action Plan,2011-10-27,Y,25198.713
8,Kootenai National Forest,170101020306,Lower Wolf Creek,Functioning at Risk,42911.6,29,71,Poor,Poor,Good,Good,Fair,Fair,Good,Good,Good,Good,Good,Good,,,,,,,,,,,,0114,,,,12461.214
77,Helena-Lewis And Clark National Forest,100301011006,Whitehorse Creek-Canyon Ferry Lake,Functioning at Risk,42591.200000000004,9,92,Good,Fair,Poor,Good,Good,Fair,Poor,Good,Good,Fair,Good,Fair,,,,,,,,,,,,0115,,,,3606.0060000000003
216,Idaho Panhandle National Forests,170102150309,Priest Lake,Functioning at Risk,71895.6,29,71,Poor,Fair,Fair,Fair,Good,Good,Good,Good,Good,Good,Good,Good,,,,,,,,,,,,0104,,,,20899.796
219,Flathead National Forest,170102070307,Middle Fork Flathead River-Stanton Creek,Functioning Properly,30326.5,57,43,Fair,Good,Good,Good,Good,Good,Good,Good,Good,Good,Good,----,,,,,,,,,,,,0110,,,,17192.048000000003
231,Idaho Panhandle National Forests,170101040709,Parker Creek,Functioning Properly,10530.6,100,1,Fair,Good,Good,Good,Good,Good,Good,Good,Good,Good,Good,Good,,,,,,,,,,,,0104,,,,10482.965
257,Lolo National Forest,170102040703,Clark Fork River-Showey Gulch,Functioning at Risk,27109.0,65,35,Fair,Fair,Fair,Poor,Good,Fair,Fair,Good,Good,Fair,Fair,Fair,,,,,,,,,,,,0116,,,,17681.93
557,Custer Gallatin National Forest,100700050501,Little Rocky Creek,Functioning Properly,12135.800000000001,61,39,Poor,Good,Good,Fair,Good,Fair,Fair,Good,Good,Good,Good,Good,,,,,,,,,,,,0111,,,,7418.445000000001
597,Idaho Panhandle National Forests,170102131309,Clark Fork River-Cabinet Gorge Dam,Functioning at Risk,16158.800000000001,22,78,Fair,Fair,Poor,Fair,Fair,Fair,Good,Good,Good,Good,Fair,Fair,,,,,,,,,,,,0104,,,,3607.3250000000003
599,Idaho Panhandle National Forests,170103030203,Anderson Lake-Coeur d'Alene River,Functioning at Risk,21398.7,29,71,Poor,Fair,Fair,Good,Poor,Fair,Good,Good,Good,Good,Good,Fair,,,,,,,,,,,,0104,,,,6239.109
600,Idaho Panhandle National Forests,170102150502,Middle Fork East River-East River,Functioning Properly,24769.5,14,86,Fair,Good,Fair,Good,Fair,Fair,Good,Good,Good,Good,Good,Good,,,,,,,,,,,,0104,,,,3430.407
602,Idaho Panhandle National Forests,170101050501,Round Meadows Creek,Functioning at Risk,23882.3,72,28,Poor,Poor,Fair,Good,Fair,Fair,Good,Fair,Good,Good,Fair,Good,,,,,,,,,,,,0104,,,,17240.939
747,Bitterroot National Forest,170102051002,Sawtooth Creek,Functioning Properly,19462.9,82,18,Poor,Good,Good,Fair,Good,Good,Good,Good,Good,Good,Good,Good,,,,,,,,,,,,0103,,,,15996.434000000001
829,Helena-Lewis And Clark National Forest,100402010502,Daisy Dean Creek,Functioning at Risk,35293.6,28,72,Poor,Fair,Fair,Fair,Fair,Poor,Good,Fair,Good,Fair,Fair,Fair,,,,,,,,,,,,0115,,,,9785.742
955,Nez Perce-Clearwater National Forest,170603030504,Stanley Creek-Lochsa River,Functioning Properly,31555.9,100,0,Good,Good,Fair,Good,Good,Fair,Good,Poor,Good,Good,Good,Good,,,,,,,,,,,,0117,,,,31555.917
1080,Helena-Lewis And Clark National Forest,170102030405,Buffalo Gulch,Functioning at Risk,9163.2,53,47,Fair,Poor,Poor,Good,Fair,Poor,Good,Poor,Good,Fair,Poor,Poor,,,,,,,,,,,,0115,,,,4843.095
1143,Beaverhead-Deerlodge National Forest,100200040405,Upper Rock Creek,Functioning Properly,29543.9,51,50,Fair,Good,Poor,Fair,Good,Good,Good,Fair,Good,Fair,Good,Good,,,,,,,,,,,,0102,,,,14933.578000000001
1175,Beaverhead-Deerlodge National Forest,100200010801,Deadman Creek,Functioning Properly,17085.9,88,12,Poor,Fair,Good,Good,Good,Fair,Good,Good,Good,Good,Good,Good,,,,,,,,,,,,0102,,,,15008.483
1243,Flathead National Forest,170102090304,South Fork Flathead River-Lewis Creek,Functioning Properly,28284.600000000002,100,0,Good,Good,Good,Good,Good,Good,Good,Good,Good,Good,Good,----,,,,,,,,,,,,0110,,,,28284.628
1308,Lolo National Forest,170102040504,West Fork Fish Creek,Functioning Properly,28185.0,100,0,Good,Good,Good,Good,Good,Good,Good,Fair,Good,Good,Good,----,,,,,,,,,,,,0116,,,,28184.99
1504,Helena-Lewis And Clark National Forest,100301020104,Cuniff Creek,Functioning Properly,9512.7,11,89,Poor,Fair,Good,Good,Good,Good,Good,Poor,Good,Fair,Good,Fair,,,,,,,,,,,,0115,,,,1017.754
1527,Beaverhead-Deerlodge National Forest,100200011201,Headwaters Medicine Lodge Creek,Functioning at Risk,15805.5,43,57,Fair,Fair,Good,Fair,Fair,Fair,Good,Good,Good,Good,Good,Good,,,,,,,,,,,,0102,,,,6772.4220000000005
1538,Beaverhead-Deerlodge National Forest,100200071002,Middle Jack Creek,Functioning Properly,15486.6,26,74,Poor,Good,Good,Good,Good,Good,Good,Good,Good,Fair,Good,Good,,,,,,,,,,,,0102,,,,4038.226
1570,Helena-Lewis And Clark National Forest,100402011306,Timber Creek,Functioning Properly,21898.0,17,83,Fair,Fair,Good,Good,Good,Fair,Good,Fair,Good,Good,Fair,Fair,,,,,,,,,,,,0115,,,,3638.6580000000004
1601,Custer Gallatin National Forest,100901010803,Lee Creek,Functioning Properly,30049.4,57,43,Fair,Fair,Good,Fair,Fair,Good,Good,Good,Good,Good,Good,Good,,,,,,,,,,,,0111,,,,17116.43
1646,Flathead National Forest,170102080104,Spring Creek,Functioning Properly,23219.4,10,90,Poor,Good,Good,Good,Good,Good,Good,Good,Good,Good,Good,----,,,,,,,,,,,,0110,,,,2415.324
1830,Kootenai National Forest,170101011302,Cowell Creek-Swamp Creek,Functioning Properly,17320.7,71,29,Good,Good,Good,Good,Good,Fair,Good,Fair,Good,Good,Good,Good,,,,,,,,,,,,0114,,,,12226.427
1831,Beaverhead-Deerlodge National Forest,100200050401,Whitetail Reservoir,Functioning Properly,12457.7,100,0,Good,Good,Fair,Fair,Fair,Poor,Good,Good,Good,Fair,Good,Good,,,,,,,,,,,,0102,,,,12426.655
1844,Custer Gallatin National Forest,100700020106,Lower Tom Miner Creek,Functioning Properly,27509.5,44,56,Fair,Good,Good,Good,Good,Good,Fair,Fair,Fair,Good,Good,Good,,,,,,,,,,,,0111,,,,12152.374
1872,Nez Perce-Clearwater National Forest,170603050703,Grouse Creek-South Fork Clearwater River,Functioning at Risk,26930.3,90,10,Good,Fair,Poor,Fair,Poor,Poor,Fair,Fair,Good,Good,Good,Fair,,,,,,,,,,,,0117,,,,24173.273
1876,Nez Perce-Clearwater National Forest,170603020206,Pinchot Creek-Selway River,Functioning Properly,31841.0,99,1,Good,Good,Good,Good,Good,Fair,Good,Poor,Good,Good,Poor,Poor,,,,,,,,,,,,0117,,,,31603.309
1878,Nez Perce-Clearwater National Forest,170603020305,Buck Lake Creek,Functioning Properly,20751.3,100,0,Good,Good,Good,Good,Good,Good,Good,Poor,Good,Good,Good,----,,,,,,,,,,,,0117,,,,20751.336
1914,Kootenai National Forest,170101011105,Tenmile Creek,Functioning Properly,10418.300000000001,100,0,Good,Good,Good,Good,Good,Good,Good,Fair,Good,Good,Good,Good,,,,,,,,,,,,0114,,,,10418.299
2024,Nez Perce-Clearwater National Forest,170603070201,Upper Cayuse Creek,Functioning Properly,28931.8,100,0,Good,Good,Good,Good,Good,Fair,Good,Fair,Good,Good,Good,Good,,,,,,,,,,,,0117,,,,28931.771
2030,Nez Perce-Clearwater National Forest,170603050507,Peasley Creek-South Fork Clearwater River,Functioning at Risk,27034.100000000002,99,1,Good,Poor,Poor,Fair,Fair,Poor,Good,Fair,Good,Good,Good,Fair,,,,,,,,,,,,0117,,,,26876.577
2416,Nez Perce-Clearwater National Forest,170603070703,Cave Creek-North Fork Clearwater River,Functioning Properly,25314.2,99,1,Good,Good,Good,Good,Good,Poor,Good,Fair,Good,Good,Good,Good,,,,,,,,,,,,0117,,,,25145.234
2475,Custer Gallatin National Forest,100700050101,Headwaters Stillwater River,Functioning Properly,23500.3,99,1,Fair,Good,Fair,Good,Good,Good,Good,Good,Good,Good,Good,----,,,,,,,,,,,,0111,,,,23232.325
2544,Flathead National Forest,170102060509,Winona Ridge-North Fork Flathead River,Functioning Properly,16871.1,23,77,Fair,Good,Good,Good,Good,Good,Good,Fair,Good,Good,Good,----,,,,,,,,,,,,0110,,,,3857.0370000000003
2572,Helena-Lewis And Clark National Forest,100301010905,Indian Creek,Impaired Function,13492.1,37,63,Poor,Fair,Fair,Poor,Fair,Poor,Poor,Good,Good,Fair,Fair,Fair,,,,,,,,,,,,0115,,,,4967.909000000001
2685,Flathead National Forest,170102110105,Glacier Creek,Functioning Properly,11009.7,73,27,Fair,Fair,Good,Good,Good,Fair,Good,Fair,Good,Good,Poor,----,,,,,,,,,,,,0110,,,,8014.327
2759,Flathead National Forest,170102090306,South Fork Flathead River-Helen Creek,Functioning Properly,24501.9,100,0,Good,Good,Good,Good,Good,Good,Good,Fair,Good,Good,Good,----,,,,,,,,,,,,0110,,,,24501.905
2879,Custer Gallatin National Forest,100700020205,Sixmile Creek,Functioning at Risk,30519.9,75,25,Fair,Good,Poor,Good,Fair,Fair,Poor,Fair,Poor,Good,Good,Good,,,,,,,,,,,,0111,,,,22936.94
3003,Custer Gallatin National Forest,100700050201,Upper West Fork Stillwater River,Functioning Properly,28674.4,100,0,Fair,Good,Good,Good,Good,Good,Good,Good,Fair,Fair,Good,----,,,,,,,,,,,,0111,,,,28619.399
3062,Nez Perce-Clearwater National Forest,170603030708,Glade Creek-Lochsa River,Functioning Properly,21077.100000000002,97,3,Good,Good,Fair,Good,Good,Fair,Good,Fair,Good,Good,Good,Good,,,,,,,,,,,,0117,,,,20486.551
3075,Nez Perce-Clearwater National Forest,170602090601,South Fork White Bird Creek,Functioning at Risk,22979.100000000002,93,7,Good,Fair,Good,Good,Fair,Poor,Poor,Fair,Good,Good,Fair,Poor,,,,,,,,,,,,0117,,,,21457.336
3207,Helena-Lewis And Clark National Forest,100301011305,Lump Gulch,Impaired Function,27908.100000000002,52,48,Poor,Poor,Poor,Poor,Poor,Poor,Poor,Fair,Fair,Fair,Good,Fair,,,,,,,,,,,,0115,,,,14537.78
3230,Flathead National Forest,170102100306,Middle Logan Creek,Functioning at Risk,14998.300000000001,82,18,Poor,Fair,Fair,Good,Good,Fair,Good,Fair,Good,Good,Fair,----,,,,,,,,,,,,0110,,,,12296.142
3258,Custer Gallatin National Forest,100200080305,Porcupine Creek,Functioning Properly,16927.0,96,4,Poor,Good,Good,Good,Good,Good,Good,Fair,Good,Good,Good,Good,,,,,,,,,,,,0111,,,,16195.538
3277,Dakota Prairie Grasslands,101000042606,Middle Charbonneau Creek,Functioning Properly,14556.2,74,26,Fair,Good,Good,Good,Good,Poor,Fair,Good,Good,Good,Good,Fair,,,,,,,,,,,,0118,,,,10762.111
3283,Nez Perce-Clearwater National Forest,170603050602,Gospel Creek,Functioning Properly,15209.1,100,0,Good,Good,Fair,Good,Good,Good,Good,Fair,Good,Good,Good,----,,,,,,,,,,,,0117,,,,15149.657
3356,Nez Perce-Clearwater National Forest,170603050203,Elk Creek,Functioning at Risk,16316.6,43,57,Good,Fair,Poor,Fair,Poor,Fair,Poor,Poor,Good,Fair,Good,----,,,,,,,,,,,,0117,,,,6970.900000000001
3364,Flathead National Forest,170102080101,Abbot Creek,Functioning Properly,39890.8,63,37,Poor,Good,Good,Good,Good,Good,Good,Good,Good,Good,Good,----,,,,,,,,,,,,0110,,,,24971.349000000002
3393,Nez Perce-Clearwater National Forest,170602070903,Lake Creek,Functioning Properly,28901.8,96,4,Good,Good,Fair,Fair,Good,Fair,Fair,Fair,Good,Good,Good,Good,,,,,,,,,,,,0117,,,,27840.932
3414,Helena-Lewis And Clark National Forest,100301021301,Headwaters Highwood Creek,Functioning at Risk,16052.6,94,6,Poor,Poor,Fair,Good,Fair,Fair,Fair,Fair,Good,Fair,Poor,Fair,,,,,,,,,,,,0115,,,,15101.621
3427,Dakota Prairie Grasslands,101303030105,Town of White Butte-Flat Creek,Functioning Properly,16972.4,9,91,Fair,Good,Good,Good,Good,Poor,Good,Good,----,Good,Poor,Fair,,,,,,,,,,,,0118,,,,1487.395
3462,Flathead National Forest,170102070204,Twentyfivemile Creek,Functioning Properly,12941.9,100,1,Good,Good,Good,Good,Good,Good,Good,Good,Good,Fair,Good,----,,,,,,,,,,,,0110,,,,12882.254
3514,Custer Gallatin National Forest,100700020406,Upper Trail Creek,Functioning Properly,26634.9,17,83,Fair,Good,Good,Good,Good,Good,Poor,Good,Poor,Good,Good,Good,,,,,,,,,,,,0111,,,,4581.836
3642,Custer Gallatin National Forest,100700020403,Pine Creek,Functioning Properly,10249.0,92,8,Fair,Good,Good,Poor,Good,Good,Fair,Fair,Fair,Good,Good,Good,,,,,,,,,,,,0111,,,,9428.917000000001
3651,Beaverhead-Deerlodge National Forest,100200050501,Fish Creek,Functioning at Risk,34485.9,43,57,Fair,Fair,Poor,Good,Poor,Fair,Good,Fair,Good,Good,Good,Fair,,,,,,,,,,,,0102,,,,14865.091
3793,Helena-Lewis And Clark National Forest,100301010705,Middle Crow Creek,Impaired Function,11004.5,78,22,Poor,Poor,Fair,Poor,Fair,Poor,Poor,Good,Good,Fair,Good,Fair,,,,,,,,,,,,0115,,,,8566.964
3849,Custer Gallatin National Forest,100200080402,South Fork Spanish Creek,Functioning Properly,25346.3,80,20,Poor,Good,Good,Good,Good,Fair,Good,Fair,Good,Good,Good,Good,,,,,,,,,,,,0111,,,,20232.035
3963,Idaho Panhandle National Forests,170102131307,Blue Creek,Functioning Properly,19173.8,94,6,Fair,Good,Good,Good,Good,Good,Good,Fair,Good,Good,Good,Good,,,,,,,,,,,,0104,,,,18059.628
3972,Flathead National Forest,170102060306,Colts Creek-North Fork Flathead River,Functioning Properly,15191.800000000001,24,76,Fair,Good,Good,Good,Good,Good,Good,Good,Good,Good,Good,----,,,,,,,,,,,,0110,,,,3631.846
4157,Lolo National Forest,170102130502,Henry Creek,Impaired Function,8637.1,64,36,Poor,Fair,Poor,Good,Good,Fair,Fair,Fair,Fair,Fair,Fair,Fair,,,,,,,,,,,,0116,,,,5504.827
4363,Nez Perce-Clearwater National Forest,170603030104,Upper Crooked Fork Creek,Functioning Properly,19472.2,97,3,Good,Good,Good,Good,Good,Fair,Good,Fair,Good,Good,Good,Fair,,,,,,,,,,,,0117,,,,18938.334000000003
4370,Nez Perce-Clearwater National Forest,170603030101,Upper Brushy Fork Creek,Functioning at Risk,10301.1,51,50,Good,Poor,Good,Good,Good,Fair,Poor,Poor,Good,Good,Good,Poor,,,,,,,,,,,,0117,,,,5202.552000000001
4377,Custer Gallatin National Forest,100800140404,Piney Creek-Sage Creek,Functioning Properly,38865.9,17,83,Good,Good,Good,Fair,Good,Fair,Fair,Fair,Good,Good,Good,Good,,,,,,,,,,,,0111,,,,6635.8640000000005
4378,Helena-Lewis And Clark National Forest,100301030904,Lower Deep Creek,Functioning Properly,17251.9,69,31,Fair,Good,Good,Good,Good,Good,Good,Fair,Good,Fair,Fair,Good,,,,,,,,,,,,0115,,,,11904.631
4381,Custer Gallatin National Forest,100700060903,Snow Creek-Rock Creek,Functioning at Risk,26121.8,88,12,Poor,Fair,Good,Fair,Good,Fair,Good,Good,Fair,Fair,Good,Good,,,,,,,,,,,,0111,,,,23087.363
4396,Helena-Lewis And Clark National Forest,100302010603,North Fork Birch Creek,Functioning Properly,22932.9,83,17,Poor,Good,Good,Fair,Good,Good,Good,Good,Good,Good,Good,----,,,,,,,,,,,,0115,,,,18948.716
4470,Idaho Panhandle National Forests,170102140403,Hoodoo Creek,Functioning at Risk,37136.8,15,85,Poor,Poor,Poor,Fair,Fair,Fair,Good,Good,Good,Good,Poor,Fair,,,,,,,,,,,,0104,,,,5616.423000000001
4488,Helena-Lewis And Clark National Forest,170102030404,Jefferson Creek,Functioning at Risk,6801.7,39,61,Good,Fair,Poor,Poor,Fair,Poor,Fair,Poor,Good,Fair,Fair,Fair,,,,,,,,,,,,0115,,,,2663.375
4539,Lolo National Forest,170102040102,Lower Rattlesnake Creek,Functioning at Risk,23198.600000000002,78,22,Fair,Fair,Fair,Fair,Good,Fair,Fair,Fair,Good,Good,Fair,----,,,,,,,,,,,,0116,,,,18114.895
4576,Dakota Prairie Grasslands,101102011107,Little Beaver Creek,Functioning at Risk,35386.3,8,92,Fair,Fair,Good,Poor,Poor,Poor,Poor,Good,Good,Good,Good,Fair,,,,,,,,,,,,0118,,,,2887.2270000000003
4640,Idaho Panhandle National Forests,170101040701,Myrtle Creek,Functioning at Risk,27594.600000000002,79,21,Fair,Good,Fair,Fair,Fair,Good,Fair,Good,Good,Good,Fair,Good,,,,,,,,,,,,0104,,,,21720.804
4655,Flathead National Forest,170102060603,Hallowat Creek,Functioning Properly,18001.4,98,2,Fair,Good,Good,Good,Good,Good,Good,Good,Good,Good,Good,----,,,,,,,,,,,,0110,,,,17598.874
4792,Bitterroot National Forest,170102050201,Sheephead Creek,Functioning Properly,12385.2,100,0,Good,Good,Good,Good,Good,Good,Good,Fair,Good,Fair,Good,Good,,,,,,,,,,,,0103,,,,12385.209
4850,Dakota Prairie Grasslands,101000042702,Upper Horse Creek,Functioning at Risk,21019.100000000002,77,23,Fair,Poor,Fair,Poor,Fair,Poor,Fair,Good,Good,Good,Good,Fair,,,,,,,,,,,,0118,,,,16231.556
4878,Bitterroot National Forest,170102051301,McCalla Creek,Functioning at Risk,10955.800000000001,55,45,Fair,Fair,Good,Fair,Fair,Fair,Good,Fair,Good,Good,Fair,Fair,,,,,,,,,,,,0103,,,,6066.643
4957,Lolo National Forest,170102030802,Dunham Creek,Functioning at Risk,21224.0,98,2,Good,Fair,Good,Poor,Fair,Fair,Fair,Fair,Good,Good,Fair,Fair,,,,,,,,,,,,0116,,,,20893.07
5163,Nez Perce-Clearwater National Forest,170603050601,Upper Johns Creek,Functioning Properly,30799.8,100,0,Good,Good,Fair,Good,Good,Good,Good,Fair,Good,Good,Good,Good,,,,,,,,,,,,0117,,,,30799.84
5170,Custer Gallatin National Forest,100200070401,Cabin Creek,Functioning Properly,19488.100000000002,100,0,Good,Good,Good,Good,Good,Fair,Good,Fair,Good,Good,Good,Good,,,,,,,,,,,,0111,,,,19488.122000000003
5280,Helena-Lewis And Clark National Forest,100301030201,Headwaters South Fork Smith River,Functioning Properly,9458.300000000001,6,94,Poor,Fair,Good,Fair,Fair,Good,Good,Fair,Good,Fair,Good,Good,,,,,,,,,,,,0115,,,,574.0160000000001
5292,Helena-Lewis And Clark National Forest,100301030602,Upper Rock Creek,Functioning at Risk,21756.9,16,84,Fair,Fair,Good,Good,Fair,Poor,Fair,Fair,Good,Fair,Good,Fair,,,,,,,,,,,,0115,,,,3390.11
5301,Dakota Prairie Grasslands,101102030307,Spring Creek,Functioning Properly,12299.4,35,65,Fair,Good,Good,Fair,Fair,Poor,Good,Good,Good,Good,Good,Poor,,,,,,,,,,,,0118,,,,4354.081
5439,Nez Perce-Clearwater National Forest,170601010206,Big Canyon Creek-Snake River,Functioning Properly,11589.2,100,0,Good,Good,Good,Good,Good,Good,Fair,Good,Good,Good,Good,Poor,,,,,,,,,,,,0117,,,,11589.156
5472,Custer Gallatin National Forest,100901020604,Lower Beaver Creek,Functioning Properly,15080.2,9,91,Good,Good,Good,Fair,Good,Good,Good,Fair,Fair,Good,Good,Good,,,,,,,,,,,,0111,,,,1300.246
5488,Dakota Prairie Grasslands,101302050803,101302050803,Functioning Properly,19052.3,10,90,Fair,Good,Good,Good,Good,Poor,Good,Good,----,Good,Good,Fair,,,,,,,,,,,,0118,,,,1885.5590000000002
5522,Beaverhead-Deerlodge National Forest,170102020701,East Fork Reservoir,Functioning Properly,19471.0,99,1,Fair,Good,Good,Good,Good,Fair,Good,Fair,Good,Fair,Good,Good,,,,,,,,,,,,0102,,,,19292.321
5552,Lolo National Forest,170102051406,West Fork Butte Creek,Functioning at Risk,11446.7,92,8,Fair,Poor,Good,Good,Fair,Fair,Good,Fair,Good,Good,Fair,----,,,,,,,,,,,,0116,,,,10546.731
5566,Beaverhead-Deerlodge National Forest,100200040602,Howell Creek,Functioning Properly,13441.1,65,35,Poor,Good,Good,Good,Good,Fair,Good,Fair,Good,Good,Good,Good,,,,,,,,,,,,0102,,,,8694.885
5607,Nez Perce-Clearwater National Forest,170601010203,Salt Creek-Snake River,Functioning Properly,21159.5,100,0,Good,Good,Good,Good,Good,Good,Fair,Fair,Good,Good,Fair,Fair,,,,,,,,,,,,0117,,,,21159.451
5612,Idaho Panhandle National Forests,170101050505,Skin Creek-Moyie River,Functioning at Risk,19550.600000000002,67,33,Fair,Fair,Fair,Good,Fair,Poor,Good,Fair,Fair,Good,Poor,Good,,,,,,,,,,,,0104,,,,13062.32
5787,Beaverhead-Deerlodge National Forest,100200040607,Mudd Creek,Functioning at Risk,10211.9,81,19,Good,Fair,Good,Fair,Good,Fair,Good,Fair,Good,Good,Good,Fair,,,,,,,,,,,,0102,,,,8249.061
5865,Flathead National Forest,170102100107,Stillwater River-Lower Stillwater Lake,Functioning Properly,17519.9,17,83,Poor,Good,Good,Good,Good,Good,Good,Good,Good,Good,Fair,----,,,,,,,,,,,,0110,,,,2988.94
5893,Kootenai National Forest,170101020305,Middle Wolf Creek,Functioning at Risk,16529.1,38,63,Poor,Poor,Fair,Good,Good,Fair,Good,Good,Fair,Good,Good,Fair,,,,,,,,,,,,0114,,,,6206.585
5918,Dakota Prairie Grasslands,101102031304,Government Creek,Functioning at Risk,21066.100000000002,33,67,Fair,Fair,Good,Fair,Fair,Fair,Poor,Good,Good,Good,Good,Poor,,,,,,,,,,,,0118,,,,7017.779
6012,Idaho Panhandle National Forests,170103010301,Upper Shoshone Creek,Functioning at Risk,26699.5,100,0,Good,Fair,Poor,Good,Poor,Poor,Fair,Good,Good,Good,Good,Good,,,,,,,,,,,,0104,,,,26686.311999999998
6041,Idaho Panhandle National Forests,170103010703,Steamboat Creek,Functioning at Risk,26821.3,99,1,Fair,Fair,Poor,Good,Fair,Poor,Fair,Good,Good,Good,Good,Good,,,,,,,,,,,,0104,,,,26572.764
6108,Custer Gallatin National Forest,100200080302,Elkhorn Creek-Gallatin River,Functioning Properly,15979.5,95,5,Fair,Good,Good,Good,Good,Good,Good,Fair,Good,Good,Good,Good,,,,,,,,,,,,0111,,,,15165.84
6207,Lolo National Forest,170102040208,Mill Creek,Impaired Function,23540.7,11,89,Fair,Poor,Fair,Good,Good,Fair,Fair,Good,Good,Fair,Fair,Good,,,,,,,,,,,,0116,,,,2556.333
6227,Idaho Panhandle National Forests,170103030201,Killarney Lake-Coeur d'Alene River,Functioning at Risk,29563.2,31,69,Poor,Fair,Poor,Fair,Fair,Fair,Good,Good,Fair,Good,Good,Fair,,,,,,,,,,,,0104,,,,9083.925000000001
6383,Kootenai National Forest,170101011601,Ross Creek,Functioning Properly,16155.2,98,2,Good,Good,Good,Good,Good,Good,Good,Fair,Good,Good,Good,Good,,,,,,,,,,,,0114,,,,15829.502
6440,Helena-Lewis And Clark National Forest,170102030603,East Fork North Fork Blackfoot River,Functioning Properly,20692.100000000002,100,0,Fair,Fair,Good,Good,Fair,Fair,Good,Good,Good,Good,Good,Good,,,,,,,,,,,,0115,,,,20692.078
6546,Lolo National Forest,170102130301,Upper Little Thompson River,Functioning at Risk,17121.2,91,9,Poor,Poor,Good,Fair,Fair,Fair,Good,Good,Good,Good,Fair,Fair,,,,,,,,,,,,0116,,,,15647.553
6581,Custer Gallatin National Forest,101102020510,Wood Gulch-Boxelder Creek,Functioning Properly,21619.4,7,93,Good,Fair,Good,Good,Good,Fair,Fair,Fair,Good,Good,Good,Good,,,,,,,,,,,,0111,,,,1539.51
6661,Kootenai National Forest,170101011003,Big Creek,Functioning Properly,40197.4,100,0,Fair,Good,Good,Good,Good,Good,Good,Fair,Good,Good,Good,Good,,,,,,,,,,,,0114,,,,40197.422
6790,Kootenai National Forest,170102131101,Bull River Headwaters,Functioning Properly,24068.5,100,0,Good,Good,Good,Good,Good,Good,Good,Fair,Good,Good,Good,Good,,,,,,,,,,,,0114,,,,24068.533
6869,Nez Perce-Clearwater National Forest,170603010603,Upper Cub Creek,Functioning Properly,17557.5,100,0,Good,Good,Good,Good,Good,Good,Good,Poor,Good,Good,Good,Good,,,,,,,,,,,,0117,,,,17514.253
7140,Helena-Lewis And Clark National Forest,100402010104,Spring Creek,Functioning at Risk,31441.8,89,11,Poor,Fair,Good,Good,Good,Poor,Fair,Good,Good,Fair,Poor,Good,,,,,,,,,,,,0115,,,,27843.121
7248,Flathead National Forest,170102110206,Lion Creek,Functioning Properly,20737.0,99,1,Fair,Good,Good,Good,Good,Fair,Good,Fair,Fair,Fair,Fair,----,,,,,,,,,,,,0110,,,,20473.561
7254,Custer Gallatin National Forest,100700050203,Lower West Fork Stillwater River,Functioning Properly,14772.5,75,25,Fair,Good,Good,Good,Good,Good,Good,Good,Good,Fair,Good,----,,,,,,,,,,,,0111,,,,11130.638
7302,Bitterroot National Forest,170102051502,Ambrose Creek,Functioning at Risk,13265.9,20,80,Fair,Fair,Fair,Fair,Fair,Poor,Good,Fair,Good,Good,Poor,Fair,,,,,,,,,,,,0103,,,,2605.463
7440,Flathead National Forest,170102070301,Middle Fork Flathead River-Bear Creek,Functioning Properly,36256.9,65,35,Fair,Good,Good,Good,Fair,Good,Good,Fair,Fair,Good,Fair,----,,,,,,,,,,,,0110,,,,23503.761
7498,Lolo National Forest,170102040506,Upper Fish Creek,Functioning at Risk,14018.2,54,47,Good,Fair,Good,Good,Poor,Fair,Good,Fair,Good,Fair,Fair,----,,,,,,,,,,,,0116,,,,7494.711
7578,Helena-Lewis And Clark National Forest,100301011003,Ray Creek,Functioning Properly,15997.800000000001,20,80,Good,Fair,Good,Good,Good,Poor,Fair,Fair,Good,Fair,Good,Fair,,,,,,,,,,,,0115,,,,3235.81
7580,Beaverhead-Deerlodge National Forest,100200030303,Ledford Creek,Functioning Properly,24388.9,39,61,Fair,Fair,Good,Good,Good,Good,Good,Good,Good,Good,Good,Good,,,,,,,,,,,,0102,,,,9421.594000000001
7728,Dakota Prairie Grasslands,101102031101,Little Wannagan Creek,Functioning at Risk,10453.4,53,47,Fair,Poor,Fair,Fair,Fair,Poor,Fair,Good,Good,Good,Poor,Poor,,,,,,,,,,,,0118,,,,5543.406
7732,Kootenai National Forest,170101011501,Flower Creek,Functioning Properly,11926.300000000001,82,18,Good,Good,Good,Fair,Good,Good,Good,Fair,Good,Good,Good,Good,,,,,,,,,,,,0114,,,,9821.883
7897,Bitterroot National Forest,170603010404,Sheep Creek-Selway River,Functioning Properly,15455.4,100,0,Good,Fair,Good,Good,Good,Good,Good,Fair,Good,Fair,Fair,Fair,,,,,,,,,,,,0103,,,,15455.386
7922,Lolo National Forest,170102040808,Twelvemile Creek,Functioning at Risk,38371.1,94,6,Fair,Fair,Good,Fair,Fair,Fair,Fair,Good,Good,Good,Fair,----,,,,,,,,,,,,0116,,,,36237.275
7929,Helena-Lewis And Clark National Forest,100402010103,Flagstaff Creek,Functioning at Risk,14136.2,69,32,Fair,Fair,Good,Fair,Good,Poor,Fair,Fair,Good,Fair,Poor,Fair,,,,,,,,,,,,0115,,,,9688.481
8008,Helena-Lewis And Clark National Forest,100302010201,North Badger Creek,Functioning Properly,38364.5,100,0,Good,Fair,Good,Good,Good,Good,Good,Good,Fair,Good,Fair,Fair,,,,,,,,,,,,0115,,,,38362.812
8043,Beaverhead-Deerlodge National Forest,100200041201,Moose Creek,Functioning at Risk,28848.8,41,59,Fair,Fair,Fair,Good,Good,Poor,Good,Fair,Good,Good,Good,Fair,,,,,,,,,,,,0102,,,,11801.604
8303,Dakota Prairie Grasslands,101102030308,Spring Coulee-Little Missouri River,Functioning Properly,18966.5,23,78,Fair,Good,Fair,Good,Good,Poor,Good,Good,Good,Good,Good,Poor,,,,,,,,,,,,0118,,,,4260.906
8391,Dakota Prairie Grasslands,090201050701,Town of De Lamere-Elk Creek,Functioning at Risk,53533.5,12,88,Fair,Good,Good,Fair,Fair,Poor,Good,Good,----,Good,Poor,Fair,,,,,,,,,,,,0118,,,,6218.049
8395,Bitterroot National Forest,170603010201,Upper Little Clearwater River,Functioning Properly,24593.8,100,0,Good,Fair,Good,Good,Good,Good,Good,Fair,Good,Fair,Good,Good,,,,,,,,,,,,0103,,,,24593.777000000002
8466,Dakota Prairie Grasslands,101102031308,Crooked Creek-Little Missouri River,Functioning at Risk,23923.7,51,49,Fair,Fair,Good,Good,Good,Poor,Poor,Good,Good,Good,Good,Poor,,,,,,,,,,,,0118,,,,12180.326000000001
8503,Custer Gallatin National Forest,100901020205,Taylor Creek,Functioning at Risk,29058.8,86,14,Fair,Fair,Good,Fair,Fair,Good,Fair,Good,Poor,Good,Good,Good,,,,,,,,,,,,0111,,,,25016.604
8627,Dakota Prairie Grasslands,101302020101,101302020101,Functioning at Risk,29426.3,28,72,Fair,Fair,Good,Fair,Good,Poor,Fair,Good,Good,Good,Good,Fair,,,,,,,,,,,,0118,,,,8360.867
8654,Nez Perce-Clearwater National Forest,170603060201,Upper Lolo Creek,Functioning at Risk,26828.9,100,0,Good,Fair,Good,Good,Good,Poor,Fair,Fair,Good,Good,Good,Good,,,,,,,,,,,,0117,,,,26828.862
8807,Dakota Prairie Grasslands,101102030803,Bear Creek,Functioning at Risk,12104.6,50,50,Fair,Fair,Good,Fair,Fair,Fair,Fair,Good,Good,Good,Good,Poor,,,,,,,,,,,,0118,,,,6085.827
8851,Custer Gallatin National Forest,100402010901,Upper American Fork,Functioning Properly,26127.9,52,49,Poor,Good,Good,Good,Fair,Good,Good,Fair,Good,Good,Good,Good,,,,,,,,,,,,0111,,,,13457.219000000001
8885,Dakota Prairie Grasslands,101302040104,101302040104-Cannonball River,Functioning at Risk,12684.4,15,86,Fair,Fair,Poor,Good,Good,Fair,Fair,Good,Good,Good,Good,Fair,,,,,,,,,,,,0118,,,,1841.747
8923,Custer Gallatin National Forest,100200070402,Upper Beaver Creek,Functioning Properly,18648.600000000002,100,0,Fair,Good,Good,Good,Good,Fair,Good,Fair,Fair,Good,Good,Good,,,,,,,,,,,,0111,,,,18648.63
8963,Bitterroot National Forest,170603010401,Deep Creek,Functioning Properly,36384.1,100,0,Good,Fair,Good,Good,Good,Fair,Good,Good,Good,Good,Good,Good,,,,,,,,,,,,0103,,,,36384.069
9029,Flathead National Forest,170102090701,Hungry Horse Reservoir-Dudley Creek,Functioning Properly,34513.9,100,1,Good,Good,Good,Good,Good,Fair,Good,Fair,Good,Good,Fair,----,,,,,,,,,,,,0110,,,,34325.820999999996
9378,Helena-Lewis And Clark National Forest,100301012001,American Bar Gulch-Missouri River,Functioning at Risk,9976.5,40,60,Fair,Good,Good,Fair,Good,Poor,Fair,Poor,Poor,Good,Poor,Poor,,,,,,,,,,,,0115,,,,3950.88
9390,Custer Gallatin National Forest,100700021404,Upper Lower Deer Creek,Functioning Properly,16381.800000000001,100,0,Good,Good,Good,Good,Good,Good,Poor,Good,Poor,Good,Good,Good,,,,,,,,,,,,0111,,,,16367.809000000001
9409,Lolo National Forest,170102021210,Rock Creek-Wahlquist Creek,Functioning at Risk,12177.300000000001,98,2,Fair,Fair,Fair,Fair,Poor,Good,Good,Fair,Good,Good,Fair,----,,,,,,,,,,,,0116,,,,11948.459
9468,Dakota Prairie Grasslands,101102030808,101102030808-Little Missouri River,Functioning Properly,18898.600000000002,31,69,Fair,Good,Good,Good,Good,Poor,Fair,Good,Good,Good,Good,Poor,,,,,,,,,,,,0118,,,,5819.513
9530,Dakota Prairie Grasslands,101303010601,Wolf Butte,Functioning at Risk,15230.4,61,39,Fair,Good,Good,Poor,Poor,Poor,Good,Good,----,Good,Good,Fair,,,,,,,,,,,,0118,,,,9240.213
9556,Helena-Lewis And Clark National Forest,170102030301,Humbug Creek,Functioning at Risk,15457.2,20,80,Poor,Fair,Poor,Good,Good,Poor,Poor,Good,Good,Fair,Good,Good,,,,,,,,,,,,0115,,,,3105.2980000000002
9594,Dakota Prairie Grasslands,101102030703,Lower Garner Creek,Functioning at Risk,33432.5,31,70,Fair,Good,Good,Fair,Fair,Poor,Fair,Good,Good,Good,Good,Poor,,,,,,,,,,,,0118,,,,10212.719
9659,Beaverhead-Deerlodge National Forest,100200040101,Andrus Creek,Functioning at Risk,17356.7,70,30,Fair,Fair,Fair,Good,Good,Fair,Good,Good,Good,Good,Good,Fair,,,,,,,,,,,,0102,,,,12114.541000000001
9725,Kootenai National Forest,170102130101,McGregor Creek,Functioning Properly,19904.3,15,85,Good,Good,Good,Fair,Good,Fair,Good,Good,Fair,Good,Good,Good,,,,,,,,,,,,0114,,,,3013.022
9743,Bitterroot National Forest,170102050902,Upper Skalkaho Creek,Functioning Properly,29002.100000000002,100,0,Fair,Fair,Fair,Good,Good,Good,Good,Fair,Good,Good,Fair,Fair,,,,,,,,,,,,0103,,,,29002.142
9847,Nez Perce-Clearwater National Forest,170603020301,Headwaters Meadow Creek,Functioning Properly,24082.3,100,0,Good,Good,Good,Good,Good,Good,Fair,Poor,Good,Good,Good,----,,,,,,,,,,,,0117,,,,24082.269
9855,Custer Gallatin National Forest,100901020602,Ash Creek,Functioning at Risk,10778.5,71,29,Fair,Fair,Good,Fair,Fair,Good,Fair,Fair,Poor,Good,Good,Good,,,,,,,,,,,,0111,,,,7618.1050000000005
9892,Custer Gallatin National Forest,100700050301,Upper East Rosebud Creek,Functioning Properly,35592.0,99,1,Poor,Good,Good,Good,Good,Good,Good,Good,Good,Good,Good,----,,,,,,,,,,,,0111,,,,35245.76
9964,Helena-Lewis And Clark National Forest,100301012005,Willow Creek,Functioning at Risk,10032.0,78,22,Fair,Fair,Fair,Good,Fair,Poor,Fair,Poor,Good,Fair,Fair,Fair,,,,,,,,,,,,0115,,,,7869.820000000001
10096,Lolo National Forest,170102021302,Welcome Creek,Functioning Properly,12340.0,100,0,Good,Fair,Good,Good,Good,Fair,Good,Fair,Good,Fair,Good,----,,,,,,,,,,,,0116,,,,12339.806
10113,Idaho Panhandle National Forests,170103040402,Lower Slate Creek,Functioning at Risk,15862.2,96,4,Poor,Fair,Fair,Good,Fair,Good,Good,Good,Good,Good,Good,Good,,,,,,,,,,,,0104,,,,15189.339
10158,Nez Perce-Clearwater National Forest,170603030201,Upper Big Sand Creek,Functioning Properly,17382.0,100,0,Good,Good,Good,Good,Good,Good,Fair,Fair,Good,Good,Good,Good,,,,,,,,,,,,0117,,,,17376.786
10261,Nez Perce-Clearwater National Forest,170603020202,Meeker Creek-Selway River,Functioning Properly,28278.9,100,1,Good,Good,Good,Good,Good,Good,Fair,Poor,Good,Good,Poor,Poor,,,,,,,,,,,,0117,,,,28146.46
10264,Flathead National Forest,170102100307,Evers Creek,Functioning Properly,7773.8,56,44,Poor,Good,Good,Good,Good,Good,Good,Fair,Good,Good,Fair,----,,,,,,,,,,,,0110,,,,4375.06
10305,Custer Gallatin National Forest,100700020901,East Fork Boulder River,Functioning Properly,22978.3,100,0,Fair,Good,Poor,Good,Good,Fair,Good,Fair,Good,Good,Good,Good,,,,,,,,,,,,0111,,,,22882.138
10329,Lolo National Forest,170102130510,Clark Fork River-Plains,Functioning Properly,19446.3,6,94,Poor,Good,Fair,Good,Good,Good,Fair,Good,Good,Good,Fair,Good,,,,,,,,,,,,0116,,,,1241.537
10417,Flathead National Forest,170102100202,Gregg Creek,Functioning Properly,5972.7,99,2,Poor,Fair,Good,Good,Good,Fair,Good,Good,Good,Good,Fair,----,,,,,,,,,,,,0110,,,,5884.191000000001
10423,Idaho Panhandle National Forests,170101040402,Fall Creek,Functioning at Risk,17780.600000000002,13,87,Fair,Fair,Poor,Good,Fair,Good,Good,Fair,Good,Good,Fair,Good,,,,,,,,,,,,0104,,,,2335.8630000000003
10445,Lolo National Forest,170102040601,Clark Fork River-Eddy Creek,Functioning at Risk,20741.600000000002,54,46,Poor,Fair,Good,Good,Good,Good,Fair,Good,Good,Good,Fair,----,,,,,,,,,,,,0116,,,,11174.978
10519,Kootenai National Forest,170101020402,Upper Fisher River,Functioning Properly,28823.5,55,45,Good,Poor,Good,Good,Good,Fair,Good,Good,Good,Good,Good,Good,,,,,,,,,,,,0114,,,,15884.012
10581,Lolo National Forest,170102040707,Clark Fork River-Stegel Creek,Functioning at Risk,30081.600000000002,94,7,Fair,Fair,Fair,Good,Fair,Fair,Fair,Good,Good,Fair,Fair,Good,,,,,,,,,,,,0116,,,,28112.367
10617,Flathead National Forest,170102060407,Moose Creek,Functioning Properly,11796.1,90,10,Good,Good,Good,Good,Good,Good,Good,Fair,Good,Good,Fair,----,,,,,,,,,,,,0110,,,,10660.295
10686,Kootenai National Forest,170102131004,Marten Creek,Functioning Properly,33197.2,99,1,Fair,Good,Good,Good,Good,Good,Good,Good,Good,Good,Good,Good,,,,,,,,,,,,0114,,,,32817.361
10776,Helena-Lewis And Clark National Forest,100301050304,Iron Creek-Belt Creek,Functioning at Risk,15702.1,63,37,Poor,Fair,Poor,Good,Good,Good,Good,Fair,Good,Fair,Fair,Good,,,,,,,,,,,,0115,,,,9908.35
10807,Custer Gallatin National Forest,100200070204,Middle South Fork Madison River,Functioning at Risk,15933.300000000001,97,3,Poor,Good,Good,Fair,Good,Fair,Poor,Good,Good,Good,Good,Good,,,,,,,,,,,,0111,,,,15410.747
10923,Nez Perce-Clearwater National Forest,170603020303,Sable Creek,Functioning Properly,13694.0,100,0,Good,Good,Good,Good,Good,Good,Good,Poor,Good,Good,Good,----,,,,,,,,,,,,0117,,,,13694.047
10989,Flathead National Forest,170102090507,Twin Creek,Functioning Properly,30247.9,100,0,Good,Good,Good,Good,Good,Fair,Good,Good,Good,Good,Fair,----,,,,,,,,,,,,0110,,,,30247.868
11018,Nez Perce-Clearwater National Forest,170603020105,Upper North Fork Moose Creek,Functioning Properly,17396.0,100,0,Fair,Good,Good,Good,Good,Good,Good,Poor,Good,Good,Good,----,,,,,,,,,,,,0117,,,,17394.743000000002
11021,Nez Perce-Clearwater National Forest,170603030505,Boulder Creek,Functioning Properly,30049.600000000002,100,0,Good,Good,Good,Good,Good,Good,Good,Poor,Good,Good,Good,Good,,,,,,,,,,,,0117,,,,30049.599
11064,Bitterroot National Forest,170102050503,East Fork Bitterroot River-Jennings Camp Creek,Functioning at Risk,25418.4,87,13,Poor,Fair,Fair,Good,Fair,Poor,Fair,Fair,Good,Good,Poor,Fair,,,,,,,,,,,,0103,,,,22001.747
11116,Bitterroot National Forest,170102050105,Upper Blue Joint Creek,Functioning Properly,27887.600000000002,100,0,Good,Fair,Good,Good,Good,Good,Good,Fair,Good,Fair,Good,Good,,,,,,,,,,,,0103,,,,27867.676
11177,Idaho Panhandle National Forests,170103010101,Upper North Fork Coeur d'Alene River,Functioning Properly,23522.8,100,0,Good,Fair,Fair,Good,Fair,Fair,Good,Good,Good,Good,Good,Good,,,,,,,,,,,,0104,,,,23522.82
11181,Flathead National Forest,170102100203,Upper Good Creek,Functioning Properly,18926.9,97,3,Poor,Good,Good,Good,Good,Fair,Good,Good,Good,Fair,Fair,----,,,,,,,,,,,,0110,,,,18342.05
11367,Helena-Lewis And Clark National Forest,100301010706,Dry Hollow,Functioning Properly,8582.0,6,94,Fair,Fair,Good,Good,Fair,Good,Fair,Fair,Good,Good,Good,Good,,,,,,,,,,,,0115,,,,498.422
11399,Bitterroot National Forest,170102050701,Divide Creek,Functioning Properly,11412.9,100,0,Fair,Fair,Good,Good,Good,Good,Good,Fair,Good,Fair,Fair,Fair,,,,,,,,,,,,0103,,,,11412.921
11517,Lolo National Forest,170102040805,Savenac Creek,Functioning at Risk,10620.1,89,11,Fair,Fair,Fair,Fair,Fair,Fair,Fair,Fair,Good,Good,Fair,----,,,,,,,,,,,,0116,,,,9428.961000000001
11563,Helena-Lewis And Clark National Forest,100301011703,Lower Beaver Creek,Functioning at Risk,21058.3,97,3,Poor,Fair,Poor,Poor,Good,Fair,Good,Good,Good,Fair,Fair,Fair,,,,,,,,,,,,0115,,,,20417.908
11564,Helena-Lewis And Clark National Forest,100301040404,Richardson Creek-Sun River,Functioning at Risk,24787.3,7,93,Poor,Fair,Poor,Poor,Poor,Good,Good,Good,Good,Good,Poor,Good,,,,,,,,,,,,0115,,,,1833.229
11607,Nez Perce-Clearwater National Forest,170603050505,Wing Creek-South Fork Clearwater River,Functioning at Risk,14066.800000000001,100,0,Good,Fair,Poor,Fair,Fair,Fair,Fair,Fair,Good,Good,Good,----,,,,,,,,,,,,0117,,,,14041.197
11609,Nez Perce-Clearwater National Forest,170603030203,Upper Colt Killed Creek,Functioning Properly,24746.9,100,0,Good,Good,Good,Good,Good,Good,Fair,Fair,Good,Good,Good,----,,,,,,,,,,,,0117,,,,24743.909
11651,Nez Perce-Clearwater National Forest,170603071002,Sneak Creek-North Fork Clearwater River,Functioning Properly,20386.2,99,1,Good,Fair,Fair,Good,Good,Fair,Good,Fair,Good,Good,Good,Good,,,,,,,,,,,,0117,,,,20237.919
11841,Flathead National Forest,170102100506,Whitefish Lake,Functioning Properly,17119.1,16,84,Poor,Good,Fair,Good,Good,Good,Good,Good,Good,Good,Good,----,,,,,,,,,,,,0110,,,,2757.232
11964,Custer Gallatin National Forest,100901020302,Threemile Creek,Functioning Properly,32925.8,77,23,Good,Fair,Good,Fair,Fair,Good,Good,Fair,Good,Good,Good,Good,,,,,,,,,,,,0111,,,,25259.639
12010,Lolo National Forest,170102031008,Salmon Lake,Functioning Properly,9689.4,36,64,Poor,Good,Good,Good,Good,Fair,Fair,Fair,Fair,Good,Fair,----,,,,,,,,,,,,0116,,,,3456.096
12048,Bitterroot National Forest,170102050602,South Lost Horse Creek,Functioning Properly,19968.3,92,8,Fair,Fair,Fair,Good,Good,Good,Good,Fair,Good,Good,Good,Good,,,,,,,,,,,,0103,,,,18291.22
12082,Dakota Prairie Grasslands,101102030107,North Butte Creek-Little Missouri River,Functioning Properly,22660.2,34,66,Fair,Good,Fair,Good,Good,Fair,Fair,Good,Good,Good,Good,Poor,,,,,,,,,,,,0118,,,,7615.3460000000005
12091,Beaverhead-Deerlodge National Forest,100200041002,Upper Divide Creek,Functioning Properly,23825.8,32,68,Poor,Fair,Good,Good,Good,Poor,Good,Good,Good,Fair,Good,Good,2019,<Principal_Reason><Concerns><Concern><Value>Riparian Structure and Function</Value></Concern><Concern><Value>Water Quantity</Value></Concern></Concerns><Opportunities><Opportunity><Value>Improve Condition</Value></Opportunity><Opportunity><Value>Potential Partnership</Value></Opportunity></Opportunities></Principal_Reason>,"Upper Divide Creek is a tributary to the Big Hole River, which serves as an important water body for surrounding communities to use for both agricultural and recreational activities. Much of the Big Hole River tributary system, including Upper Divide Creek, are listed as an impaired water due to nutrient, sediment, and water temperature issues resulting from a history of agricultural practices and flow alterations from water diversions. Although the headwaters located on-Forest are not considered impaired, they have experienced diminished floodplain connectivity, loss of riparian woody vegetation, and natural water storage as beavers have become absent and there dams have fallen into disrepair. This affects the quality and complexity of aquatic and riparian habitat both on-Forest as well as those lands downstream from the Forest boundary. Improvements in Upper Divide Creek will translate into the tributary system and affect the overall watershed function of the Big Hole Valley.","<Known_Partners><Partner><Name>Big Hole Watershed Committee</Name><Type>Known</Type></Partner><Partner><Name>Montana Department of Fish, Wildlife and Parks</Name><Type>Known</Type></Partner></Known_Partners>",2019-01-02,2019-09-30,3,12000,2019-09-24,,Y,0102,Upper Divide Creek,2019-01-02,,7648.6720000000005
12124,Lolo National Forest,170102031308,Blackfoot River-Johnson Gulch,Functioning Properly,16959.6,49,51,Fair,Fair,Good,Good,Good,Fair,Good,Fair,Good,Good,Fair,----,,,,,,,,,,,,0116,,,,8266.436
12204,Lolo National Forest,170102130512,Clark Fork River-Munson Creek,Functioning Properly,26857.4,77,23,Fair,Good,Fair,Fair,Good,Fair,Good,Fair,Good,Good,Fair,Good,,,,,,,,,,,,0116,,,,20560.315
12265,Lolo National Forest,170102130403,West Fork Fishtrap Creek,Functioning Properly,11588.300000000001,99,1,Good,Fair,Good,Good,Fair,Poor,Good,Fair,Good,Good,Good,----,2011,<Principal_Reason><Resources><Resource><Value>Species Protection Area</Value></Resource></Resources><Concerns><Concern><Value>Riparian Structure and Function</Value></Concern><Concern><Value>Species Habitat</Value></Concern><Concern><Value>Water Quality</Value></Concern></Concerns></Principal_Reason>,"The West Fork of Fishtrap Creek supports the bulk of fluvial bull trout spawning in the Fishtrap Creek watershed.  This is a bull trout priority watershed and one of the two most important bull trout areas in the larger Thompson River system.   Improvements will directly benefit bull trout populations and will improve water quality for the West Fork Fishtrap Creek as well as downstream reaches of Fishtrap Creek (habitat, sediment and temperature).",,2011-10-28,2015-10-01,4,225000,2015-08-31,,Y,0116,West Fork Fishtrap Creek WRAP,2011-10-28,Y,11486.671
12297,Lolo National Forest,170102130902,Noxon Reservoir-Sqaylth-kwum Creek,Functioning Properly,21812.7,53,47,Fair,Good,Good,Fair,Good,Fair,Good,Good,Good,Good,Fair,----,,,,,,,,,,,,0116,,,,11633.167
12317,Helena-Lewis And Clark National Forest,100402011401,Headwaters Careless Creek,Functioning Properly,37096.700000000004,25,75,Fair,Fair,Good,Good,Good,Good,Good,Poor,Good,Good,Fair,Fair,,,,,,,,,,,,0115,,,,9242.441
12504,Idaho Panhandle National Forests,170103040505,Lower Marble Creek,Functioning Properly,18436.7,53,47,Good,Good,Fair,Good,Fair,Poor,Fair,Good,Good,Good,Good,Good,,,,,,,,,,,,0104,,,,9747.819000000001
12533,Idaho Panhandle National Forests,170603080203,Floodwood Creek,Functioning Properly,33494.9,40,60,Fair,Good,Fair,Good,Good,Good,Good,Good,Good,Good,Good,Good,,,,,,,,,,,,0104,,,,13280.647
12547,Helena-Lewis And Clark National Forest,100301011308,Middle Prickley Pear Creek,Functioning at Risk,20070.4,18,83,Poor,Good,Fair,Fair,Fair,Poor,Fair,Fair,Good,Fair,Fair,Fair,,,,,,,,,,,,0115,,,,3504.918
12592,Flathead National Forest,170102060408,Red Meadow Creek,Functioning Properly,19256.2,95,5,Fair,Good,Good,Good,Good,Good,Good,Fair,Good,Good,Good,----,2019,<Principal_Reason><Resources><Resource><Value>Outstanding Resource Water</Value></Resource><Resource><Value>Species Protection Area</Value></Resource></Resources><Concerns><Concern><Value>Water Quality</Value></Concern><Concern><Value>Species Habitat</Value></Concern></Concerns></Principal_Reason>,"New culvert monitoring program initiated in 2017 found numerous stream crossings at risk of failure.  In addition, several historic road prisms were identified that can be considered for obliteration.",,2019-07-18,2023-07-18,28,241515,,,Y,0110,Red Meadow Creek WRAP,2019-07-18,,18353.873
12600,Flathead National Forest,170102060406,Lower Whale Creek,Functioning Properly,18802.8,96,5,Fair,Good,Good,Good,Good,Good,Good,Good,Good,Good,Good,----,2019,<Principal_Reason><Resources><Resource><Value>Outstanding Resource Water</Value></Resource><Resource><Value>Species Protection Area</Value></Resource></Resources><Concerns><Concern><Value>Water Quality</Value></Concern><Concern><Value>Species Habitat</Value></Concern></Concerns></Principal_Reason>,New culvert monitoring program was implemented in 2017.  Numerous high risk culverts were found in Lower Whale Creek.  It is designated as a priority watershed because culvert failures can impact bull trout spawning habitat and water quality.,,2019-07-18,2022-07-18,2,48650,,,Y,0110,,2019-07-18,,17955.115
12612,Beaverhead-Deerlodge National Forest,100200040806,Alder Creek,Functioning Properly,13641.5,98,2,Fair,Good,Good,Good,Good,Fair,Good,Fair,Good,Good,Good,Fair,,,,,,,,,,,,0102,,,,13340.474
12664,Idaho Panhandle National Forests,170103040401,Upper Slate Creek,Functioning Properly,26538.2,99,1,Poor,Good,Fair,Good,Fair,Good,Good,Good,Good,Good,Good,Good,,,,,,,,,,,,0104,,,,26377.7
12780,Kootenai National Forest,170101010703,Edna Creek,Functioning at Risk,14891.2,65,36,Good,Poor,Fair,Good,Good,Poor,Good,Good,Good,Good,Good,Good,,,,,,,,,,,,0114,,,,9601.033000000001
12830,Custer Gallatin National Forest,100200080503,Swan Creek,Functioning at Risk,18822.0,100,0,Poor,Good,Good,Fair,Good,Poor,Poor,Fair,Fair,Good,Fair,Good,,,,,,,,,,,,0111,,,,18767.136
12971,Beaverhead-Deerlodge National Forest,100200050402,Upper Whitetail Creek,Functioning at Risk,24137.9,70,30,Poor,Fair,Poor,Fair,Fair,Fair,Good,Good,Good,Good,Good,Good,,,,,,,,,,,,0102,,,,16961.414
12989,Helena-Lewis And Clark National Forest,100301011302,Spring Creek,Functioning at Risk,13439.1,14,86,Poor,Fair,Fair,Good,Fair,Poor,Poor,Fair,Good,Good,Good,Fair,,,,,,,,,,,,0115,,,,1840.439
12995,Helena-Lewis And Clark National Forest,100402010203,Alabaugh Creek,Functioning Properly,21532.0,46,54,Fair,Fair,Good,Fair,Good,Fair,Fair,Good,Good,Fair,Good,Fair,,,,,,,,,,,,0115,,,,9960.28
12996,Helena-Lewis And Clark National Forest,170102030309,Arrastra Creek,Functioning Properly,15089.1,58,43,Good,Fair,Poor,Good,Fair,Fair,Good,Poor,Good,Good,Good,Fair,,,,,,,,,,,,0115,,,,8671.582
13104,Kootenai National Forest,170101010805,Indian Creek,Functioning Properly,11361.300000000001,45,55,Fair,Fair,Good,Good,Good,Fair,Good,Fair,Good,Good,Good,Good,,,,,,,,,,,,0114,,,,5064.091
13109,Helena-Lewis And Clark National Forest,100301011602,Upper Spokane Creek,Functioning Properly,13261.9,15,85,Fair,Fair,Good,Good,Fair,Good,Good,Good,Good,Good,Good,Fair,,,,,,,,,,,,0115,,,,1954.307
13132,Helena-Lewis And Clark National Forest,100301011005,Gurnett Creek,Functioning Properly,14051.5,23,77,Fair,Fair,Good,Good,Good,Fair,Fair,Fair,Good,Good,Good,Good,,,,,,,,,,,,0115,,,,3273.192
13153,Beaverhead-Deerlodge National Forest,100200050504,Mayflower Creek-Jefferson River,Functioning at Risk,33628.2,10,90,Poor,Fair,Fair,Good,Poor,Fair,Good,Good,Good,Good,Fair,Good,,,,,,,,,,,,0102,,,,3223.21
13163,Beaverhead-Deerlodge National Forest,100200070807,Morgan Gulch,Functioning Properly,12791.5,48,52,Poor,Fair,Good,Good,Good,Good,Good,Good,Good,Good,Good,Good,,,,,,,,,,,,0102,,,,6178.511
13190,Beaverhead-Deerlodge National Forest,100200011405,Bell Canyon-Red Rock River,Functioning Properly,37297.4,12,88,Poor,Good,Good,Fair,Fair,Fair,Good,Good,Good,Good,Good,Good,,,,,,,,,,,,0102,,,,4398.4310000000005
13230,Dakota Prairie Grasslands,101303030506,Third Creek-Black Horse Butte Creek,Functioning Properly,15465.2,29,71,Fair,Good,Good,Good,Good,Fair,Good,Good,----,Good,Good,Good,,,,,,,,,,,,0118,,,,4536.393
13243,Beaverhead-Deerlodge National Forest,100200040401,Stanley Creek,Functioning Properly,12514.2,18,82,Poor,Fair,Good,Good,Good,Fair,Good,Fair,Good,Good,Good,Fair,,,,,,,,,,,,0102,,,,2254.7690000000002
13267,Dakota Prairie Grasslands,101101011904,Clarks Creek,Functioning at Risk,30361.0,17,83,Fair,Fair,Good,Fair,Good,Poor,Poor,Good,----,Good,Good,Fair,,,,,,,,,,,,0118,,,,5081.845
13270,Beaverhead-Deerlodge National Forest,100200050103,Dry Boulder Creek-Jefferson River,Functioning at Risk,26078.600000000002,25,75,Poor,Fair,Good,Good,Fair,Poor,Good,Good,Good,Good,Good,Fair,,,,,,,,,,,,0102,,,,6418.2210000000005
13274,Kootenai National Forest,170101011210,Rainy Creek,Functioning Properly,11050.1,52,48,Good,Good,Good,Fair,Good,Fair,Fair,Fair,Good,Good,Good,Good,,,,,,,,,,,,0114,,,,5731.647
13285,Beaverhead-Deerlodge National Forest,100200060302,Cataract Creek,Functioning at Risk,21491.0,81,19,Poor,Fair,Poor,Good,Poor,Fair,Good,Good,Good,Good,Good,Fair,,,,,,,,,,,,0102,,,,17390.438000000002
13303,Beaverhead-Deerlodge National Forest,100200020204,Lower Rattlesnake Creek,Functioning at Risk,30400.0,9,91,Poor,Fair,Poor,Poor,Poor,Poor,Good,Good,Good,Good,Good,Good,,,,,,,,,,,,0102,,,,2800.507
13338,Beaverhead-Deerlodge National Forest,100200050202,Homestake Creek,Functioning at Risk,13313.2,84,16,Poor,Fair,Good,Good,Poor,Poor,Good,Good,Good,Fair,Good,Fair,,,,,,,,,,,,0102,,,,11142.196
13380,Kootenai National Forest,170101020108,Pleasant Valley Fisher River-Loon Lake,Functioning Properly,30369.3,23,77,Good,Fair,Good,Good,Good,Poor,Good,Good,Good,Good,Good,Good,,,,,,,,,,,,0114,,,,6852.512000000001
13405,Idaho Panhandle National Forests,170103040303,Quartz Creek,Functioning Properly,14658.7,100,0,Good,Good,Good,Good,Fair,Poor,Good,Fair,Good,Good,Good,Good,,,,,,,,,,,,0104,,,,14658.711
13422,Kootenai National Forest,170102100101,Stillwater River Headwaters,Functioning Properly,21134.5,32,68,Good,Good,Good,Good,Good,Good,Good,Fair,Good,Good,Good,Good,,,,,,,,,,,,0114,,,,6767.136
13430,Kootenai National Forest,170101011211,Mitchell Creek-Kootenai River,Functioning Properly,32829.5,52,48,Fair,Good,Fair,Good,Good,Poor,Good,Good,Good,Good,Good,Good,,,,,,,,,,,,0114,,,,16956.891
13458,Beaverhead-Deerlodge National Forest,170102010703,Clark Fork River-Powell Creek,Functioning Properly,25012.8,5,95,Fair,Good,Good,Good,Good,Fair,Good,Good,Good,Good,Good,Good,,,,,,,,,,,,0102,,,,1315.64
13466,Bitterroot National Forest,170102051304,Lower Burnt Fork Bitterroot River,Functioning at Risk,21158.8,71,29,Fair,Fair,Fair,Fair,Fair,Fair,Good,Fair,Good,Good,Fair,Fair,2024,<Principal_Reason><Concerns><Concern><Value>Wildfire Risk</Value></Concern><Concern><Value>Water Quality</Value></Concern><Concern><Value>Riparian Structure and Function</Value></Concern></Concerns><Opportunities><Opportunity><Value>Larger-Scale Restoration</Value></Opportunity><Opportunity><Value>Potential Partnership</Value></Opportunity><Opportunity><Value>Improve Condition</Value></Opportunity></Opportunities></Principal_Reason>,Reduce wildfire risk and protect riparian values. Improve aquatic habitat and water quality. 303d listed stream (Muddy Spring Creek) for sediment impairement and nitrate/nitrite. ESA listed bull trout.,,2024-01-03,2028-09-30,,,,,,0103,Lower Burnt Fork Bitterroot River WRAP,2024-01-03,,15088.254
13468,Beaverhead-Deerlodge National Forest,170102010406,Racetrack Creek,Functioning Properly,32972.0,78,22,Fair,Good,Good,Fair,Good,Fair,Good,Fair,Good,Fair,Good,Good,,,,,,,,,,,,0102,,,,25654.787
13483,Kootenai National Forest,170101020107,McGinnis Creek,Functioning at Risk,20156.4,28,73,Good,Poor,Good,Fair,Good,Poor,Good,Good,Fair,Good,Good,Good,,,,,,,,,,,,0114,,,,5536.222000000001
13485,Beaverhead-Deerlodge National Forest,170102021004,Lower West Fork Ross Creek,Functioning Properly,22565.9,66,34,Fair,Good,Fair,Good,Good,Fair,Good,Fair,Good,Fair,Good,Good,,,,,,,,,,,,0102,,,,14795.004
13508,Beaverhead-Deerlodge National Forest,170102010103,Browns Gulch-Bull Run Creek,Functioning at Risk,19581.3,9,91,Poor,Fair,Good,Fair,Fair,Poor,Good,Good,Good,Good,Fair,Fair,,,,,,,,,,,,0102,,,,1821.381
13515,Idaho Panhandle National Forests,170603080103,Sawtooth Creek,Functioning Properly,17396.2,100,0,Good,Good,Good,Good,Good,Good,Good,Fair,Good,Good,Good,Good,,,,,,,,,,,,0104,,,,17396.222
13597,Beaverhead-Deerlodge National Forest,100200030306,Cream Creek-Ruby River,Functioning Properly,26069.4,56,44,Fair,Fair,Fair,Good,Fair,Good,Good,Good,Good,Good,Good,Good,,,,,,,,,,,,0102,,,,14634.003
13608,Beaverhead-Deerlodge National Forest,100200041207,Brownes Gulch-Big Hole River,Functioning Properly,25322.7,11,89,Poor,Fair,Good,Good,Good,Fair,Good,Good,Good,Good,Good,Fair,,,,,,,,,,,,0102,,,,2814.748
13632,Beaverhead-Deerlodge National Forest,100200060301,Basin Creek,Functioning at Risk,26662.7,92,8,Fair,Fair,Poor,Good,Poor,Poor,Good,Good,Good,Fair,Good,Fair,,,,,,,,,,,,0102,,,,24418.533
13646,Idaho Panhandle National Forests,170103040702,Merry Creek-Middle Fork St Maries River,Functioning at Risk,22686.8,21,79,Fair,Poor,Fair,Good,Fair,Poor,Fair,Good,Good,Good,Good,Fair,,,,,,,,,,,,0104,,,,4809.859
13668,Kootenai National Forest,170101011301,Upper Libby Creek,Functioning Properly,42989.1,92,8,Good,Good,Good,Good,Fair,Fair,Good,Fair,Good,Good,Good,Good,,,,,,,,,,,,0114,,,,39572.588
13674,Beaverhead-Deerlodge National Forest,100200041303,Birch Creek,Functioning at Risk,34223.3,70,30,Fair,Poor,Poor,Fair,Good,Poor,Good,Good,Good,Good,Good,Good,,,,,,,,,,,,0102,,,,23871.964
13687,Beaverhead-Deerlodge National Forest,170102021101,Upper Willow Creek Headwaters,Functioning Properly,11742.800000000001,99,2,Fair,Good,Good,Good,Good,Good,Good,Fair,Good,Fair,Good,Good,,,,,,,,,,,,0102,,,,11566.965
13702,Beaverhead-Deerlodge National Forest,100200071101,Upper North Meadow Creek,Functioning at Risk,19756.4,86,14,Poor,Fair,Poor,Fair,Fair,Good,Good,Good,Good,Fair,Good,Good,,,,,,,,,,,,0102,,,,17016.402000000002
13770,Beaverhead-Deerlodge National Forest,100200011003,Middle Bloody Dick Creek,Functioning Properly,24133.9,57,44,Poor,Good,Poor,Fair,Good,Fair,Good,Good,Good,Good,Good,Good,,,,,,,,,,,,0102,,,,13639.574
13776,Kootenai National Forest,170101010704,Middle Fortine Creek,Functioning at Risk,23556.2,68,33,Fair,Poor,Fair,Good,Good,Fair,Good,Good,Fair,Good,Good,Good,,,,,,,,,,,,0114,,,,15898.677
13777,Kootenai National Forest,170101030306,Vinal Creek-Yaak River,Functioning Properly,33786.6,88,12,Good,Poor,Good,Fair,Good,Good,Good,Fair,Good,Good,Good,Good,,,,,,,,,,,,0114,,,,29587.784
13785,Beaverhead-Deerlodge National Forest,170102010403,Lower Lost Creek,Functioning Properly,21598.3,5,95,Fair,Good,Poor,Good,Good,Poor,Fair,Good,Good,Good,Fair,Fair,,,,,,,,,,,,0102,,,,1139.9160000000002
13786,Beaverhead-Deerlodge National Forest,100200030502,California Creek,Functioning at Risk,15460.6,27,74,Fair,Fair,Poor,Good,Fair,Poor,Good,Good,Good,Good,Good,Good,,,,,,,,,,,,0102,,,,4104.463000000001
13799,Beaverhead-Deerlodge National Forest,100200040902,Wyman Creek,Functioning Properly,19232.8,100,0,Fair,Fair,Good,Good,Good,Fair,Good,Good,Good,Good,Good,Fair,,,,,,,,,,,,0102,,,,19232.807
13806,Kootenai National Forest,170101030502,Independence Creek-Yaak River,Functioning Properly,25905.9,97,3,Good,Good,Good,Good,Good,Good,Good,Fair,Good,Good,Good,Good,,,,,,,,,,,,0114,,,,25125.863
13883,Custer Gallatin National Forest,100200081001,Upper Hyalite Creek,Functioning at Risk,31066.600000000002,99,1,Poor,Fair,Good,Poor,Fair,Fair,Good,Fair,Good,Good,Good,Good,2011,<Principal_Reason><Resources><Resource><Value>Municipal Watershed</Value></Resource></Resources><Concerns><Concern><Value>Wildfire Risk</Value></Concern><Concern><Value>Water Quality</Value></Concern><Concern><Value>Invasive Species</Value></Concern></Concerns></Principal_Reason>,"Perennial flow regimes impaired due to impoundment and diversion.  Water quality 303(d) listing of  Hyalite Creek with water quality impacts from roads, trails, heavy recreation use, and ammonia release from Hyalite Reservoir,  heavy fuels buildup and loss of natural wildfire interval, conifer encroachment, heavy recreation use with localized erosion damage, accelerating weed infestations, loss of whitebark pine, loss of aspen.",<Known_Partners><Partner><Name>City of Bozeman</Name><Type>Known</Type></Partner><Partner><Name>Friends of Hyalite</Name><Type>Known</Type></Partner><Partner><Name>Montana State University</Name><Type>Known</Type></Partner><Partner><Name>Gallatin County Weed Control District</Name><Type>Known</Type></Partner><Partner><Name>Montana Department of Natural Resources and Conservation</Name><Type>Known</Type></Partner><Partner><Name>Montana Department of Environmental Quality</Name><Type>Known</Type></Partner><Partner><Name>Bridger Ski Foundation</Name><Type>Known</Type></Partner></Known_Partners>,2011-10-31,2022-09-30,9,830000,,,Y,0111,Upper Hyalite Creek Watershed Restoration Action Plan,2011-10-31,,30757.559
14021,Flathead National Forest,170102110101,Beaver Creek,Functioning Properly,15754.800000000001,83,17,Fair,Poor,Good,Good,Good,Fair,Good,Good,Good,Good,Fair,----,2011,"<Principal_Reason><Opportunities><Opportunity><Value>Larger-Scale Restoration</Value></Opportunity><Opportunity><Value>Maintain Condition</Value></Opportunity><Opportunity><Value>Improve Condition</Value></Opportunity></Opportunities><Cost>$100,000 to $1 million</Cost></Principal_Reason>","Beaver Creek is in the headwaters of the Swan River Sub-Basin and within the Southwest Crown Coordinated Forest Land Restoration Project (CFLRP) Area.  The Swan Valley Grizzly Bear Conservation Agreement requires that large resource management activities be scheduled by Grizzly Bear sub-unit.  The sub-unit containing Beaver Creek will be open for management activities starting in 2012.  Resource issues in this watershed include high road density, forest insects and disease, and noxious weed infestation.",,2012-08-21,2020-09-30,4,120000,,,Y,0110,Beaver Creek Watershed Action Plan,2012-08-21,,13102.305
14495,Dakota Prairie Grasslands,101303010602,101303010602,Functioning at Risk,21063.600000000002,36,64,Fair,Poor,Poor,Poor,Fair,Poor,Good,Good,----,Good,Good,Fair,2023,<Principal_Reason><Concerns><Concern><Value>Riparian Structure and Function</Value></Concern><Concern><Value>Water Quality</Value></Concern></Concerns><Opportunities><Opportunity><Value>Improve Condition</Value></Opportunity><Opportunity><Value>Potential Partnership</Value></Opportunity><Opportunity><Value>Socio-Economic Benefit</Value></Opportunity></Opportunities></Principal_Reason>,"Riparian areas along the unnamed tributary to North Fork Grand River in Allotment 4B above the dam are not in proper functioning condition. Salt stress and shrinking riparian zones are evident in the upper parts of the watershed where riparian vegetation was receding and unhealthy. Elevated salinity/SAR in the area, clay characteristics if the soil, and historic drought (2011-2013) have contributed to the ecosystem shift. Once crested wheatgrass cures, cattle stop grazing on it preferring native or riparian grasses. Forcing cattle to graze on the crested will reduce pressure on the riparian areas giving riparian more time during the season for recovery.",<Known_Partners><Partner><Name>Grand River Grazing Association</Name><Type>Known</Type></Partner></Known_Partners>,2023-10-05,2025-10-31,3,105000,,,Y,0118,"101303010602 FY23 WRAP, Grand River Ranger District",2023-10-05,,7547.58
14523,Helena-Lewis And Clark National Forest,100301010802,Cabin Gulch,Functioning at Risk,7648.7,92,8,Fair,Fair,Good,Good,Fair,Poor,Fair,Fair,Good,Good,Fair,Fair,2014,<Principal_Reason><Concerns><Concern><Value>Riparian Structure and Function</Value></Concern><Concern><Value>Species Habitat</Value></Concern><Concern><Value>Water Quality</Value></Concern></Concerns><Cost>$1 million to $5 million</Cost></Principal_Reason>,"Roads and historic mining have impacted channel form and function, as well as aquatic habitat and connectivity. Recent mountain pin bettle infestation killed most pine. Heavy fuel loads. ","<Known_Partners><Partner><Name>Monanat fish, wildlife and parks</Name><Type>Known</Type></Partner><Partner><Name>Youth Forest Monitoring Program</Name><Type>Known</Type></Partner><Partner><Name>Broadwater County (Montana) Conservation</Name><Type>Known</Type></Partner></Known_Partners>",2014-06-27,2019-09-30,4,4500000,2024-09-30,,Y,0115,Cabin Gulch WRAP,2014-06-27,,7067.921
14660,Nez Perce-Clearwater National Forest,170603080701,Upper Elk Creek,Functioning at Risk,26980.8,88,12,Poor,Fair,Fair,Poor,Fair,Poor,Good,Good,Good,Good,Good,Poor,2011,<Principal_Reason><Resources><Resource><Value>Municipal Watershed</Value></Resource><Resource><Value>Species Protection Area</Value></Resource></Resources><Concerns><Concern><Value>Wildfire Risk</Value></Concern><Concern><Value>Species Habitat</Value></Concern><Concern><Value>Water Quality</Value></Concern></Concerns></Principal_Reason>,"The primary reasons for selecting Upper Elk Creek were to take actions to protect water quality for the Elk Creek Municipal Watershed, to restore watershed conditions impaired by past management activities, and to abate the wildfire risks associated with widespread insect and disease infestations.",<Known_Partners><Partner><Name>Potlatch Corporation</Name><Type>Known</Type></Partner><Partner><Name>City of Elk River</Name><Type>Known</Type></Partner><Partner><Name>Idaho Department of Parks and Recreation</Name><Type>Known</Type></Partner><Partner><Name>Idaho Department of Fish and Game</Name><Type>Known</Type></Partner><Partner><Name>Clearwater Soil and Water Conservation District </Name><Type>Known</Type></Partner><Partner><Name>Palouse-Clearwater Environmental Institute</Name><Type>Known</Type></Partner><Partner><Name>Idaho Department of Lands</Name><Type>Known</Type></Partner></Known_Partners>,2011-10-28,2019-12-31,7,8023000,,,Y,0117,Upper Elk Creek WRAP,2011-10-28,,23719.673
14894,Idaho Panhandle National Forests,170102131202,Middle Lightning Creek,Functioning at Risk,28131.8,100,0,Fair,Fair,Poor,Good,Poor,Good,Good,Fair,Good,Good,Good,Good,2014,"<Principal_Reason><Concerns><Concern><Value>Other</Value></Concern><Concern><Value>Water Quality</Value></Concern><Concern><Value>Riparian Structure and Function</Value></Concern></Concerns><Cost>$100,000 to $1 million</Cost></Principal_Reason>","Increased road density, roads in floodplain, reduced aquatic and ripariant habitat complexity, elevated stream temps",<Known_Partners><Partner><Name>Avista Corporation</Name><Type>Known</Type></Partner><Partner><Name>Trout Unlimited</Name><Type>Known</Type></Partner><Partner><Name>National Forest Foundation</Name><Type>Known</Type></Partner><Partner><Name>Friends of Scotchman Peaks Wilderness</Name><Type>Known</Type></Partner><Partner><Name>Idaho Department of Fish and Game</Name><Type>Known</Type></Partner></Known_Partners>,2013-12-17,2016-09-30,2,210000,2015-10-31,,Y,0104,Lower and Middle Lighning Creek WRAP,2013-12-17,Y,28131.801
14957,Nez Perce-Clearwater National Forest,170602100504,Sq___ Creek,Functioning Properly,11844.800000000001,70,30,Good,Fair,Good,Good,Fair,Fair,Good,Fair,Good,Good,Good,Fair,,,,,,,,,,,,0117,,,,8256.575
14963,Bitterroot National Forest,170102050204,Nez Pierce Fork-Nelson Lake,Functioning Properly,23927.100000000002,96,4,Fair,Fair,Fair,Good,Fair,Fair,Good,Fair,Good,Fair,Good,Good,2024,<Principal_Reason><Resources><Resource><Value>Outstanding Resource Water</Value></Resource><Resource><Value>Species Protection Area</Value></Resource></Resources><Concerns><Concern><Value>Other</Value></Concern><Concern><Value>Species Habitat</Value></Concern><Concern><Value>Water Quality</Value></Concern></Concerns></Principal_Reason>,"Temperature TMDL, Bull Trout occupied and designated critical habitat. West slope cutthroat trout habitat (RFSS). Barrier culverts to historic habitat. Chronic sediment issue on the FSR 468 road that is high recreation road and within 4 to 30 feet in most places on Nez Perce Creek from LIttle West Fk Bitterroot to Faley Creek.  ",<Known_Partners><Partner><Name>Trout Unlimited</Name><Type>Known</Type></Partner></Known_Partners>,2024-02-01,2026-06-30,3,5002000,,,,0103,Nez Perce Watershed Restoration Action Plan,2024-02-01,,23044.418
15050,Lolo National Forest,170102040405,Lower Petty Creek,Impaired Function,12315.4,76,24,Poor,Fair,Poor,Good,Poor,Fair,Good,Good,Good,Good,Fair,----,2023,<Principal_Reason><Concerns><Concern><Value>Riparian Structure and Function</Value></Concern><Concern><Value>Species Habitat</Value></Concern><Concern><Value>Water Quality</Value></Concern></Concerns><Opportunities><Opportunity><Value>Improve Condition</Value></Opportunity><Opportunity><Value>Potential Partnership</Value></Opportunity></Opportunities></Principal_Reason>,Lower Petty Creek has streams that are on the Montana TMDL list for not meeting water quality standards and also has degraded fish habitat. ,"<Known_Partners><Partner><Name>Montana Department of Environmental Quality</Name><Type>Known</Type></Partner><Partner><Name>Montana Fish, Wildlife, and Parks</Name><Type>Known</Type></Partner><Partner><Name>Trout Unlimited</Name><Type>Known</Type></Partner></Known_Partners>",2023-03-21,,2,700000,,,Y,0116,Lower Petty Creek WRAP,2023-03-21,,9381.782000000001
5,Kootenai National Forest,170101010606,170101010606-Lake Koocanusa,Functioning Properly,26084.3,17,83,Good,Good,Fair,Good,Good,Fair,Good,Good,Good,Good,Good,Good,,,,,,,,,,,,0114,,,,4468.0
199,Idaho Panhandle National Forests,170103010704,Cougar Gulch,Functioning at Risk,12387.1,90,11,Fair,Fair,Fair,Good,Fair,Poor,Fair,Good,Good,Good,Good,Good,,,,,,,,,,,,0104,,,,11081.744
225,Helena-Lewis And Clark National Forest,100301011604,Upper Trout Creek,Functioning at Risk,19479.600000000002,77,23,Fair,Poor,Fair,Good,Fair,Poor,Fair,Fair,Good,Fair,Good,Fair,,,,,,,,,,,,0115,,,,14915.29
287,Idaho Panhandle National Forests,170102150701,Binarch Creek-Priest River,Functioning at Risk,14663.0,65,35,Poor,Fair,Poor,Good,Fair,Fair,Good,Good,Good,Good,Fair,Good,,,,,,,,,,,,0104,,,,9542.175000000001
295,Idaho Panhandle National Forests,170103010203,Independence Creek,Functioning Properly,38298.4,100,0,Good,Fair,Fair,Good,Fair,Good,Good,Good,Good,Good,Good,Good,,,,,,,,,,,,0104,,,,38183.048
364,Custer Gallatin National Forest,100901020703,Liscom Creek,Functioning at Risk,30444.100000000002,28,72,Fair,Fair,Good,Fair,Fair,Fair,Fair,Fair,Poor,Good,Good,Good,,,,,,,,,,,,0111,,,,8491.79
365,Bitterroot National Forest,170102050403,East Fork Bitterroot River-Clifford Creek,Functioning Properly,37117.8,100,0,Good,Good,Good,Good,Good,Good,Good,Fair,Good,Fair,Good,Good,,,,,,,,,,,,0103,,,,37071.562
428,Flathead National Forest,170102060412,Ford Creek-North Fork Flathead River-Ford Creek,Functioning Properly,37721.5,21,79,Fair,Good,Good,Good,Good,Good,Good,Good,Good,Good,Poor,----,,,,,,,,,,,,0110,,,,8012.631
451,Custer Gallatin National Forest,101303040401,North Sand Creek-Sand Creek,Functioning Properly,20166.9,17,83,Good,Fair,Good,Good,Good,Good,Good,Fair,Poor,Good,Good,Good,,,,,,,,,,,,0111,,,,3352.569
464,Helena-Lewis And Clark National Forest,170102010610,Threemile Creek,Functioning Properly,14316.0,33,68,Fair,Good,Good,Good,Good,Poor,Good,Fair,Good,Fair,Good,Fair,,,,,,,,,,,,0115,,,,4659.593
516,Lolo National Forest,170102130302,McGinnis Creek,Functioning at Risk,11203.800000000001,100,0,Fair,Poor,Fair,Fair,Fair,Fair,Good,Good,Good,Good,Fair,Fair,,,,,,,,,,,,0116,,,,11186.107
621,Nez Perce-Clearwater National Forest,170603030601,Upper Fish Creek,Functioning Properly,23269.100000000002,100,0,Good,Good,Good,Good,Good,Good,Good,Fair,Good,Good,Good,Good,,,,,,,,,,,,0117,,,,23269.07
622,Nez Perce-Clearwater National Forest,170603070501,Upper Weitas Creek,Functioning Properly,15838.800000000001,100,0,Good,Good,Good,Good,Good,Good,Good,Poor,Good,Good,Good,Good,,,,,,,,,,,,0117,,,,15838.82
696,Helena-Lewis And Clark National Forest,100402010701,Upper Hopley Creek,Functioning at Risk,39893.9,57,43,Fair,Fair,Good,Poor,Good,Poor,Good,Fair,Good,Fair,Poor,Fair,,,,,,,,,,,,0115,,,,22862.148
748,Helena-Lewis And Clark National Forest,170102030205,Hogum Creek,Functioning at Risk,7634.0,90,10,Fair,Fair,Fair,Good,Fair,Poor,Good,Fair,Good,Fair,Fair,Fair,,,,,,,,,,,,0115,,,,6851.62
805,Idaho Panhandle National Forests,170103030405,Fernan Lake,Functioning at Risk,20866.0,44,56,Poor,Good,Poor,Fair,Poor,Good,Good,Good,Good,Good,Good,Good,,,,,,,,,,,,0104,,,,9101.913
836,Flathead National Forest,170102080205,Middle Ashley Creek,Functioning Properly,36798.8,10,90,Poor,Good,Good,Good,Good,Good,Good,Fair,Good,Good,Poor,----,,,,,,,,,,,,0110,,,,3794.617
886,Flathead National Forest,170102080107,Egan Slough,Functioning Properly,18923.3,53,47,Fair,Good,Good,Good,Good,Good,Good,Good,Good,Good,Good,----,,,,,,,,,,,,0110,,,,10040.073
954,Helena-Lewis And Clark National Forest,100301040204,Middle South Fork Sun River,Functioning Properly,10591.6,100,0,Fair,Good,Good,Good,Good,Good,Poor,Poor,Poor,Fair,Good,----,,,,,,,,,,,,0115,,,,10591.567
956,Nez Perce-Clearwater National Forest,170603030402,Wind Lakes Creek,Functioning Properly,12568.5,100,0,Good,Good,Good,Good,Good,Good,Good,Poor,Good,Good,Good,----,,,,,,,,,,,,0117,,,,12568.469000000001
1023,Custer Gallatin National Forest,100700050403,Fiddler Creek,Functioning Properly,18029.4,36,64,Poor,Good,Good,Good,Good,Good,Good,Fair,Good,Good,Good,Good,,,,,,,,,,,,0111,,,,6457.658
1048,Custer Gallatin National Forest,100901020305,Newell Creek-Otter Creek,Functioning Properly,30339.3,16,84,Good,Good,Good,Fair,Fair,Good,Good,Good,Good,Good,Good,Good,,,,,,,,,,,,0111,,,,4940.251
1352,Bitterroot National Forest,170102050804,Tin Cup Creek,Functioning Properly,27035.0,94,6,Fair,Good,Fair,Fair,Good,Good,Good,Fair,Good,Fair,Fair,Good,,,,,,,,,,,,0103,,,,25434.522
1442,Nez Perce-Clearwater National Forest,170603050202,East Fork American River,Functioning at Risk,11401.4,93,7,Good,Good,Poor,Fair,Fair,Good,Poor,Poor,Good,Good,Good,----,,,,,,,,,,,,0117,,,,10590.81
1593,Beaverhead-Deerlodge National Forest,100200060505,Quinn Creek-Boulder River,Functioning Properly,31929.9,17,83,Poor,Good,Good,Good,Poor,Good,Good,Good,Good,Good,Good,Good,,,,,,,,,,,,0102,,,,5558.1230000000005
1678,Nez Perce-Clearwater National Forest,170603070103,Vanderbilt Creek-North Fork Clearwater River,Functioning Properly,34099.6,99,1,Good,Good,Good,Good,Good,Fair,Good,Fair,Good,Good,Good,Good,,,,,,,,,,,,0117,,,,33852.12
1693,Flathead National Forest,170102060310,Tuchuck Creek,Functioning Properly,18078.2,100,0,Good,Good,Good,Good,Good,Good,Good,Good,Good,Good,Good,----,,,,,,,,,,,,0110,,,,18078.127
1800,Custer Gallatin National Forest,100902090601,Upper Spring Creek,Functioning Properly,23701.9,19,81,Good,Good,Good,Good,Good,Fair,Fair,Fair,Good,Good,Good,Good,,,,,,,,,,,,0111,,,,4407.086
1826,Flathead National Forest,170102090601,Sullivan Creek,Functioning Properly,30908.100000000002,100,0,Good,Good,Good,Good,Good,Good,Good,Good,Good,Good,Fair,----,,,,,,,,,,,,0110,,,,30908.078
1938,Lolo National Forest,170102130901,Graves Creek,Functioning at Risk,18350.2,95,5,Good,Fair,Fair,Good,Good,Poor,Good,Fair,Good,Fair,Fair,----,,,,,,,,,,,,0116,,,,17504.376
2134,Helena-Lewis And Clark National Forest,100301030903,Upper Deep Creek,Functioning Properly,11276.4,100,0,Fair,Fair,Good,Good,Good,Fair,Good,Good,Good,Fair,Good,Fair,,,,,,,,,,,,0115,,,,11276.439
2464,Nez Perce-Clearwater National Forest,170603010703,Elk Creek-Selway River,Functioning Properly,18180.600000000002,99,1,Good,Good,Good,Good,Good,Good,Good,Poor,Good,Good,Poor,Poor,,,,,,,,,,,,0117,,,,18022.774
2500,Bitterroot National Forest,170102050404,Meadow Creek,Functioning Properly,20600.100000000002,100,0,Good,Fair,Fair,Good,Good,Fair,Fair,Fair,Good,Good,Poor,Fair,,,,,,,,,,,,0103,,,,20600.022
2563,Flathead National Forest,170102060404,Shorty Creek,Functioning Properly,11985.0,100,0,Good,Good,Good,Good,Good,Good,Good,Good,Good,Good,Good,----,,,,,,,,,,,,0110,,,,11984.236
2796,Flathead National Forest,170102070203,Granite Creek,Functioning Properly,18340.5,100,0,Fair,Good,Good,Good,Good,Good,Good,Fair,Good,Fair,Fair,----,,,,,,,,,,,,0110,,,,18340.494
2829,Helena-Lewis And Clark National Forest,100301050105,Hoover Creek-Belt Creek,Functioning at Risk,30999.4,76,24,Poor,Good,Poor,Good,Good,Poor,Poor,Fair,Fair,Fair,Poor,Fair,,,,,,,,,,,,0115,,,,23610.178
2837,Helena-Lewis And Clark National Forest,100301011403,Greenhorn Creek,Functioning at Risk,12939.300000000001,60,40,Fair,Poor,Good,Fair,Fair,Poor,Fair,Fair,Good,Fair,Fair,Fair,,,,,,,,,,,,0115,,,,7811.555
2999,Helena-Lewis And Clark National Forest,170102010507,Little Blackfoot River-Hat Creek,Impaired Function,13529.2,68,32,Poor,Fair,Poor,Fair,Poor,Poor,Poor,Poor,Good,Fair,Fair,Fair,,,,,,,,,,,,0115,,,,9243.744
3068,Kootenai National Forest,170101011503,Bobtail Creek,Functioning Properly,13982.2,73,27,Good,Poor,Fair,Good,Good,Good,Good,Fair,Good,Good,Good,Good,,,,,,,,,,,,0114,,,,10200.617
3147,Nez Perce-Clearwater National Forest,170603080704,Long Meadow Creek,Impaired Function,35698.700000000004,14,86,Poor,Poor,Poor,Good,Poor,Poor,Fair,Good,Good,Good,Good,Poor,,,,,,,,,,,,0117,,,,4961.3550000000005
3154,Lolo National Forest,170102130406,Thompson River-Deerhorn Creek,Impaired Function,30756.100000000002,53,47,Fair,Fair,Fair,Good,Poor,Poor,Good,Fair,Good,Good,Fair,----,,,,,,,,,,,,0116,,,,16260.651000000002
3222,Lolo National Forest,170102040610,Oregon Gulch,Impaired Function,20288.600000000002,99,1,Good,Fair,Fair,Fair,Fair,Fair,Good,Fair,Good,Fair,Fair,----,,,,,,,,,,,,0116,,,,20058.224
3244,Flathead National Forest,170102090502,Gorge Creek,Functioning Properly,33936.1,100,0,Good,Good,Good,Good,Good,Good,Good,Good,Good,Good,Good,----,,,,,,,,,,,,0110,,,,33936.132
3287,Nez Perce-Clearwater National Forest,170603030302,Legendary Bear Creek,Functioning at Risk,13229.5,79,21,Good,Fair,Good,Good,Good,Poor,Fair,Poor,Good,Good,Good,Poor,,,,,,,,,,,,0117,,,,10405.875
3354,Nez Perce-Clearwater National Forest,170603030501,Post Office Creek,Functioning Properly,12198.6,100,0,Good,Good,Good,Good,Good,Fair,Good,Poor,Good,Good,Good,Good,,,,,,,,,,,,0117,,,,12198.550000000001
3370,Helena-Lewis And Clark National Forest,100301010801,Upper Deep Creek,Functioning at Risk,19898.3,23,77,Fair,Fair,Good,Good,Good,Poor,Fair,Fair,Good,Good,Good,Fair,,,,,,,,,,,,0115,,,,4645.395
3374,Nez Perce-Clearwater National Forest,170602071105,Bear Creek-Salmon River,Functioning Properly,17459.9,71,30,Good,Fair,Good,Good,Good,Good,Fair,Fair,Good,Good,Poor,Good,,,,,,,,,,,,0117,,,,12315.246
3380,Nez Perce-Clearwater National Forest,170602090502,Skookumchuck Creek,Functioning at Risk,20947.2,69,31,Good,Poor,Good,Fair,Fair,Poor,Fair,Fair,Good,Good,Good,Poor,,,,,,,,,,,,0117,,,,14406.49
3381,Nez Perce-Clearwater National Forest,170602070904,Lower Crooked Creek,Functioning Properly,20063.600000000002,100,1,Good,Good,Fair,Good,Good,Good,Fair,Fair,Good,Good,Good,Fair,,,,,,,,,,,,0117,,,,19964.271
3406,Custer Gallatin National Forest,100700010803,Middle Hellroaring Creek,Functioning Properly,25210.3,100,0,Poor,Good,Good,Good,Good,Good,Good,Good,Poor,Good,Good,Good,,,,,,,,,,,,0111,,,,25210.294
3461,Nez Perce-Clearwater National Forest,170603040103,Lower Clear Creek,Functioning at Risk,29411.8,27,74,Good,Poor,Good,Fair,Poor,Poor,Fair,Fair,Good,Good,Good,Good,,,,,,,,,,,,0117,,,,7787.629000000001
3484,Dakota Prairie Grasslands,101102030105,Cash Creek,Functioning at Risk,11756.2,12,88,Fair,Poor,Fair,Fair,Fair,Poor,Fair,Good,Good,Good,Good,Fair,,,,,,,,,,,,0118,,,,1359.866
3523,Custer Gallatin National Forest,100200070202,Madison Arm-Madison River,Functioning Properly,47887.1,32,68,Poor,Good,Good,Good,Good,Fair,Poor,Good,Fair,Good,Good,Good,,,,,,,,,,,,0111,,,,15479.083
3547,Dakota Prairie Grasslands,101102030103,South Butte Creek-Little Missouri River,Functioning at Risk,22296.9,20,80,Fair,Fair,Fair,Good,Good,Poor,Fair,Good,Good,Good,Good,Poor,,,,,,,,,,,,0118,,,,4422.497
3612,Custer Gallatin National Forest,100700050103,Wounded Man Creek,Functioning Properly,17573.3,100,0,Fair,Good,Good,Good,Good,Good,Good,Good,Good,Good,Good,----,,,,,,,,,,,,0111,,,,17573.286
3639,Flathead National Forest,170102070405,Middle Fork Flathead River-Deer Lick Creek,Functioning Properly,35701.9,65,35,Fair,Good,Good,Good,Good,Good,Good,Good,Good,Good,Good,----,,,,,,,,,,,,0110,,,,23335.809
3674,Lolo National Forest,170102051603,Bitterroot River-Hayes Creek,Functioning at Risk,31827.8,25,75,Fair,Fair,Fair,Good,Fair,Good,Fair,Fair,Good,Good,Fair,----,,,,,,,,,,,,0116,,,,7935.871
3788,Helena-Lewis And Clark National Forest,100302010203,Mitten Lake-Badger Creek,Functioning at Risk,24755.0,14,86,Poor,Fair,Good,Poor,Fair,Good,Good,Good,Good,Good,Fair,Good,,,,,,,,,,,,0115,,,,3387.116
3813,Flathead National Forest,170102090101,Upper Danaher Creek,Functioning Properly,32747.9,100,0,Good,Fair,Good,Good,Good,Good,Good,Good,Good,Good,Fair,----,,,,,,,,,,,,0110,,,,32747.913
3825,Custer Gallatin National Forest,100700060105,Lake Creek,Functioning Properly,27496.3,99,1,Fair,Good,Fair,Good,Good,Good,Good,Good,Good,Good,Good,Good,,,,,,,,,,,,0111,,,,27118.207000000002
3893,Helena-Lewis And Clark National Forest,100301010103,Faulkner Creek,Functioning at Risk,6489.6,20,80,Fair,Poor,Good,Good,Good,Poor,Fair,Fair,Good,Fair,Fair,Fair,,,,,,,,,,,,0115,,,,1269.1490000000001
4026,Flathead National Forest,170102090501,Mid Creek,Functioning Properly,11625.0,100,0,Good,Good,Good,Good,Good,Good,Good,Fair,Good,Fair,Good,----,,,,,,,,,,,,0110,,,,11625.035
4069,Flathead National Forest,170102090305,Black Bear Creek,Functioning Properly,11845.800000000001,100,0,Good,Good,Good,Good,Good,Good,Good,Good,Good,Fair,Good,----,,,,,,,,,,,,0110,,,,11845.846
4112,Flathead National Forest,170102100308,Lower Logan Creek,Functioning Properly,12096.9,76,24,Poor,Good,Good,Good,Good,Good,Good,Good,Good,Good,Fair,----,,,,,,,,,,,,0110,,,,9201.172
4240,Custer Gallatin National Forest,100700050404,Lower West Rosebud Creek,Functioning at Risk,29019.4,88,12,Poor,Fair,Poor,Fair,Fair,Fair,Good,Good,Good,Good,Good,Good,,,,,,,,,,,,0111,,,,25406.498
4476,Kootenai National Forest,170101011106,Geibler Creek-Lake Koocanusa,Functioning Properly,37516.5,98,3,Good,Good,Fair,Good,Fair,Good,Good,Fair,Good,Good,Good,Good,,,,,,,,,,,,0114,,,,36596.438
4605,Helena-Lewis And Clark National Forest,100301030506,Beaver Creek,Functioning at Risk,31160.7,18,83,Fair,Poor,Poor,Fair,Poor,Fair,Fair,Fair,Good,Fair,Good,Fair,,,,,,,,,,,,0115,,,,5443.934
4660,Beaverhead-Deerlodge National Forest,100200020106,Dyce Creek-Grasshopper Creek,Functioning at Risk,21918.5,10,90,Good,Fair,Poor,Fair,Fair,Poor,Good,Good,Good,Good,Good,Fair,,,,,,,,,,,,0102,,,,2201.725
4709,Dakota Prairie Grasslands,101102030404,Upper West Fork Deep Creek,Functioning at Risk,23767.7,16,84,Fair,Good,Fair,Poor,Poor,Fair,Fair,Good,Good,Good,Good,Fair,,,,,,,,,,,,0118,,,,3776.532
4767,Custer Gallatin National Forest,100700020909,Cherry Creek-Boulder River,Functioning Properly,34456.2,12,88,Good,Good,Fair,Good,Fair,Good,Poor,Fair,Fair,Good,Good,Good,,,,,,,,,,,,0111,,,,4252.811000000001
4776,Dakota Prairie Grasslands,101102031201,Upper Whitetail Creek,Functioning at Risk,24492.7,43,57,Fair,Fair,Good,Fair,Fair,Good,Fair,Good,Good,Good,Good,Fair,,,,,,,,,,,,0118,,,,10438.604
4802,Helena-Lewis And Clark National Forest,100302050301,Upper Deep Creek,Functioning Properly,34184.7,57,43,Good,Good,Good,Good,Good,Good,Good,Good,Good,Good,Fair,Fair,,,,,,,,,,,,0115,,,,19593.567000000003
4858,Custer Gallatin National Forest,100301010401,Sixteenmile Creek Headwaters,Functioning Properly,24800.5,14,86,Fair,Good,Good,Good,Good,Good,Poor,Fair,Good,Good,Good,Good,,,,,,,,,,,,0111,,,,3373.855
4887,Helena-Lewis And Clark National Forest,100301010102,Mike Day Creek,Functioning at Risk,7295.5,12,88,Fair,Fair,Good,Fair,Fair,Poor,Fair,Fair,Good,Fair,Fair,Fair,,,,,,,,,,,,0115,,,,865.327
4931,Flathead National Forest,170102060607,Deep Creek-North Fork Flathead River,Functioning Properly,22853.2,36,64,Fair,Good,Good,Good,Good,Good,Good,Fair,Good,Good,Fair,----,,,,,,,,,,,,0110,,,,8269.432
5047,Flathead National Forest,170102110104,Kraft Creek,Functioning Properly,24786.0,99,1,Fair,Poor,Good,Good,Good,Good,Good,Good,Good,Good,Fair,----,,,,,,,,,,,,0110,,,,24494.192
5183,Dakota Prairie Grasslands,101102030402,101102030403,Functioning at Risk,12696.1,11,89,Fair,Fair,Good,Poor,Poor,Poor,Fair,Good,Good,Good,Good,Fair,,,,,,,,,,,,0118,,,,1443.7150000000001
5191,Custer Gallatin National Forest,100700020907,Falls Creek-Boulder River,Functioning Properly,23145.600000000002,93,8,Poor,Good,Poor,Good,Good,Fair,Good,Fair,Good,Good,Good,Good,,,,,,,,,,,,0111,,,,21421.069
5233,Nez Perce-Clearwater National Forest,170603070507,Lower Weitas Creek,Functioning Properly,19097.7,100,0,Good,Good,Good,Good,Good,Fair,Good,Fair,Good,Good,Good,Good,,,,,,,,,,,,0117,,,,19097.702
5271,Beaverhead-Deerlodge National Forest,100200020102,Lake Creek-Grasshopper Creek,Functioning at Risk,32553.9,60,40,Poor,Fair,Good,Fair,Good,Fair,Good,Good,Good,Good,Good,Good,,,,,,,,,,,,0102,,,,19599.842
5329,Bitterroot National Forest,170603010303,Lower White Cap Creek,Functioning Properly,21623.3,100,0,Good,Fair,Good,Good,Good,Good,Good,Good,Good,Fair,Poor,Fair,,,,,,,,,,,,0103,,,,21621.485
5331,Flathead National Forest,170102110303,Goat Creek,Functioning Properly,23209.4,58,43,Fair,Good,Good,Good,Good,Good,Good,Good,Good,Fair,Good,----,,,,,,,,,,,,0110,,,,13352.662
5365,Beaverhead-Deerlodge National Forest,100200041003,Lower Divide Creek,Functioning Properly,16288.2,20,80,Poor,Good,Good,Good,Good,Poor,Good,Good,Good,Good,Fair,Fair,,,,,,,,,,,,0102,,,,3245.26
5366,Beaverhead-Deerlodge National Forest,100200030401,Granite Creek,Functioning Properly,26951.4,34,66,Fair,Fair,Good,Good,Fair,Fair,Good,Good,Good,Good,Good,Good,,,,,,,,,,,,0102,,,,9083.453000000001
5386,Custer Gallatin National Forest,100200080106,Sage Creek,Functioning at Risk,23179.100000000002,99,1,Poor,Fair,Good,Fair,Fair,Fair,Good,Fair,Good,Good,Good,Good,,,,,,,,,,,,0111,,,,22858.467
5570,Lolo National Forest,170102031307,Blackfoot River-Twin Creek,Functioning at Risk,22486.600000000002,7,93,Good,Fair,Good,Good,Fair,Fair,Good,Fair,Good,Good,Fair,----,,,,,,,,,,,,0116,,,,1666.4460000000001
5759,Bitterroot National Forest,170102050402,Martin Creek,Functioning Properly,20386.2,100,0,Good,Fair,Good,Good,Good,Fair,Good,Fair,Good,Fair,Poor,Fair,,,,,,,,,,,,0103,,,,20386.215
5824,Lolo National Forest,170102031203,Boles Creek,Functioning at Risk,12716.800000000001,57,43,Poor,Fair,Good,Good,Fair,Fair,Fair,Good,Good,Good,Fair,----,,,,,,,,,,,,0116,,,,7244.2080000000005
5944,Flathead National Forest,170102090303,Little Salmon Creek,Functioning Properly,36482.0,100,0,Good,Good,Good,Good,Good,Good,Good,Good,Good,Fair,Good,----,,,,,,,,,,,,0110,,,,36481.972
6005,Kootenai National Forest,170101011502,Parmenter Creek,Functioning Properly,11644.4,84,17,Good,Good,Good,Good,Good,Good,Good,Fair,Good,Good,Good,Good,,,,,,,,,,,,0114,,,,9725.276
6011,Idaho Panhandle National Forests,170102150603,Pine Creek-Lower West Branch Priest River,Functioning at Risk,19657.600000000002,58,42,Poor,Poor,Poor,Good,Poor,Fair,Good,Good,Fair,Good,Fair,Fair,,,,,,,,,,,,0104,,,,11461.107
6039,Nez Perce-Clearwater National Forest,170602070703,Trout Creek-Salmon River,Functioning Properly,26222.2,99,1,Good,Good,Good,Good,Good,Good,Good,Poor,Good,Good,Good,Good,,,,,,,,,,,,0117,,,,26046.291
6093,Nez Perce-Clearwater National Forest,170602070402,Upper Sabe Creek,Functioning Properly,19864.9,100,0,Good,Good,Good,Good,Good,Good,Fair,Fair,Fair,Good,Good,Fair,,,,,,,,,,,,0117,,,,19861.349000000002
6160,Custer Gallatin National Forest,100200070307,Hebgen Lake,Functioning at Risk,40372.200000000004,93,7,Poor,Good,Poor,Poor,Good,Fair,Fair,Fair,Good,Good,Good,Good,,,,,,,,,,,,0111,,,,37367.148
6177,Lolo National Forest,170102040304,Ninemile Creek-Butler Creek,Functioning at Risk,25479.0,81,19,Poor,Fair,Poor,Fair,Fair,Good,Fair,Fair,Good,Good,Fair,Good,,,,,,,,,,,,0116,,,,20717.337
6341,Dakota Prairie Grasslands,101102030408,101102030409,Functioning Properly,13643.1,29,71,Fair,Fair,Good,Fair,Fair,Good,Good,Good,Good,Good,Good,Fair,,,,,,,,,,,,0118,,,,3932.2760000000003
6555,Beaverhead-Deerlodge National Forest,100200010304,Lower Junction Creek,Functioning Properly,24249.100000000002,11,89,Poor,Fair,Good,Fair,Fair,Good,Good,Good,Good,Good,Good,Good,,,,,,,,,,,,0102,,,,2691.975
6556,Dakota Prairie Grasslands,101102030802,Third Creek,Functioning Properly,27422.0,40,60,Fair,Good,Good,Fair,Good,Fair,Fair,Good,Good,Good,Good,Poor,,,,,,,,,,,,0118,,,,10914.343
6597,Beaverhead-Deerlodge National Forest,100200040907,Lower Pettengill Creek,Functioning at Risk,13276.7,100,0,Fair,Fair,Poor,Good,Good,Fair,Good,Fair,Good,Good,Good,Fair,,,,,,,,,,,,0102,,,,13235.173999999999
6621,Flathead National Forest,170102100507,Whitefish River-Haskill Creek,Functioning Properly,8218.8,41,59,Poor,Good,Fair,Good,Good,Good,Good,Good,Good,Good,Good,----,,,,,,,,,,,,0110,,,,3390.648
6666,Kootenai National Forest,170102131303,Upper Cabinet Gorge Reservoir,Functioning Properly,16435.3,52,48,Poor,Good,Good,Good,Good,Fair,Good,Good,Good,Good,Good,Good,,,,,,,,,,,,0114,,,,8566.964
6688,Beaverhead-Deerlodge National Forest,100200050101,Hells Canyon Creek,Functioning Properly,24221.3,62,38,Fair,Good,Poor,Good,Fair,Fair,Good,Good,Good,Fair,Good,Good,,,,,,,,,,,,0102,,,,15093.741
6742,Custer Gallatin National Forest,100200070305,Grayling Creek,Functioning Properly,32751.3,13,87,Poor,Good,Good,Fair,Good,Fair,Good,Fair,Good,Good,Good,Good,,,,,,,,,,,,0111,,,,4343.642
6762,Kootenai National Forest,170102131301,Rock Creek,Functioning Properly,21162.600000000002,92,8,Good,Good,Good,Good,Good,Fair,Good,Fair,Good,Good,Good,Good,,,,,,,,,,,,0114,,,,19528.425000000003
6796,Kootenai National Forest,170101011103,McGuire Creek,Functioning Properly,11349.800000000001,100,0,Good,Good,Good,Good,Good,Good,Good,Fair,Fair,Good,Good,Good,,,,,,,,,,,,0114,,,,11349.781
6827,Custer Gallatin National Forest,100700060901,Wyoming Creek-Rock Creek,Functioning Properly,32085.5,99,1,Poor,Good,Good,Fair,Good,Fair,Good,Good,Good,Good,Good,----,,,,,,,,,,,,0111,,,,31753.883
6982,Helena-Lewis And Clark National Forest,100402010301,Miller Creek,Functioning Properly,18790.3,9,91,Good,Fair,Good,Good,Good,Fair,Good,Good,Good,Fair,Fair,Fair,,,,,,,,,,,,0115,,,,1632.63
7177,Flathead National Forest,170102070106,Dolly Creek,Functioning Properly,16467.0,100,0,Fair,Good,Good,Good,Good,Good,Good,Good,Good,Good,Good,----,,,,,,,,,,,,0110,,,,16467.014
7322,Lolo National Forest,170102030804,Lower Monture Creek,Functioning Properly,13788.6,18,82,Good,Fair,Good,Good,Good,Fair,Good,Fair,Good,Good,Fair,Good,,,,,,,,,,,,0116,,,,2506.223
7358,Custer Gallatin National Forest,100200080107,Upper Taylor Creek,Functioning Properly,34639.3,96,4,Fair,Good,Fair,Good,Fair,Good,Fair,Fair,Good,Good,Good,Good,,,,,,,,,,,,0111,,,,33334.472
7364,Custer Gallatin National Forest,100700020803,Davis Creek,Functioning Properly,11932.0,100,1,Fair,Good,Good,Good,Good,Good,Good,Fair,Good,Good,Good,Good,,,,,,,,,,,,0111,,,,11871.300000000001
7452,Flathead National Forest,170102080103,Flathead River-Goodwich Bayou,Functioning Properly,24903.3,14,86,Fair,Good,Good,Fair,Good,Good,Good,Fair,Good,Fair,Good,----,,,,,,,,,,,,0110,,,,3521.6130000000003
7589,Flathead National Forest,170102110308,Middle Swan River-Porcupine Creek,Functioning Properly,16079.6,90,10,Fair,Good,Good,Good,Good,Fair,Good,Good,Good,Good,Fair,----,,,,,,,,,,,,0110,,,,14435.851999999999
7657,Dakota Prairie Grasslands,101102030106,Boyce Creek,Functioning at Risk,24421.3,25,75,Fair,Fair,Good,Fair,Good,Poor,Fair,Good,Good,Good,Good,Fair,,,,,,,,,,,,0118,,,,6061.755
7699,Lolo National Forest,170102040203,Deep Creek,Functioning Properly,19689.600000000002,51,50,Good,Fair,Good,Good,Good,Good,Good,Fair,Good,Good,Fair,----,,,,,,,,,,,,0116,,,,9947.375
7801,Helena-Lewis And Clark National Forest,100301020401,Upper South Fork Dearborn River,Functioning Properly,13123.2,40,60,Fair,Good,Good,Good,Good,Poor,Good,Fair,Good,Fair,Good,Good,,,,,,,,,,,,0115,,,,5288.6630000000005
8044,Beaverhead-Deerlodge National Forest,170102020610,Harvey Creek,Functioning Properly,25339.3,78,22,Good,Good,Good,Good,Good,Fair,Good,Fair,Good,Fair,Good,Good,,,,,,,,,,,,0102,,,,19731.712
8082,Custer Gallatin National Forest,100901020407,Poker Teechee Creek-Tongue River,Functioning Properly,21367.4,24,76,Good,Fair,Good,Good,Good,Good,Good,Good,Good,Good,Good,Good,,,,,,,,,,,,0111,,,,5062.487
8085,Lolo National Forest,170102030604,North Fork Blackfoot River Headwaters,Functioning Properly,28654.3,100,0,Good,Fair,Good,Good,Fair,Good,Good,Fair,Good,Fair,Good,----,,,,,,,,,,,,0116,,,,28654.06
8110,Flathead National Forest,170102090706,Hungry Horse Reservoir-Spring Meadow Creek,Functioning Properly,22492.0,98,2,Good,Good,Good,Good,Good,Good,Good,Good,Good,Good,Fair,----,,,,,,,,,,,,0110,,,,22080.855
8133,Custer Gallatin National Forest,100700010705,Upper Slough Creek,Functioning Properly,30026.3,100,0,Good,Good,Good,Good,Good,Good,Good,Good,Poor,Good,Good,Good,,,,,,,,,,,,0111,,,,29988.173000000003
8136,Helena-Lewis And Clark National Forest,100302010502,Sheep Creek,Functioning Properly,31168.600000000002,6,94,Poor,Good,Good,Poor,Good,Good,Good,Good,Good,Good,Good,----,,,,,,,,,,,,0115,,,,1913.103
8247,Flathead National Forest,170102070103,Bowl Creek,Functioning Properly,18431.7,100,0,Fair,Good,Good,Good,Good,Good,Good,Good,Good,Fair,Good,----,,,,,,,,,,,,0110,,,,18431.716
8374,Helena-Lewis And Clark National Forest,100301010704,Slim Sam Creek,Functioning at Risk,4934.8,91,9,Poor,Poor,Fair,Good,Fair,Poor,Fair,Good,Good,Fair,Poor,Fair,,,,,,,,,,,,0115,,,,4512.717000000001
8389,Dakota Prairie Grasslands,101101012003,Handy Water Creek,Functioning at Risk,15964.800000000001,11,89,Fair,Fair,Poor,Fair,Good,Good,Poor,Good,----,Good,Good,Fair,,,,,,,,,,,,0118,,,,1745.712
8441,Dakota Prairie Grasslands,101102031310,Mikes Creek-Little Missouri River,Functioning at Risk,29443.3,63,37,Fair,Poor,Fair,Good,Good,Poor,Poor,Good,Good,Good,Good,Poor,,,,,,,,,,,,0118,,,,18673.629
8467,Dakota Prairie Grasslands,101102050103,Cinnamon Creek,Functioning at Risk,13583.1,47,53,Fair,Good,Good,Fair,Fair,Poor,Fair,Good,Good,Good,Good,Poor,,,,,,,,,,,,0118,,,,6356.264
8471,Helena-Lewis And Clark National Forest,100401030204,Big Rock Creek,Functioning Properly,37658.200000000004,56,44,Fair,Good,Good,Good,Good,Good,Good,Fair,Fair,Fair,Fair,Good,,,,,,,,,,,,0115,,,,21169.715
8590,Custer Gallatin National Forest,101303050406,Gap Creek,Functioning Properly,24692.600000000002,10,90,Good,Good,Good,Good,Good,Good,Fair,Good,Good,Good,Good,Good,,,,,,,,,,,,0111,,,,2373.527
8603,Dakota Prairie Grasslands,101102031309,Roosevelt Creek,Functioning at Risk,16206.6,36,64,Fair,Poor,Fair,Fair,Fair,Fair,Poor,Good,Good,Good,Fair,Fair,,,,,,,,,,,,0118,,,,5787.5470000000005
8634,Dakota Prairie Grasslands,101000042403,Spring Creek,Functioning at Risk,28063.100000000002,61,39,Fair,Good,Good,Fair,Fair,Poor,Poor,Good,Good,Good,Good,Fair,,,,,,,,,,,,0118,,,,17131.119
8863,Helena-Lewis And Clark National Forest,100401020203,Headwaters Arrow Creek,Functioning at Risk,23639.4,10,90,Poor,Poor,Fair,Fair,Fair,Good,Good,Fair,Good,Good,Poor,Poor,,,,,,,,,,,,0115,,,,2269.743
9320,Helena-Lewis And Clark National Forest,100301010902,Greyson Creek,Functioning at Risk,15528.4,13,87,Fair,Fair,Good,Good,Fair,Poor,Fair,Fair,Good,Fair,Good,Fair,,,,,,,,,,,,0115,,,,2044.5610000000001
9366,Helena-Lewis And Clark National Forest,100301010803,North Fork Deep Creek,Functioning at Risk,7822.7,81,19,Fair,Poor,Good,Poor,Fair,Poor,Fair,Fair,Good,Fair,Good,Fair,,,,,,,,,,,,0115,,,,6318.021000000001
9449,Flathead National Forest,170102060403,Tepee Creek,Functioning Properly,9566.2,94,6,Good,Good,Good,Fair,Good,Good,Good,Good,Good,Good,Good,----,,,,,,,,,,,,0110,,,,9016.021
9496,Dakota Prairie Grasslands,090202040505,City of McLeod,Functioning at Risk,27968.5,52,48,Fair,Good,Good,Poor,Poor,Fair,Good,Good,----,Good,Poor,Fair,,,,,,,,,,,,0118,,,,14620.283
9518,Dakota Prairie Grasslands,101102050102,Magpie Creek,Functioning at Risk,31667.8,91,9,Fair,Poor,Fair,Fair,Poor,Fair,Poor,Good,Good,Good,Good,Poor,,,,,,,,,,,,0118,,,,28755.832000000002
9544,Nez Perce-Clearwater National Forest,170603070802,Little Washington Creek-North Fork Clearwater River,Functioning Properly,19854.600000000002,99,1,Good,Fair,Good,Good,Good,Poor,Good,Fair,Good,Good,Good,Fair,,,,,,,,,,,,0117,,,,19743.914
9603,Dakota Prairie Grasslands,101303030502,Whitney Creek-Black Horse Butte Creek,Functioning Properly,16414.8,8,92,Fair,Good,Good,Good,Good,Good,Good,Good,----,Good,Good,Good,,,,,,,,,,,,0118,,,,1317.2930000000001
9624,Idaho Panhandle National Forests,170103040902,Upper Santa Creek,Functioning at Risk,15536.0,13,87,Fair,Poor,Poor,Good,Fair,Fair,Good,Good,Poor,Good,Good,Good,,,,,,,,,,,,0104,,,,2047.56
9627,Custer Gallatin National Forest,100200070304,Duck Creek-Hebgen Lake,Functioning Properly,21177.100000000002,79,21,Poor,Good,Fair,Good,Good,Fair,Fair,Fair,Good,Good,Good,Good,,,,,,,,,,,,0111,,,,16777.59
9699,Custer Gallatin National Forest,100700060904,Upper West Fork Rock Creek,Functioning Properly,21135.9,100,0,Poor,Good,Good,Good,Good,Good,Good,Good,Fair,Good,Good,----,,,,,,,,,,,,0111,,,,21135.873
9731,Helena-Lewis And Clark National Forest,100301050302,Pilgrim Creek,Functioning Properly,18273.5,98,2,Fair,Good,Good,Good,Good,Fair,Fair,Fair,Good,Fair,Fair,Good,,,,,,,,,,,,0115,,,,17840.647
9740,Idaho Panhandle National Forests,170102150202,North Fork Granite Creek,Functioning Properly,18960.3,100,0,Fair,Good,Good,Good,Fair,Fair,Good,Good,Good,Good,Good,Good,,,,,,,,,,,,0104,,,,18954.589
9769,Helena-Lewis And Clark National Forest,100401031102,Lower Dry Wolf Creek,Functioning at Risk,21834.100000000002,39,61,Poor,Fair,Good,Poor,Good,Poor,Fair,Fair,Good,Fair,Poor,Fair,,,,,,,,,,,,0115,,,,8435.146
9832,Helena-Lewis And Clark National Forest,100401020207,Cottonwood Creek,Functioning Properly,32326.3,18,83,Fair,Fair,Good,Fair,Fair,Good,Good,Fair,Good,Good,Fair,Fair,,,,,,,,,,,,0115,,,,5670.589
9850,Custer Gallatin National Forest,100901021101,Upper Little Pumpkin Creek,Functioning Properly,27095.100000000002,27,73,Fair,Fair,Good,Good,Fair,Good,Fair,Good,Poor,Good,Good,Good,,,,,,,,,,,,0111,,,,7315.937
9879,Beaverhead-Deerlodge National Forest,100200040305,Spring Creek-Big Hole River,Functioning Properly,21453.600000000002,17,83,Fair,Fair,Good,Good,Good,Fair,Good,Good,Good,Good,Good,Fair,,,,,,,,,,,,0102,,,,3625.656
9945,Beaverhead-Deerlodge National Forest,100200041104,Charcoal Creek-Big Hole River,Functioning at Risk,23525.100000000002,37,63,Poor,Fair,Fair,Good,Poor,Fair,Good,Good,Good,Good,Good,Fair,,,,,,,,,,,,0102,,,,8687.193000000001
9951,Custer Gallatin National Forest,100200080306,Deer Creek-Gallatin River,Functioning Properly,24535.3,81,19,Poor,Good,Good,Good,Good,Good,Good,Fair,Good,Good,Fair,Good,,,,,,,,,,,,0111,,,,19902.176
10021,Nez Perce-Clearwater National Forest,170603050903,Rabbit Creek-South Fork Clearwater River,Functioning at Risk,34836.1,9,91,Good,Poor,Poor,Fair,Poor,Poor,Good,Fair,Fair,Good,Good,Good,,,,,,,,,,,,0117,,,,3103.376
10054,Nez Perce-Clearwater National Forest,170603060902,Hog Meadow Creek-Potlatch Creek,Functioning at Risk,22167.0,42,58,Fair,Poor,Fair,Good,Fair,Poor,Fair,Good,Fair,Good,Good,Fair,,,,,,,,,,,,0117,,,,9319.959
10073,Lolo National Forest,170102040403,Middle Petty Creek,Functioning at Risk,16249.6,72,28,Fair,Fair,Fair,Good,Fair,Good,Good,Fair,Good,Good,Fair,----,,,,,,,,,,,,0116,,,,11698.777
10144,Flathead National Forest,170102090602,Quintonkon Creek,Functioning Properly,24094.600000000002,100,0,Good,Good,Good,Good,Good,Fair,Good,Good,Good,Good,Poor,----,,,,,,,,,,,,0110,,,,24094.564
10191,Custer Gallatin National Forest,100700061002,East Red Lodge Creek,Functioning Properly,21693.600000000002,14,86,Poor,Good,Good,Fair,Fair,Good,Good,Fair,Good,Good,Good,Good,,,,,,,,,,,,0111,,,,2972.0730000000003
10363,Beaverhead-Deerlodge National Forest,100200010102,Elk Creek,Functioning at Risk,18494.100000000002,34,67,Poor,Fair,Good,Good,Fair,Fair,Good,Good,Good,Good,Good,Good,,,,,,,,,,,,0102,,,,6187.362
10431,Beaverhead-Deerlodge National Forest,100200011202,Dad Creek-Medicine Lodge Creek,Functioning at Risk,21766.600000000002,53,47,Fair,Fair,Good,Fair,Fair,Fair,Good,Good,Good,Good,Good,Good,,,,,,,,,,,,0102,,,,11459.604
10561,Flathead National Forest,170102080203,Mount Creek,Functioning Properly,31099.2,23,77,Poor,Good,Good,Good,Fair,Good,Good,Good,Good,Good,Poor,----,,,,,,,,,,,,0110,,,,7133.432000000001
10642,Nez Perce-Clearwater National Forest,170603030707,Pete King Creek,Functioning at Risk,17630.100000000002,100,0,Fair,Fair,Poor,Good,Fair,Poor,Fair,Fair,Good,Good,Good,Fair,,,,,,,,,,,,0117,,,,17591.963
10769,Helena-Lewis And Clark National Forest,170102030307,Sauerkraut Creek,Functioning at Risk,8526.5,58,42,Fair,Fair,Fair,Poor,Fair,Poor,Fair,Poor,Good,Fair,Good,Fair,,,,,,,,,,,,0115,,,,4937.439
11014,Bitterroot National Forest,170102051101,Mill Creek,Functioning Properly,25616.4,70,30,Fair,Good,Fair,Poor,Good,Good,Good,Good,Good,Good,Good,Good,,,,,,,,,,,,0103,,,,18013.722
11069,Helena-Lewis And Clark National Forest,170102030415,Lower Nevada Creek,Functioning at Risk,31378.0,14,86,Fair,Fair,Poor,Fair,Poor,Poor,Fair,Poor,Good,Fair,Fair,Fair,,,,,,,,,,,,0115,,,,4376.585
11123,Lolo National Forest,170102040812,Lower St. Regis River,Functioning at Risk,24495.8,86,14,Fair,Fair,Fair,Good,Fair,Fair,Good,Good,Good,Good,Fair,Good,,,,,,,,,,,,0116,,,,20988.488
11190,Lolo National Forest,170102130603,Crow Creek,Functioning at Risk,9426.7,100,0,Fair,Fair,Good,Good,Fair,Poor,Good,Fair,Good,Fair,Fair,----,,,,,,,,,,,,0116,,,,9397.481
11331,Kootenai National Forest,170101011204,Barron Creek,Functioning Properly,10264.4,86,14,Fair,Good,Good,Good,Good,Fair,Good,Fair,Good,Good,Good,Good,,,,,,,,,,,,0114,,,,8835.699
11519,Custer Gallatin National Forest,100700030503,Willow Creek,Functioning at Risk,19888.0,19,81,Good,Fair,Fair,Good,Fair,Fair,Poor,Fair,Good,Good,Good,Good,,,,,,,,,,,,0111,,,,3801.956
11554,Custer Gallatin National Forest,100700020208,Eightmile Creek,Functioning Properly,26475.8,54,46,Fair,Good,Good,Good,Good,Good,Fair,Good,Poor,Good,Good,Good,,,,,,,,,,,,0111,,,,14239.223
11648,Nez Perce-Clearwater National Forest,170603070803,Rock Creek-North Fork Clearwater River,Functioning Properly,21972.2,100,0,Good,Good,Good,Good,Good,Poor,Good,Fair,Good,Good,Good,Good,,,,,,,,,,,,0117,,,,21972.193
11713,Beaverhead-Deerlodge National Forest,100200011106,Trail Creek,Functioning at Risk,19516.3,23,77,Fair,Fair,Fair,Fair,Fair,Poor,Good,Good,Good,Good,Good,Good,,,,,,,,,,,,0102,,,,4451.188
11819,Helena-Lewis And Clark National Forest,100302010601,Middle Fork Birch Creek,Functioning Properly,8507.0,100,0,Poor,Good,Good,Good,Good,Good,Fair,Good,Good,Good,Fair,----,,,,,,,,,,,,0115,,,,8506.944
11965,Kootenai National Forest,170101020202,Silver Butte Fisher River,Functioning Properly,29967.600000000002,95,5,Good,Good,Good,Good,Good,Good,Good,Fair,Good,Good,Fair,Good,,,,,,,,,,,,0114,,,,28342.884
12011,Nez Perce-Clearwater National Forest,170603060203,Eldorado Creek,Functioning at Risk,27216.3,100,0,Good,Poor,Poor,Good,Fair,Poor,Fair,Fair,Good,Good,Good,Good,,,,,,,,,,,,0117,,,,27216.306
12024,Lolo National Forest,170102031301,Upper Gold Creek,Functioning at Risk,15609.300000000001,53,48,Fair,Fair,Good,Good,Fair,Good,Good,Good,Good,Fair,Good,----,,,,,,,,,,,,0116,,,,8200.451000000001
12041,Flathead National Forest,170102090205,Holbrook Creek,Functioning Properly,10857.0,100,0,Good,Good,Good,Good,Good,Good,Good,Fair,Good,Good,Good,----,,,,,,,,,,,,0110,,,,10857.031
12042,Lolo National Forest,170102030701,Lake Creek,Functioning Properly,13683.5,100,1,Good,Fair,Good,Good,Fair,Fair,Good,Fair,Good,Good,Good,----,,,,,,,,,,,,0116,,,,13618.735
12056,Custer Gallatin National Forest,100700030501,Canyon Creek,Functioning Properly,14014.6,14,86,Good,Good,Good,Good,Good,Fair,Poor,Fair,Fair,Good,Good,Good,,,,,,,,,,,,0111,,,,1964.652
12099,Nez Perce-Clearwater National Forest,170603080301,Minnesaka Creek-Little North Fork Clearwater River,Functioning Properly,22398.8,82,18,Good,Good,Good,Good,Good,Fair,Good,Fair,Good,Good,Good,Good,,,,,,,,,,,,0117,,,,18349.225
12178,Dakota Prairie Grasslands,101303020803,King School-Lodgepole Creek,Functioning at Risk,10865.9,23,78,Fair,Fair,Good,Fair,Fair,Poor,Good,Good,----,Good,Good,Good,,,,,,,,,,,,0118,,,,2439.625
12209,Lolo National Forest,170102021402,Clark Fork River-Ryan Creek,Functioning at Risk,25519.2,25,75,Fair,Fair,Fair,Good,Fair,Poor,Good,Fair,Good,Good,Good,Good,,,,,,,,,,,,0116,,,,6334.336
12259,Beaverhead-Deerlodge National Forest,100200060103,Lower Lowland Creek,Functioning at Risk,15827.6,94,6,Poor,Fair,Poor,Fair,Poor,Poor,Good,Good,Good,Fair,Good,Good,,,,,,,,,,,,0102,,,,14897.666000000001
12344,Kootenai National Forest,170102100102,Sunday Creek,Functioning at Risk,27509.7,98,2,Fair,Poor,Good,Good,Good,Poor,Good,Fair,Good,Good,Good,Good,,,,,,,,,,,,0114,,,,26936.074
12404,Flathead National Forest,170102090106,Lower Youngs Creek,Functioning Properly,27786.100000000002,100,0,Good,Good,Good,Good,Good,Good,Good,Good,Good,Good,Good,----,,,,,,,,,,,,0110,,,,27786.074
12497,Idaho Panhandle National Forests,170103040504,Boulder Creek,Functioning Properly,11022.5,37,63,Good,Fair,Good,Good,Fair,Poor,Fair,Good,Good,Good,Good,Good,,,,,,,,,,,,0104,,,,4085.0890000000004
12707,Beaverhead-Deerlodge National Forest,100200010205,Long Creek,Functioning Properly,29650.600000000002,56,44,Poor,Fair,Fair,Good,Fair,Good,Good,Good,Good,Good,Good,Good,,,,,,,,,,,,0102,,,,16521.309
12708,Beaverhead-Deerlodge National Forest,100200040802,LaMarche Creek,Functioning Properly,31724.0,93,7,Fair,Good,Good,Good,Good,Good,Good,Fair,Good,Good,Good,Good,,,,,,,,,,,,0102,,,,29474.972
12740,Dakota Prairie Grasslands,090201050801,Nulph Cemetery-Wild Rice River,Functioning at Risk,32555.5,6,94,Fair,Good,Fair,Poor,Fair,Poor,Good,Good,----,Good,Poor,Fair,,,,,,,,,,,,0118,,,,2096.192
12842,Beaverhead-Deerlodge National Forest,100200070501,Antelope Creek,Functioning at Risk,14302.1,93,7,Poor,Fair,Poor,Good,Fair,Good,Good,Good,Good,Good,Good,Good,,,,,,,,,,,,0102,,,,13247.369
12977,Kootenai National Forest,170101020404,Cow Creek,Functioning Properly,10343.800000000001,71,29,Good,Good,Good,Good,Good,Fair,Good,Good,Good,Good,Good,Good,,,,,,,,,,,,0114,,,,7305.339
13046,Idaho Panhandle National Forests,170101040711,Hall Creek-Kootenai River,Functioning Properly,33303.4,18,82,Fair,Fair,Good,Fair,Fair,Good,Good,Good,Fair,Good,Good,Good,,,,,,,,,,,,0104,,,,6093.076
13061,Helena-Lewis And Clark National Forest,170102010604,Carpenter Creek,Functioning at Risk,16823.4,34,66,Fair,Poor,Fair,Good,Fair,Poor,Poor,Fair,Good,Fair,Fair,Poor,,,,,,,,,,,,0115,,,,5710.262000000001
13082,Helena-Lewis And Clark National Forest,100301030803,Lower Tenderfoot Creek,Functioning Properly,19295.2,66,34,Poor,Fair,Good,Good,Good,Good,Fair,Fair,Good,Good,Good,Fair,,,,,,,,,,,,0115,,,,12777.668
13096,Beaverhead-Deerlodge National Forest,170102021103,Middle Upper Willow Creek,Functioning Properly,19286.9,52,49,Fair,Good,Fair,Good,Good,Fair,Good,Fair,Good,Fair,Good,Good,,,,,,,,,,,,0102,,,,9938.408000000001
13106,Helena-Lewis And Clark National Forest,100301011402,Middle Tenmile Creek,Functioning at Risk,22988.9,61,39,Poor,Poor,Good,Poor,Good,Fair,Fair,Poor,Good,Fair,Good,Fair,,,,,,,,,,,,0115,,,,13942.265
13113,Beaverhead-Deerlodge National Forest,100200050106,Mill Creek-Jefferson River,Functioning Properly,39492.1,42,58,Poor,Fair,Good,Good,Fair,Fair,Good,Good,Good,Good,Fair,Fair,,,,,,,,,,,,0102,,,,16685.661
13117,Beaverhead-Deerlodge National Forest,100200010802,Upper Big Sheep Creek,Functioning Properly,20116.9,58,42,Poor,Good,Good,Fair,Fair,Fair,Good,Good,Good,Good,Good,Good,,,,,,,,,,,,0102,,,,11618.925
13131,Helena-Lewis And Clark National Forest,100301011702,Big Log Gulch,Functioning Properly,6218.0,100,0,Fair,Fair,Good,Good,Good,Fair,Good,Fair,Good,Good,Fair,Poor,,,,,,,,,,,,0115,,,,6217.973
13155,Beaverhead-Deerlodge National Forest,100200040303,Berry Creek,Functioning Properly,9604.2,98,2,Poor,Fair,Good,Good,Good,Fair,Good,Good,Good,Good,Good,Fair,,,,,,,,,,,,0102,,,,9435.882
13161,Beaverhead-Deerlodge National Forest,170102010203,Silver Bow Creek-Berkley Pit,Functioning Properly,15983.9,17,83,Fair,Good,Good,Poor,Fair,Fair,Good,Good,Good,Good,Good,Fair,,,,,,,,,,,,0102,,,,2750.3920000000003
13164,Dakota Prairie Grasslands,101303020905,Johnson Brothers Dam-South Fork Grand River,Functioning Properly,23826.8,12,88,Fair,Good,Good,Fair,Good,Fair,Good,Good,----,Good,Good,Good,,,,,,,,,,,,0118,,,,2921.35
13168,Dakota Prairie Grasslands,101000042401,Upper Bennie Peer Creek,Functioning at Risk,36520.1,51,49,Fair,Good,Good,Fair,Fair,Poor,Fair,Good,Good,Good,Good,Fair,,,,,,,,,,,,0118,,,,18654.99
13189,Beaverhead-Deerlodge National Forest,100200050301,Upper Little Whitetail Creek,Functioning at Risk,26413.2,77,23,Poor,Fair,Fair,Fair,Poor,Fair,Good,Good,Good,Good,Good,Good,,,,,,,,,,,,0102,,,,20230.613
13215,Dakota Prairie Grasslands,101303020901,Box Spring Creek,Functioning Properly,9711.0,25,75,Fair,Good,Fair,Fair,Fair,Poor,Good,Good,----,Good,Good,Good,,,,,,,,,,,,0118,,,,2411.443
13232,Kootenai National Forest,170101010702,Upper Fortine Creek,Functioning Properly,25131.5,95,5,Good,Poor,Good,Good,Good,Fair,Good,Fair,Good,Good,Good,Good,,,,,,,,,,,,0114,,,,23932.011
13319,Beaverhead-Deerlodge National Forest,100200040604,Doolittle Creek,Functioning at Risk,14327.300000000001,85,15,Fair,Fair,Fair,Fair,Good,Fair,Good,Fair,Good,Good,Good,Good,,,,,,,,,,,,0102,,,,12235.42
13320,Dakota Prairie Grasslands,101102031311,Morgan Draw-Little Missouri River,Functioning Properly,12571.4,54,46,Fair,Good,Good,Good,Good,Fair,Poor,Good,Good,Good,Good,Poor,,,,,,,,,,,,0118,,,,6792.309
13322,Dakota Prairie Grasslands,101102030104,Indian Creek,Functioning at Risk,15285.1,55,46,Fair,Fair,Good,Fair,Good,Fair,Fair,Good,Good,Good,Good,Fair,,,,,,,,,,,,0118,,,,8332.751
13335,Dakota Prairie Grasslands,101102050207,Sheep Creek,Functioning Properly,25891.3,48,52,Fair,Good,Fair,Good,Good,Fair,Fair,Good,Good,Good,Good,Poor,,,,,,,,,,,,0118,,,,12538.061
13337,Kootenai National Forest,170101010701,Lake Creek-Swamp Creek,Functioning Properly,28963.8,91,9,Good,Poor,Fair,Good,Good,Fair,Good,Fair,Good,Good,Good,Good,,,,,,,,,,,,0114,,,,26278.581
13339,Custer Gallatin National Forest,100200080904,Bozeman Creek,Functioning Properly,33235.6,51,49,Fair,Good,Good,Fair,Good,Poor,Good,Fair,Good,Good,Good,Good,2011,<Principal_Reason><Resources><Resource><Value>Municipal Watershed</Value></Resource></Resources><Concerns><Concern><Value>Wildfire Risk</Value></Concern><Concern><Value>Water Quality</Value></Concern><Concern><Value>Invasive Species</Value></Concern></Concerns></Principal_Reason>,"Water quality 303(d) listing of  Bozeman Creek (below the Forest boundary) , water quality impacts from roads, heavy recreation use, heavy fuels buildup and loss of natural wildfire interval, conifer encroachment,  loss of whitebark pine, loss of aspen.   ",<Known_Partners><Partner><Name>City of Bozeman</Name><Type>Known</Type></Partner><Partner><Name>Montana State University</Name><Type>Known</Type></Partner><Partner><Name>Bridger Ski Foundation</Name><Type>Known</Type></Partner><Partner><Name>Montana Department of Environmental Quality</Name><Type>Known</Type></Partner><Partner><Name>Gallatin County Weed Control District</Name><Type>Known</Type></Partner></Known_Partners>,2018-10-31,2021-09-30,9,1755000,,,Y,0111,Bozeman Creek Watershed Restoration Action Plan,2018-10-31,,17049.503
13348,Beaverhead-Deerlodge National Forest,100200050104,Cherry Creek-Jefferson River,Functioning Properly,34526.4,17,83,Poor,Good,Good,Good,Good,Poor,Good,Good,Good,Good,Good,Good,,,,,,,,,,,,0102,,,,5871.716
13411,Beaverhead-Deerlodge National Forest,100200040503,Lower Trail Creek,Functioning Properly,17036.5,98,2,Poor,Good,Poor,Good,Good,Fair,Good,Fair,Good,Good,Good,Good,,,,,,,,,,,,0102,,,,16703.878
13424,Beaverhead-Deerlodge National Forest,170102010802,Willow Creek,Functioning Properly,9571.800000000001,40,60,Fair,Good,Good,Fair,Fair,Fair,Good,Fair,Good,Good,Good,Fair,,,,,,,,,,,,0102,,,,3870.333
13427,Beaverhead-Deerlodge National Forest,100200070803,Ruby Creek,Functioning at Risk,20611.2,94,6,Fair,Fair,Poor,Fair,Fair,Good,Good,Good,Good,Fair,Good,Good,,,,,,,,,,,,0102,,,,19394.472
13454,Beaverhead-Deerlodge National Forest,170102010805,Pikes Peak Gulch,Functioning Properly,10189.7,58,42,Fair,Good,Good,Good,Good,Poor,Good,Fair,Good,Fair,Good,Good,,,,,,,,,,,,0102,,,,5882.268
13457,Kootenai National Forest,170101030501,Burnt Creek,Functioning Properly,13833.5,100,0,Good,Good,Good,Good,Good,Fair,Good,Fair,Good,Good,Good,Good,,,,,,,,,,,,0114,,,,13827.86
13497,Beaverhead-Deerlodge National Forest,100200040508,Mussigbrod Creek,Functioning at Risk,17078.6,75,25,Fair,Fair,Poor,Fair,Fair,Fair,Good,Fair,Good,Good,Good,Fair,,,,,,,,,,,,0102,,,,12854.446
13502,Beaverhead-Deerlodge National Forest,100200070804,Corral Creek-Madison River,Functioning Properly,28923.7,19,81,Fair,Good,Good,Good,Good,Good,Good,Good,Good,Good,Good,Good,,,,,,,,,,,,0102,,,,5417.953
13503,Idaho Panhandle National Forests,170103040305,Eagle Creek-St Joe River,Functioning Properly,37082.9,80,20,Fair,Good,Good,Good,Fair,Fair,Good,Good,Good,Good,Good,Good,,,,,,,,,,,,0104,,,,29570.400999999998
13507,Kootenai National Forest,170101030305,South Fork Yaak River,Functioning Properly,40473.3,95,5,Fair,Good,Fair,Fair,Good,Good,Good,Fair,Good,Good,Good,Good,,,,,,,,,,,,0114,,,,38459.285
13525,Idaho Panhandle National Forests,170103040203,Lower North Fork St Joe River,Functioning Properly,23742.8,100,0,Fair,Good,Good,Good,Good,Good,Good,Good,Good,Good,Good,Good,,,,,,,,,,,,0104,,,,23739.424
13557,Beaverhead-Deerlodge National Forest,100200070806,Cherry Creek,Functioning Properly,11849.300000000001,65,35,Poor,Fair,Good,Good,Good,Good,Good,Good,Good,Good,Good,Good,,,,,,,,,,,,0102,,,,7748.991
13565,Kootenai National Forest,170102131005,Swamp Creek,Functioning Properly,22930.5,87,13,Fair,Good,Fair,Good,Good,Good,Good,Fair,Good,Good,Good,Good,,,,,,,,,,,,0114,,,,19953.503
13590,Idaho Panhandle National Forests,170103040502,Bussel Creek,Functioning at Risk,14776.2,83,17,Good,Fair,Fair,Good,Fair,Poor,Good,Good,Fair,Good,Good,Good,,,,,,,,,,,,0104,,,,12330.259
13600,Idaho Panhandle National Forests,170103040501,Upper Marble Creek,Functioning Properly,26747.0,89,11,Good,Good,Good,Good,Good,Good,Good,Good,Good,Good,Good,Good,,,,,,,,,,,,0104,,,,23842.378
13654,Beaverhead-Deerlodge National Forest,100200071207,Jourdain Creek,Functioning Properly,10017.0,59,41,Poor,Good,Good,Good,Good,Good,Good,Fair,Good,Fair,Good,Good,,,,,,,,,,,,0102,,,,5873.857
13700,Beaverhead-Deerlodge National Forest,100200020104,Swamp Creek-Grasshopper Creek,Functioning Properly,28461.8,30,70,Poor,Fair,Good,Good,Good,Good,Good,Good,Good,Good,Good,Fair,,,,,,,,,,,,0102,,,,8562.401
13703,Kootenai National Forest,170101030403,Hellroaring Creek,Functioning Properly,10750.6,100,0,Good,Good,Good,Good,Good,Good,Good,Fair,Good,Good,Good,Good,,,,,,,,,,,,0114,,,,10750.584
13706,Kootenai National Forest,170101030505,Kilbrennan Creek-Yaak River,Functioning Properly,28058.7,93,7,Fair,Fair,Good,Good,Good,Good,Good,Fair,Good,Good,Good,Good,,,,,,,,,,,,0114,,,,26055.425
13714,Beaverhead-Deerlodge National Forest,170102010706,Cottonwood Creek,Functioning Properly,26480.5,70,30,Fair,Good,Good,Good,Fair,Fair,Good,Good,Good,Fair,Good,Fair,,,,,,,,,,,,0102,,,,18507.672
13717,Kootenai National Forest,170101060703,Rabbit Creek,Functioning Properly,8002.8,29,71,Good,Good,Good,Good,Good,Good,Good,Fair,Good,Good,Good,Good,,,,,,,,,,,,0114,,,,2301.049
13725,Kootenai National Forest,170101060701,Bluebird Creek,Functioning Properly,8254.6,99,1,Good,Good,Good,Good,Good,Good,Good,Fair,Good,Good,Good,Good,,,,,,,,,,,,0114,,,,8195.051000000001
13745,Beaverhead-Deerlodge National Forest,170102010402,Upper Lost Creek,Functioning Properly,16993.1,58,42,Fair,Good,Good,Good,Good,Good,Good,Good,Good,Fair,Good,Good,,,,,,,,,,,,0102,,,,9893.949
13748,Beaverhead-Deerlodge National Forest,100200060201,Upper Bison Creek,Functioning Properly,22514.9,58,42,Poor,Good,Good,Good,Good,Fair,Good,Good,Good,Fair,Good,Good,,,,,,,,,,,,0102,,,,13102.694
13755,Beaverhead-Deerlodge National Forest,100200040702,French Creek,Functioning Properly,13024.9,44,57,Fair,Fair,Fair,Good,Fair,Fair,Good,Good,Good,Good,Good,Fair,,,,,,,,,,,,0102,,,,5659.63
13763,Beaverhead-Deerlodge National Forest,170102020805,Lower Middle Fork Rock Creek,Functioning Properly,20898.3,65,35,Fair,Good,Good,Good,Fair,Fair,Good,Fair,Good,Fair,Good,Fair,,,,,,,,,,,,0102,,,,13640.872
13795,Beaverhead-Deerlodge National Forest,100200071301,Upper Hot Springs Creek,Functioning Properly,15242.9,14,86,Poor,Fair,Good,Good,Good,Fair,Good,Good,Good,Good,Good,Good,,,,,,,,,,,,0102,,,,2075.088
13803,Beaverhead-Deerlodge National Forest,100200050303,Lower Little Whitetail Creek,Functioning at Risk,14969.6,33,67,Poor,Fair,Fair,Fair,Fair,Fair,Good,Good,Good,Good,Good,Good,,,,,,,,,,,,0102,,,,4957.514
13808,Beaverhead-Deerlodge National Forest,100200070901,Upper Bear Creek,Functioning Properly,15824.5,86,14,Fair,Good,Good,Good,Good,Fair,Good,Fair,Good,Fair,Good,Good,,,,,,,,,,,,0102,,,,13638.87
13837,Kootenai National Forest,170101030402,Spread Creek,Functioning Properly,23908.0,100,0,Good,Good,Good,Good,Good,Good,Good,Fair,Good,Good,Good,Good,,,,,,,,,,,,0114,,,,23907.987
13849,Custer Gallatin National Forest,100901020207,Paget Creek,Functioning Properly,9041.800000000001,96,4,Fair,Fair,Good,Fair,Fair,Fair,Good,Fair,Good,Good,Fair,Good,,,,,,,,,,,,0111,,,,8702.486
13855,Custer Gallatin National Forest,100700020908,Susie Creek-Boulder River,Functioning at Risk,18406.7,10,91,Poor,Good,Poor,Good,Good,Good,Poor,Fair,Good,Good,Good,Good,,,,,,,,,,,,0111,,,,1746.371
13856,Kootenai National Forest,170101030405,Pheasant Creek-Yaak River,Functioning Properly,35013.9,94,6,Good,Fair,Good,Fair,Good,Good,Good,Fair,Good,Good,Good,Good,,,,,,,,,,,,0114,,,,33047.425
13886,Flathead National Forest,170102110202,Cold Creek,Functioning Properly,21490.0,96,4,Fair,Poor,Good,Good,Good,Poor,Good,Good,Good,Good,Fair,----,2013,"<Principal_Reason><Concerns><Concern><Value>Riparian Structure and Function</Value></Concern><Concern><Value>Invasive Species</Value></Concern></Concerns><Cost>&lt; $100,000</Cost></Principal_Reason>",Cold Creek is priority because it is in Class 2 condition and in need of some resource improvements.  It is also a high priority in the R1 Bull Trout Conservation Strategy.,<Known_Partners><Partner><Name>Montana Department of Environmental Quality</Name><Type>Known</Type></Partner><Partner><Name>SEC</Name><Type>Known</Type></Partner></Known_Partners>,2014-05-25,2017-09-30,4,120000,2017-09-30,,Y,0110,DRAFT Cold Creek Watershed Action Plan,2014-05-25,Y,20651.8
13952,Bitterroot National Forest,170102050801,Upper Rye Creek,Functioning Properly,18257.0,94,6,Fair,Fair,Good,Good,Good,Poor,Fair,Fair,Good,Good,Poor,Fair,2014,<Principal_Reason><Concerns><Concern><Value>Water Quality</Value></Concern><Concern><Value>Species Habitat</Value></Concern></Concerns><Cost>$1 million to $5 million</Cost></Principal_Reason>,Fish habitat,,2014-06-03,2019-09-30,3,1500000,2021-09-30,,Y,0103,FY 2014 Watershed Restoration Action Plan,2014-06-03,,17153.043
14186,Bitterroot National Forest,170102050301,West Fork Bitterroot River-Mud Creek,Functioning at Risk,18339.4,93,7,Poor,Fair,Fair,Fair,Fair,Fair,Fair,Fair,Good,Good,Fair,Good,2024,<Principal_Reason><Concerns><Concern><Value>Wildfire Risk</Value></Concern><Concern><Value>Water Quality</Value></Concern><Concern><Value>Riparian Structure and Function</Value></Concern></Concerns><Opportunities><Opportunity><Value>Larger-Scale Restoration</Value></Opportunity><Opportunity><Value>Potential Partnership</Value></Opportunity><Opportunity><Value>Improve Condition</Value></Opportunity></Opportunities></Principal_Reason>,"Bull trout Ch, RFSS cutthroat habitat. Road maintenance/sedimentation issues, aquatics organism barriers, high road density. ",<Known_Partners><Partner><Name>Trout Unlimited</Name><Type>Known</Type></Partner></Known_Partners>,2024-01-03,2028-09-30,,,,,,0103,West Fork Bitterroot River-Mud/Rombo Creek ,2024-01-03,,17046.239
14897,Custer Gallatin National Forest,100301010201,Upper South Fork Sixteenmile Creek,Functioning Properly,17124.0,64,36,Poor,Good,Good,Good,Fair,Good,Poor,Fair,Good,Good,Good,Good,2014,"<Principal_Reason><Concerns><Concern><Value>Invasive Species</Value></Concern><Concern><Value>Species Habitat</Value></Concern><Concern><Value>Water Quality</Value></Concern></Concerns><Cost>$100,000 to $1 million</Cost></Principal_Reason>","Invasive aquatice species, fish passage issues, water quality impacts from roads, tree mortality from insects, non-navite grasses and noxious weeds. ","<Known_Partners><Partner><Name>Montana Department of Fish, Wildlife and Parks</Name><Type>Known</Type></Partner><Partner><Name>US Fish and Widlife Service</Name><Type>Known</Type></Partner><Partner><Name>Northwest Energy</Name><Type>Known</Type></Partner><Partner><Name>Trout Unlimited</Name><Type>Known</Type></Partner></Known_Partners>",2014-07-03,2016-09-30,5,365000,2016-09-10,,Y,0111,Upper South Fork Sixteenmile Creek WRAP,2014-07-03,Y,10930.99
14900,Nez Perce-Clearwater National Forest,170603030303,Fishing Creek,Functioning Properly,17202.0,100,0,Good,Fair,Good,Good,Good,Poor,Good,Poor,Good,Good,Good,Poor,2011,<Principal_Reason><Concerns><Concern><Value>Invasive Species</Value></Concern><Concern><Value>Species Habitat</Value></Concern><Concern><Value>Water Quality</Value></Concern></Concerns><Opportunities><Opportunity><Value>Larger-Scale Restoration</Value></Opportunity><Opportunity><Value>Potential Partnership</Value></Opportunity><Opportunity><Value>Improve Condition</Value></Opportunity></Opportunities></Principal_Reason>,"Fishing Creek has been a restoration priority for the Forest for over 15 years in partnership with the Nez Perce Tribe.  The watershed is a stronghold for listed fish species, and has a legacy of effects from past management and insect infestations.",<Known_Partners><Partner><Name>Nez Perce Tribe</Name><Type>Known</Type></Partner><Partner><Name>Clearwater Basin Collaborative</Name><Type>Known</Type></Partner></Known_Partners>,2011-10-28,2014-12-31,4,777000,2012-09-10,,Y,0117,Fishing Creek WRAP,2011-10-28,Y,17202.031
14905,Kootenai National Forest,170102131302,Pilgrim Creek,Functioning Properly,18388.4,91,9,Good,Good,Good,Good,Good,Good,Good,Good,Good,Good,Good,Good,2014,"<Principal_Reason><Concerns><Concern><Value>Riparian Structure and Function</Value></Concern><Concern><Value>Species Habitat</Value></Concern><Concern><Value>Water Quality</Value></Concern></Concerns><Cost>$100,000 to $1 million</Cost></Principal_Reason>","303d listing. Some riparian areas in poor condition due to channelizationi, removal of riparian veg and bank destabilization. Aquatic habitats are listed as impaired due to elveated strea temp and other habitat alterations. ",<Known_Partners><Partner><Name>Sanders County Weed District</Name><Type>Known</Type></Partner><Partner><Name>Rush Skeleton Weed COOP</Name><Type>Known</Type></Partner></Known_Partners>,2014-09-04,2021-09-30,12,430000,,,Y,0114,Pilgrim Creek WRAP,2014-09-04,,16807.922
14945,Beaverhead-Deerlodge National Forest,100200010402,Lower Little Sheep Creek,Functioning Properly,31002.4,20,80,Fair,Good,Good,Fair,Fair,Fair,Good,Good,Good,Good,Good,Good,2023,<Principal_Reason><Resources><Resource><Value>Wild and Scenic River</Value></Resource></Resources><Concerns><Concern><Value>Water Quantity</Value></Concern></Concerns></Principal_Reason>,adfafsdasf,,,,,,,,,0102,,,,6116.409000000001
14949,Dakota Prairie Grasslands,101102050209,Sq___ Creek,Functioning at Risk,17025.6,22,78,Fair,Fair,Good,Fair,Fair,Poor,Good,Good,Good,Good,Good,Fair,,,,,,,,,,,,0118,,,,3761.1580000000004
25289,Lolo National Forest,170102021205,Williams Gulch-Rock Creek,Functioning at Risk,18166.7,70,30,Good,Poor,Poor,Good,Fair,Fair,Fair,Fair,Good,Fair,Good,----,2025,<Principal_Reason><Concerns><Concern><Value>Other</Value></Concern><Concern><Value>Species Habitat</Value></Concern><Concern><Value>Riparian Structure and Function</Value></Concern></Concerns><Opportunities><Opportunity><Value>Improve Condition</Value></Opportunity><Opportunity><Value>Leverage Forest Service Funds</Value></Opportunity><Opportunity><Value>Potential Partnership</Value></Opportunity></Opportunities></Principal_Reason>,"To protect national Forest System watersheds by implementing practices designed to maintain or improve watershed condition, which is the foundation of sustaining ecosystems and the production of renewable national resources, values and benefits. (FSM 2520). Associated with this is an opportunity to improve watershed conditions relative to past mining impacts, whihc is one of the threats.",<Known_Partners><Partner><Name>Trout Unlimited</Name><Type>Known</Type></Partner><Partner><Name>Montana DEQ</Name><Type>Known</Type></Partner></Known_Partners>,,,,,,,Y,0116,Rock Creek WRAP,,,12709.938
25286,Lolo National Forest,170102021303,Rock Creek-Cinnamon Bear Creek,Functioning at Risk,30253.7,99,1,Fair,Fair,Good,Good,Poor,Fair,Good,Fair,Good,Good,Good,----,2025,<Principal_Reason><Concerns><Concern><Value>Riparian Structure and Function</Value></Concern><Concern><Value>Species Habitat</Value></Concern><Concern><Value>Water Quality</Value></Concern></Concerns><Opportunities><Opportunity><Value>Improve Condition</Value></Opportunity><Opportunity><Value>Leverage Forest Service Funds</Value></Opportunity><Opportunity><Value>Potential Partnership</Value></Opportunity></Opportunities></Principal_Reason>,"To protect national Forest System watersheds by implementing practices designed to maintain or improve watershed condition, which is the foundation of sustaining ecosystems and the production of renewable national resources, values and benefits. (FSM 2520).",,,,,,,,Y,0116,Rock Creek WRAP,,,29840.436
25290,Lolo National Forest,170102021301,Ranch Creek,Functioning Properly,27308.0,99,1,Fair,Fair,Good,Fair,Good,Fair,Good,Fair,Good,Good,Good,----,2025,<Principal_Reason><Concerns><Concern><Value>Riparian Structure and Function</Value></Concern><Concern><Value>Species Habitat</Value></Concern><Concern><Value>Water Quality</Value></Concern></Concerns><Opportunities><Opportunity><Value>Larger-Scale Restoration</Value></Opportunity><Opportunity><Value>Non-NFS Land Collaboration</Value></Opportunity><Opportunity><Value>Improve Condition</Value></Opportunity></Opportunities></Principal_Reason>,"To protect national Forest System watersheds by implementing practices designed to maintain or improve watershed condition, which is the foundation of sustaining ecosystems and the production of renewable national resources, values and benefits. (FSM 2520).",<Known_Partners><Partner><Name>Trout Unlimited</Name><Type>Known</Type></Partner></Known_Partners>,,,,,,,Y,0116,Rock Creek WRAP,,,27123.461
27309,Flathead National Forest,170102090605,Hungry Horse Reservoir-Logan Creek,Functioning Properly,19482.9,99,1,Good,Good,Good,Good,Good,Good,Good,Good,Good,Good,Poor,----,2018,"<Principal_Reason><Resources><Resource><Value>Outstanding Resource Water</Value></Resource><Resource><Value>Wilderness</Value></Resource><Resource><Value>Species Protection Area</Value></Resource></Resources><Cost>$100,000 to $1 million</Cost></Principal_Reason>","The Hungry Horse Reservoir-Logan Creek HUC12 is a composite watershed that partially contains Hungry Horse Reservoir.  This watershed was rated a Class 1, but recent (2015-2017) project planning in the area revealed that there are several culverts that are partial fish barriers, and some of these are under-sized.  This watershed provides important habitat to westslope cutthroat trout, and water quality is excellent.  ",,,,,,,,,0110,,,,19316.464
96,Beaverhead-Deerlodge National Forest,100200030105,Cottonwood Creek,Functioning Properly,13521.6,100,0,Fair,Fair,Poor,Good,Fair,Good,Good,Good,Good,Good,Good,Good,,,,,,,,,,,,0102,,,,13521.555
122,Helena-Lewis And Clark National Forest,100301011102,Kelly Springs Gulch-Canyon Ferry Lake,Functioning at Risk,26993.5,6,94,Poor,Fair,Poor,Good,Good,Fair,Fair,Good,Good,Fair,Poor,Poor,,,,,,,,,,,,0115,,,,1528.217
170,Flathead National Forest,170102090404,Dean Creek,Functioning Properly,11970.5,100,0,Good,Good,Good,Good,Good,Good,Good,Good,Good,Fair,Good,----,,,,,,,,,,,,0110,,,,11970.486
202,Idaho Panhandle National Forests,170103030102,Fourth of July Creek,Functioning at Risk,17880.100000000002,68,32,Fair,Fair,Poor,Good,Fair,Fair,Fair,Good,Good,Good,Good,Good,,,,,,,,,,,,0104,,,,12129.774
218,Idaho Panhandle National Forests,170101050504,Deer Creek,Functioning at Risk,19745.7,100,0,Fair,Fair,Fair,Fair,Fair,Fair,Good,Fair,Good,Good,Fair,Good,,,,,,,,,,,,0104,,,,19745.669
235,Idaho Panhandle National Forests,170101050204,Canuck Creek,Functioning Properly,17155.4,60,40,Fair,Good,Fair,Good,Good,Fair,Good,Fair,Good,Good,Fair,Good,,,,,,,,,,,,0104,,,,10266.539
236,Idaho Panhandle National Forests,170102140102,Upper Pack River,Functioning Properly,22770.4,68,33,Fair,Good,Poor,Good,Fair,Good,Good,Good,Good,Good,Fair,Good,,,,,,,,,,,,0104,,,,15373.332
423,Lolo National Forest,170102031002,West Fork Clearwater River,Functioning Properly,21647.7,43,58,Fair,Fair,Fair,Good,Fair,Good,Good,Good,Good,Fair,Fair,----,,,,,,,,,,,,0116,,,,9210.088
431,Lolo National Forest,170102130607,Lower Prospect Creek,Functioning at Risk,26157.7,90,10,Fair,Fair,Poor,Good,Poor,Fair,Fair,Good,Good,Fair,Fair,----,,,,,,,,,,,,0116,,,,23458.436
506,Custer Gallatin National Forest,100200070701,Mile Creek-Madison River,Functioning Properly,33900.7,48,52,Poor,Good,Good,Poor,Good,Good,Good,Fair,Good,Good,Good,Good,,,,,,,,,,,,0111,,,,16290.936000000002
581,Custer Gallatin National Forest,100700020801,Falls Creek,Functioning Properly,9338.0,100,0,Poor,Good,Good,Good,Good,Good,Poor,Fair,Good,Good,Good,Good,,,,,,,,,,,,0111,,,,9338.039
590,Flathead National Forest,170102090202,Lower Gordon Creek,Functioning Properly,23570.0,100,0,Good,Good,Good,Good,Good,Good,Good,Fair,Good,Good,Good,----,,,,,,,,,,,,0110,,,,23570.041
601,Idaho Panhandle National Forests,170102131203,East Fork Lightning Creek,Functioning Properly,13116.300000000001,100,0,Fair,Good,Fair,Good,Fair,Good,Good,Fair,Good,Good,Good,Good,,,,,,,,,,,,0104,,,,13115.453
630,Nez Perce-Clearwater National Forest,170603061001,Upper Big Bear Creek,Functioning at Risk,31633.100000000002,12,88,Fair,Poor,Fair,Good,Fair,Poor,Fair,Good,Fair,Good,Good,Good,,,,,,,,,,,,0117,,,,3895.616
741,Lolo National Forest,170102031201,Upper Placid Creek,Functioning at Risk,10458.4,51,49,Poor,Fair,Good,Good,Fair,Fair,Good,Good,Good,Good,Fair,----,,,,,,,,,,,,0116,,,,5334.368
854,Nez Perce-Clearwater National Forest,170603040201,Big Smith Creek-Middle Fork Clearwater River,Functioning Properly,28890.3,85,15,Good,Fair,Good,Good,Fair,Fair,Fair,Fair,Good,Good,Fair,Good,,,,,,,,,,,,0117,,,,24667.974000000002
855,Nez Perce-Clearwater National Forest,170603030202,Hidden Creek,Functioning Properly,10505.2,100,0,Good,Good,Good,Good,Good,Good,Fair,Fair,Good,Good,Good,----,,,,,,,,,,,,0117,,,,10505.202
879,Beaverhead-Deerlodge National Forest,100200011403,Ashbough Canyon-Red Rock River,Functioning Properly,29606.9,18,82,Poor,Good,Good,Fair,Fair,Fair,Good,Good,Good,Good,Good,Good,,,,,,,,,,,,0102,,,,5436.339
921,Flathead National Forest,170102100401,Stillwater River-Tobie Creek,Functioning Properly,28679.4,19,81,Poor,Good,Good,Good,Good,Good,Good,Fair,Good,Good,Fair,----,,,,,,,,,,,,0110,,,,5365.581
947,Idaho Panhandle National Forests,170101040304,Dawson Lake-Kootenai River,Functioning Properly,20174.0,10,90,Fair,Fair,Good,Good,Fair,Fair,Good,Good,Fair,Good,Fair,Good,,,,,,,,,,,,0104,,,,1973.5310000000002
991,Beaverhead-Deerlodge National Forest,100200011204,Kate Creek-Medicine Lodge Creek,Functioning at Risk,22554.9,49,51,Poor,Good,Good,Fair,Fair,Poor,Good,Good,Good,Good,Good,Fair,,,,,,,,,,,,0102,,,,11130.416000000001
1044,Helena-Lewis And Clark National Forest,100301040104,Route Creek,Functioning Properly,9656.7,100,0,Fair,Good,Good,Good,Good,Good,Good,Good,Fair,Good,Good,Good,,,,,,,,,,,,0115,,,,9656.684000000001
1146,Helena-Lewis And Clark National Forest,170102010504,Mike Renig Gulch,Functioning at Risk,7335.7,42,58,Fair,Poor,Fair,Good,Poor,Poor,Fair,Poor,Good,Fair,Good,Fair,,,,,,,,,,,,0115,,,,3051.5910000000003
1154,Helena-Lewis And Clark National Forest,100401030501,Pagil Gulch,Functioning Properly,13260.2,32,68,Good,Good,Good,Good,Good,Good,Good,Fair,Good,Good,Good,Good,,,,,,,,,,,,0115,,,,4183.954000000001
1197,Helena-Lewis And Clark National Forest,100301040110,Middle North Fork Sun River,Functioning Properly,12896.300000000001,100,0,Fair,Good,Good,Good,Good,Good,Poor,Fair,Poor,Good,Fair,Fair,,,,,,,,,,,,0115,,,,12896.253
1387,Custer Gallatin National Forest,100901010804,East Fork Hanging Woman Creek,Functioning Properly,22019.2,84,16,Fair,Fair,Good,Fair,Fair,Good,Good,Fair,Fair,Good,Good,Good,,,,,,,,,,,,0111,,,,18450.031000000003
1482,Nez Perce-Clearwater National Forest,170603030401,Upper Warm Springs Creek,Functioning Properly,13787.0,100,0,Good,Good,Good,Good,Good,Good,Good,Poor,Fair,Good,Good,----,,,,,,,,,,,,0117,,,,13787.045
1559,Idaho Panhandle National Forests,170101040303,Cabin Creek-Cow Creek,Functioning at Risk,16154.2,23,78,Fair,Fair,Good,Fair,Fair,Good,Good,Good,Good,Good,Fair,Fair,,,,,,,,,,,,0104,,,,3641.909
1584,Lolo National Forest,170102130606,Dry Creek,Functioning at Risk,22866.7,92,8,Fair,Fair,Fair,Good,Fair,Fair,Fair,Fair,Good,Fair,Fair,----,,,,,,,,,,,,0116,,,,20941.077
1715,Nez Perce-Clearwater National Forest,170603020302,Upper Meadow Creek,Functioning Properly,22358.5,100,0,Good,Good,Good,Good,Good,Good,Good,Poor,Good,Good,Good,----,,,,,,,,,,,,0117,,,,22358.507
1720,Nez Perce-Clearwater National Forest,170603070401,Kelly Fork Creeks,Functioning Properly,26228.4,100,0,Good,Good,Good,Good,Good,Good,Good,Fair,Good,Good,Good,Good,,,,,,,,,,,,0117,,,,26228.386
1727,Helena-Lewis And Clark National Forest,100401030303,Yogo Creek,Functioning at Risk,29297.2,98,2,Poor,Fair,Good,Poor,Poor,Poor,Good,Fair,Good,Fair,Poor,Fair,,,,,,,,,,,,0115,,,,28611.821
1730,Flathead National Forest,170102060606,Canyon Creek,Functioning Properly,19029.7,96,4,Good,Good,Good,Good,Fair,Poor,Good,Good,Good,Good,Fair,----,,,,,,,,,,,,0110,,,,18263.478000000003
1787,Custer Gallatin National Forest,100700020405,Deep Creek,Functioning Properly,15756.7,72,28,Poor,Good,Good,Good,Good,Good,Poor,Good,Poor,Good,Good,Good,,,,,,,,,,,,0111,,,,11275.202
1828,Idaho Panhandle National Forests,170101040405,Snow Creek,Functioning Properly,13547.9,75,25,Fair,Good,Fair,Good,Good,Fair,Good,Good,Fair,Good,Fair,Good,,,,,,,,,,,,0104,,,,10113.862
2022,Nez Perce-Clearwater National Forest,170603050704,Lightning Creek-South Fork Clearwater River,Functioning at Risk,29741.0,40,60,Good,Fair,Poor,Fair,Poor,Poor,Fair,Fair,Good,Good,Good,Good,,,,,,,,,,,,0117,,,,11784.354
2028,Nez Perce-Clearwater National Forest,170603020109,Lower North Fork Moose Creek,Functioning Properly,17579.600000000002,100,0,Good,Good,Good,Good,Good,Good,Good,Poor,Good,Good,Good,Fair,,,,,,,,,,,,0117,,,,17579.641
2071,Nez Perce-Clearwater National Forest,170603030205,Colt Creek,Functioning Properly,16655.9,100,0,Good,Good,Good,Good,Good,Good,Good,Poor,Good,Good,Good,Good,,,,,,,,,,,,0117,,,,16655.909
2074,Nez Perce-Clearwater National Forest,170603070506,Johnny Creek,Functioning Properly,11737.0,100,0,Good,Good,Good,Good,Good,Good,Good,Fair,Good,Good,Good,Good,,,,,,,,,,,,0117,,,,11737.044
2152,Helena-Lewis And Clark National Forest,100401030301,Cleveland Creek,Functioning Properly,32891.6,98,2,Fair,Good,Good,Good,Good,Fair,Good,Fair,Good,Fair,Fair,Good,,,,,,,,,,,,0115,,,,32229.015
2347,Lolo National Forest,170102040706,Clark Fork River-Sevenmile Creek,Functioning Properly,21210.9,82,18,Fair,Fair,Fair,Good,Good,Fair,Good,Good,Good,Good,Fair,Good,,,,,,,,,,,,0116,,,,17380.644
2376,Helena-Lewis And Clark National Forest,100301050101,Jefferson Creek-Belt Creek,Functioning at Risk,20809.2,100,0,Poor,Fair,Good,Poor,Fair,Good,Poor,Good,Good,Good,Poor,Fair,,,,,,,,,,,,0115,,,,20764.561
2410,Nez Perce-Clearwater National Forest,170603020203,Three Links Creek,Functioning Properly,28108.2,100,0,Fair,Good,Good,Good,Good,Good,Good,Poor,Good,Good,Good,Good,,,,,,,,,,,,0117,,,,28107.203
2431,Helena-Lewis And Clark National Forest,100301011307,McClellan Creek,Functioning at Risk,23230.9,61,39,Fair,Fair,Fair,Good,Poor,Poor,Fair,Good,Good,Good,Fair,Fair,,,,,,,,,,,,0115,,,,14085.537
2454,Beaverhead-Deerlodge National Forest,170102020101,Silver Lake,Functioning at Risk,19738.4,87,13,Fair,Fair,Fair,Fair,Fair,Fair,Good,Fair,Good,Good,Good,Good,,,,,,,,,,,,0102,,,,17141.079
2652,Custer Gallatin National Forest,100200080901,Jackson Creek,Functioning at Risk,12246.7,23,77,Poor,Good,Poor,Good,Fair,Fair,Poor,Fair,Good,Good,Good,Good,,,,,,,,,,,,0111,,,,2856.996
2913,Helena-Lewis And Clark National Forest,170102030203,Upper Alice Creek,Functioning at Risk,12566.800000000001,92,9,Fair,Fair,Good,Good,Fair,Poor,Good,Fair,Good,Fair,Good,Fair,,,,,,,,,,,,0115,,,,11501.26
3036,Beaverhead-Deerlodge National Forest,170102010303,Foster Creek,Functioning at Risk,11172.300000000001,98,2,Fair,Fair,Good,Fair,Fair,Fair,Good,Fair,Good,Fair,Good,Good,,,,,,,,,,,,0102,,,,10967.724
3225,Nez Perce-Clearwater National Forest,170603080401,Beaver Creek,Functioning at Risk,39819.700000000004,17,83,Good,Fair,Fair,Good,Good,Poor,Good,Fair,Good,Good,Good,Good,,,,,,,,,,,,0117,,,,6885.701
3474,Nez Perce-Clearwater National Forest,170603010606,Lower Cub Creek,Functioning Properly,18208.3,100,0,Good,Good,Good,Good,Good,Good,Good,Poor,Good,Good,Good,Good,,,,,,,,,,,,0117,,,,18207.763
3540,Helena-Lewis And Clark National Forest,100301040202,Wood Creek,Functioning Properly,19058.4,100,0,Fair,Fair,Good,Good,Good,Good,Fair,Good,Good,Fair,Poor,Fair,,,,,,,,,,,,0115,,,,19058.426
3680,Flathead National Forest,170102090604,Wheeler Creek,Functioning Properly,18213.7,100,0,Good,Good,Good,Good,Good,Good,Good,Good,Good,Fair,Fair,----,,,,,,,,,,,,0110,,,,18213.653
3711,Dakota Prairie Grasslands,101102031002,Lower Knutson Creek,Functioning at Risk,18609.600000000002,52,48,Fair,Good,Good,Fair,Fair,Poor,Poor,Good,Good,Good,Fair,Poor,,,,,,,,,,,,0118,,,,9710.53
3830,Helena-Lewis And Clark National Forest,100301030505,Whitetail Deer Creek,Functioning at Risk,23116.100000000002,20,80,Poor,Fair,Good,Good,Fair,Fair,Poor,Fair,Good,Fair,Poor,Fair,,,,,,,,,,,,0115,,,,4707.3150000000005
3870,Nez Perce-Clearwater National Forest,170601010204,Corral Creek-Snake River,Functioning Properly,13570.800000000001,100,0,Good,Good,Good,Good,Good,Good,Fair,Fair,Good,Good,Good,Fair,,,,,,,,,,,,0117,,,,13570.811
3991,Idaho Panhandle National Forests,170102150403,Mission Falls-Upper West Branch Priest River,Impaired Function,10839.4,96,4,Poor,Poor,Poor,Good,Poor,Poor,Fair,Good,Good,Good,Good,Fair,,,,,,,,,,,,0104,,,,10405.273
4073,Custer Gallatin National Forest,100200080304,Beaver Creek-Gallatin River,Functioning Properly,16071.7,56,44,Poor,Good,Good,Good,Good,Good,Fair,Fair,Good,Good,Good,Good,,,,,,,,,,,,0111,,,,8931.577000000001
4074,Helena-Lewis And Clark National Forest,100301040203,Upper South Fork Sun River,Functioning Properly,30327.4,100,0,Fair,Good,Good,Good,Good,Good,Fair,Good,Poor,Fair,Good,----,,,,,,,,,,,,0115,,,,30326.842
4135,Flathead National Forest,170102090509,Middle Fork Flathead River-Tin Creek,Functioning Properly,10117.2,100,0,Good,Good,Good,Good,Good,Fair,Good,Good,Good,Good,Fair,----,,,,,,,,,,,,0110,,,,10117.189
4141,Custer Gallatin National Forest,100700060902,Lake Fork,Functioning Properly,24205.2,100,0,Fair,Good,Good,Good,Good,Fair,Good,Good,Good,Good,Good,----,,,,,,,,,,,,0111,,,,24126.247
4160,Flathead National Forest,170102070201,Morrison Creek,Functioning Properly,32302.0,100,0,Fair,Good,Good,Good,Good,Good,Good,Good,Good,Fair,Fair,----,,,,,,,,,,,,0110,,,,32301.826
4195,Lolo National Forest,170102021209,Alder Creek,Functioning Properly,8556.6,100,0,Good,Fair,Good,Fair,Good,Fair,Good,Fair,Good,Good,Fair,----,,,,,,,,,,,,0116,,,,8550.437
4230,Nez Perce-Clearwater National Forest,170603020110,Lower East Fork Moose Creek,Functioning Properly,29517.100000000002,100,0,Good,Good,Good,Good,Good,Good,Good,Poor,Good,Good,Fair,Poor,,,,,,,,,,,,0117,,,,29516.989
4232,Custer Gallatin National Forest,100200080502,Moose Creek-Gallatin River,Functioning Properly,13450.7,93,7,Poor,Good,Good,Good,Fair,Fair,Fair,Fair,Good,Good,Good,Good,,,,,,,,,,,,0111,,,,12524.711
4235,Lolo National Forest,170102030501,Dry Fork-Dwight Creek,Functioning Properly,10206.6,100,0,Good,Good,Good,Good,Good,Good,Good,Fair,Good,Fair,Good,----,,,,,,,,,,,,0116,,,,10206.638
4314,Bitterroot National Forest,170102050705,Lower Sleeping Child Creek,Functioning at Risk,13175.9,58,42,Poor,Fair,Fair,Fair,Fair,Fair,Fair,Fair,Good,Good,Poor,Fair,,,,,,,,,,,,0103,,,,7639.655000000001
4409,Dakota Prairie Grasslands,101102030903,Lower Andrews Creek,Functioning Properly,19483.9,81,19,Fair,Good,Good,Good,Good,Poor,Fair,Good,Good,Good,Good,Poor,,,,,,,,,,,,0118,,,,15823.878
4475,Idaho Panhandle National Forests,170103010603,Leiberg Creek-Little North Fork Coeur d'Alene River,Functioning at Risk,24973.100000000002,100,0,Fair,Fair,Fair,Good,Fair,Poor,Fair,Good,Good,Good,Good,Good,,,,,,,,,,,,0104,,,,24912.012000000002
4558,Dakota Prairie Grasslands,101102050208,Corral Creek,Functioning Properly,14667.300000000001,24,76,Fair,Good,Good,Fair,Fair,Fair,Fair,Good,Good,Good,Good,Fair,,,,,,,,,,,,0118,,,,3506.65
4578,Dakota Prairie Grasslands,101101011004,Lone Butte,Functioning at Risk,19858.600000000002,26,74,Fair,Fair,Fair,Poor,Fair,Poor,Poor,Good,----,Good,Good,Fair,,,,,,,,,,,,0118,,,,5142.059
4723,Custer Gallatin National Forest,101102010704,Upper Tie Creek,Functioning Properly,23219.7,33,68,Good,Fair,Good,Fair,Good,Fair,Fair,Fair,Good,Good,Good,Good,,,,,,,,,,,,0111,,,,7554.417
4761,Lolo National Forest,170102130105,Thompson River-Twin Lakes Creek,Functioning Properly,32533.0,7,94,Fair,Fair,Fair,Good,Good,Fair,Good,Good,Good,Good,Fair,----,,,,,,,,,,,,0116,,,,2120.152
4814,Beaverhead-Deerlodge National Forest,100200040905,Upper Pettengill Creek,Functioning Properly,17369.8,100,0,Poor,Good,Poor,Good,Good,Good,Good,Fair,Good,Good,Good,Good,,,,,,,,,,,,0102,,,,17327.936
5143,Lolo National Forest,170102021208,Rock Creek-Hutsinpilar Creek,Functioning at Risk,23442.8,100,0,Fair,Good,Fair,Good,Poor,Fair,Fair,Fair,Good,Good,Good,----,,,,,,,,,,,,0116,,,,23425.067
5165,Custer Gallatin National Forest,100200081201,Upper Dry Creek,Functioning Properly,34814.8,6,94,Good,Good,Good,Good,Good,Good,Good,Fair,Good,Good,Good,Good,,,,,,,,,,,,0111,,,,2055.483
5203,Lolo National Forest,170102021404,Clark Fork River-Wallace Creek,Functioning at Risk,31085.2,40,60,Fair,Fair,Fair,Good,Fair,Good,Fair,Fair,Fair,Good,Fair,----,,,,,,,,,,,,0116,,,,12523.596
5237,Nez Perce-Clearwater National Forest,170603070505,Hemlock Creek,Functioning Properly,21457.2,100,0,Good,Good,Good,Good,Good,Fair,Good,Fair,Good,Good,Good,Good,,,,,,,,,,,,0117,,,,21457.226
5288,Beaverhead-Deerlodge National Forest,170102020903,Lower Ross Fork Rock Creek,Functioning Properly,13902.0,43,57,Fair,Good,Good,Poor,Good,Fair,Good,Fair,Fair,Fair,Good,Good,,,,,,,,,,,,0102,,,,5921.366
5327,Dakota Prairie Grasslands,101101011801,Rat Lake,Functioning at Risk,27306.2,15,86,Fair,Fair,Good,Poor,Fair,Fair,Fair,Fair,----,Good,Poor,Fair,,,,,,,,,,,,0118,,,,3946.0480000000002
5473,Nez Perce-Clearwater National Forest,170601080110,Rock Creek-Palouse River,Functioning at Risk,36229.9,9,91,Poor,Poor,Good,Good,Fair,Poor,Fair,Good,Good,Good,Fair,Fair,,,,,,,,,,,,0117,,,,3265.7200000000003
5503,Beaverhead-Deerlodge National Forest,100200060509,Conrow Creek-Boulder River,Functioning Properly,36147.4,9,91,Poor,Fair,Good,Good,Good,Good,Good,Good,Good,Good,Good,Good,,,,,,,,,,,,0102,,,,3304.782
5511,Custer Gallatin National Forest,100700030204,Muddy Creek,Functioning Properly,13470.2,6,94,Good,Good,Fair,Good,Good,Good,Good,Fair,Good,Good,Good,Good,,,,,,,,,,,,0111,,,,761.869
5526,Beaverhead-Deerlodge National Forest,100200040507,Johnson Creek,Functioning Properly,25559.100000000002,89,11,Fair,Fair,Poor,Good,Fair,Fair,Good,Fair,Good,Good,Good,Fair,,,,,,,,,,,,0102,,,,22673.502
5530,Helena-Lewis And Clark National Forest,170102030310,Blackfoot River-Little Moose Creek,Functioning at Risk,20042.100000000002,45,55,Good,Fair,Poor,Good,Fair,Poor,Fair,Poor,Good,Fair,Poor,Poor,,,,,,,,,,,,0115,,,,8988.109
5582,Beaverhead-Deerlodge National Forest,100200010602,Cabin Creek,Functioning Properly,38563.5,41,59,Fair,Fair,Good,Good,Good,Poor,Good,Good,Good,Good,Good,Good,,,,,,,,,,,,0102,,,,15915.117
5611,Beaverhead-Deerlodge National Forest,100200070602,Middle West Fork Madison River,Functioning at Risk,15736.2,94,6,Fair,Fair,Poor,Good,Fair,Good,Good,Good,Good,Fair,Good,Good,,,,,,,,,,,,0102,,,,14839.731
5623,Lolo National Forest,170102130305,Lower Little Thompson River,Functioning Properly,18303.7,14,86,Fair,Good,Good,Good,Good,Good,Fair,Fair,Good,Good,Fair,----,,,,,,,,,,,,0116,,,,2517.146
5625,Custer Gallatin National Forest,100800140401,North Fork Sage Creek-Sage Creek,Functioning Properly,31024.9,51,50,Good,Fair,Good,Fair,Fair,Fair,Good,Good,Good,Fair,Fair,Good,,,,,,,,,,,,0111,,,,15655.287
5718,Custer Gallatin National Forest,100700021407,Middle Bridger Creek,Functioning at Risk,11991.300000000001,50,50,Poor,Good,Good,Good,Fair,Good,Poor,Good,Poor,Good,Good,Good,,,,,,,,,,,,0111,,,,5993.915
5749,Bitterroot National Forest,170102051005,Blodgett Creek,Functioning Properly,18156.9,92,8,Poor,Good,Fair,Poor,Good,Good,Good,Good,Good,Good,Fair,Good,,,,,,,,,,,,0103,,,,16654.024
5827,Custer Gallatin National Forest,100901020103,Little Bear Creek,Functioning Properly,18833.4,11,89,Fair,Fair,Good,Good,Fair,Fair,Good,Fair,Good,Good,Good,Good,,,,,,,,,,,,0111,,,,2147.236
5899,Helena-Lewis And Clark National Forest,100402020101,Headwaters Willow Creek,Functioning at Risk,32746.2,22,78,Poor,Poor,Fair,Fair,Fair,Fair,Fair,Poor,Good,Fair,Poor,Fair,,,,,,,,,,,,0115,,,,7085.06
5938,Custer Gallatin National Forest,100901020505,Bringoff Creek-Tongue River,Functioning Properly,33092.3,6,94,Good,Good,Good,Fair,Good,Good,Fair,Fair,Poor,Good,Good,Good,,,,,,,,,,,,0111,,,,2102.891
5982,Dakota Prairie Grasslands,101102050101,Scairt Woman Draw,Functioning Properly,30763.3,48,52,Fair,Good,Good,Fair,Fair,Fair,Good,Good,Good,Good,Good,Poor,,,,,,,,,,,,0118,,,,14782.412
6037,Nez Perce-Clearwater National Forest,170602090503,Deer Creek,Functioning at Risk,10040.1,36,64,Good,Poor,Good,Fair,Fair,Poor,Poor,Fair,Good,Good,Good,Poor,,,,,,,,,,,,0117,,,,3629.799
6063,Helena-Lewis And Clark National Forest,100401030502,Spring Creek-Judith River,Functioning at Risk,19844.0,17,83,Poor,Fair,Poor,Poor,Good,Good,Good,Good,Good,Good,Fair,Fair,,,,,,,,,,,,0115,,,,3360.85
6091,Nez Perce-Clearwater National Forest,170601080103,Meadow Creek,Functioning at Risk,25637.100000000002,55,45,Poor,Fair,Good,Good,Good,Poor,Good,Good,Fair,Good,Good,Poor,,,,,,,,,,,,0117,,,,14162.68
6205,Helena-Lewis And Clark National Forest,100401030302,Lost Fork,Functioning at Risk,23059.100000000002,100,0,Poor,Fair,Good,Good,Good,Good,Poor,Good,Poor,Fair,Fair,Fair,,,,,,,,,,,,0115,,,,23059.137
6209,Idaho Panhandle National Forests,170102150401,Headwaters Upper West Branch Priest River,Functioning at Risk,20112.2,99,1,Poor,Fair,Fair,Good,Fair,Fair,Good,Good,Good,Good,Good,Good,,,,,,,,,,,,0104,,,,19902.23
6335,Dakota Prairie Grasslands,101000042404,Middle Bennie Peer Creek,Functioning at Risk,15827.7,62,38,Fair,Good,Good,Fair,Fair,Poor,Poor,Good,----,Good,Good,Fair,,,,,,,,,,,,0118,,,,9855.493
6482,Flathead National Forest,170102070107,Middle Fork Flathead River-Clack Creek,Functioning Properly,37602.0,100,0,Fair,Good,Good,Good,Good,Good,Good,Fair,Good,Fair,Good,----,,,,,,,,,,,,0110,,,,37602.027
6566,Kootenai National Forest,170101040202,Curley Creek,Functioning at Risk,12121.1,62,38,Fair,Poor,Fair,Good,Good,Good,Good,Fair,Fair,Good,Good,Good,,,,,,,,,,,,0114,,,,7501.447
6602,Flathead National Forest,170102090208,Middle White River,Functioning Properly,15846.300000000001,100,0,Good,Good,Good,Good,Good,Good,Good,Good,Good,Good,Good,----,,,,,,,,,,,,0110,,,,15846.293000000001
6642,Custer Gallatin National Forest,100200080703,South Cottonwood Creek,Functioning Properly,18938.7,82,18,Poor,Good,Good,Good,Good,Good,Poor,Fair,Fair,Good,Good,Good,,,,,,,,,,,,0111,,,,15568.746
6758,Beaverhead-Deerlodge National Forest,100200010101,Red Rock Creek,Functioning Properly,24557.3,29,72,Fair,Fair,Fair,Good,Fair,Good,Good,Good,Good,Good,Good,Good,,,,,,,,,,,,0102,,,,6993.001
6792,Beaverhead-Deerlodge National Forest,100200010201,Metzel Creek,Functioning at Risk,12023.9,33,67,Poor,Fair,Poor,Good,Fair,Fair,Good,Good,Good,Good,Good,Good,,,,,,,,,,,,0102,,,,3928.6560000000004
6928,Flathead National Forest,170102080401,Woods Bay,Functioning Properly,24071.3,70,30,Poor,Good,Good,Poor,Good,Good,Good,Good,Good,Good,Fair,----,,,,,,,,,,,,0110,,,,16936.139
7072,Bitterroot National Forest,170102050107,Slate Creek,Functioning Properly,11575.6,100,0,Good,Poor,Good,Good,Good,Good,Good,Fair,Fair,Fair,Fair,Fair,,,,,,,,,,,,0103,,,,11575.62
7078,Bitterroot National Forest,170102050305,West Fork Bitterroot River-Lloyd Creek,Functioning at Risk,22026.3,80,20,Poor,Fair,Fair,Good,Fair,Fair,Good,Fair,Good,Good,Fair,Good,,,,,,,,,,,,0103,,,,17588.894
7171,Bitterroot National Forest,170603010402,Indian Creek,Functioning Properly,32109.3,100,0,Good,Fair,Good,Good,Good,Good,Good,Good,Good,Fair,Fair,Fair,,,,,,,,,,,,0103,,,,32109.265
7273,Beaverhead-Deerlodge National Forest,100200011004,Lower Bloody Dick Creek,Functioning at Risk,23623.100000000002,41,59,Poor,Good,Good,Fair,Fair,Fair,Good,Good,Good,Good,Good,Fair,,,,,,,,,,,,0102,,,,9778.911
7274,Beaverhead-Deerlodge National Forest,100200011303,Watson Creek,Functioning at Risk,11625.1,13,87,Poor,Fair,Good,Good,Poor,Fair,Good,Good,Good,Good,Good,Good,,,,,,,,,,,,0102,,,,1537.938
7423,Bitterroot National Forest,170603010103,Hells Half Acre Creek-Selway River,Functioning Properly,33982.1,100,0,Good,Fair,Good,Good,Good,Good,Good,Good,Good,Fair,Fair,Good,,,,,,,,,,,,0103,,,,33982.102
7432,Beaverhead-Deerlodge National Forest,100200030506,Indian Creek,Functioning Properly,17888.5,41,59,Fair,Fair,Poor,Good,Good,Fair,Good,Good,Good,Good,Good,Good,,,,,,,,,,,,0102,,,,7354.928000000001
7437,Nez Perce-Clearwater National Forest,170603080702,Bull Run Creek,Functioning at Risk,15488.1,15,85,Poor,Fair,Fair,Good,Fair,Poor,Good,Good,Fair,Good,Good,Good,,,,,,,,,,,,0117,,,,2324.375
7534,Dakota Prairie Grasslands,101102030303,Bull Run Creek,Functioning at Risk,23399.100000000002,26,74,Fair,Poor,Fair,Fair,Good,Poor,Fair,Good,Good,Good,Good,Fair,,,,,,,,,,,,0118,,,,6033.071
7627,Dakota Prairie Grasslands,101102030501,Upper Sand Creek,Functioning at Risk,22509.600000000002,11,90,Fair,Fair,Good,Fair,Fair,Fair,Good,Good,Good,Good,Good,Fair,,,,,,,,,,,,0118,,,,2353.7270000000003
7724,Idaho Panhandle National Forests,170103010702,Graham Creek-Lower North Fork Coeur d'Alene River,Functioning at Risk,34597.4,92,8,Fair,Fair,Fair,Good,Fair,Fair,Fair,Good,Good,Good,Good,Good,,,,,,,,,,,,0104,,,,31806.096
7878,Helena-Lewis And Clark National Forest,100402011303,Upper Roberts Creek,Functioning Properly,39729.9,18,82,Good,Fair,Good,Good,Good,Fair,Good,Fair,Good,Fair,Poor,Fair,,,,,,,,,,,,0115,,,,7188.83
7900,Helena-Lewis And Clark National Forest,100301030702,Lower Eagle Creek,Functioning Properly,14308.2,7,93,Poor,Fair,Good,Good,Good,Good,Good,Fair,Good,Fair,Poor,Good,,,,,,,,,,,,0115,,,,962.5490000000001
7913,Custer Gallatin National Forest,101102020602,Spring Creek,Functioning Properly,23745.4,13,87,Good,Good,Good,Fair,Good,Fair,Fair,Fair,Good,Good,Good,Good,,,,,,,,,,,,0111,,,,3058.51
7944,Helena-Lewis And Clark National Forest,100401030104,West Buffalo Creek,Functioning Properly,30472.9,14,86,Good,Fair,Good,Good,Good,Good,Good,Fair,Good,Fair,Fair,Fair,,,,,,,,,,,,0115,,,,4329.0380000000005
7979,Custer Gallatin National Forest,101102020506,Little Ramme Creek-Boxelder Creek,Functioning Properly,32305.5,12,88,Good,Fair,Good,Good,Good,Fair,Fair,Fair,Good,Good,Good,Good,,,,,,,,,,,,0111,,,,3779.106
7998,Dakota Prairie Grasslands,101102031307,Ash Coulee,Functioning at Risk,21593.7,65,35,Fair,Fair,Good,Fair,Fair,Fair,Poor,Good,Good,Good,Good,Poor,,,,,,,,,,,,0118,,,,13982.504
8009,Dakota Prairie Grasslands,101102030807,Davis Creek,Functioning at Risk,33607.6,73,27,Fair,Poor,Fair,Fair,Fair,Poor,Poor,Good,Good,Good,Good,Poor,,,,,,,,,,,,0118,,,,24674.436999999998
8025,Flathead National Forest,170102110304,Woodward Creek,Functioning Properly,16106.0,24,76,Fair,Good,Good,Good,Good,Good,Good,Fair,Good,Good,Good,----,,,,,,,,,,,,0110,,,,3844.427
8123,Flathead National Forest,170102060311,Trail Creek,Functioning Properly,26229.7,92,8,Fair,Good,Good,Good,Good,Good,Good,Fair,Good,Good,Good,----,,,,,,,,,,,,0110,,,,24093.964
8168,Helena-Lewis And Clark National Forest,100401031101,Upper Dry Wolf Creek,Functioning Properly,28754.5,96,4,Poor,Good,Good,Good,Good,Poor,Fair,Fair,Good,Good,Poor,Good,,,,,,,,,,,,0115,,,,27491.915
8211,Helena-Lewis And Clark National Forest,100402011305,Lower Blake Creek,Functioning Properly,31910.100000000002,10,90,Good,Good,Good,Good,Good,Good,Good,Fair,Good,Good,Fair,Fair,,,,,,,,,,,,0115,,,,3164.2160000000003
8332,Helena-Lewis And Clark National Forest,100301030402,Upper Sheep Creek,Functioning at Risk,22703.600000000002,59,42,Poor,Fair,Poor,Fair,Good,Poor,Poor,Fair,Good,Fair,Fair,Fair,,,,,,,,,,,,0115,,,,13275.659
8366,Helena-Lewis And Clark National Forest,100301011601,Oregon Gulch,Functioning at Risk,6474.6,90,10,Fair,Fair,Fair,Fair,Fair,Poor,Good,Fair,Good,Fair,Poor,Poor,,,,,,,,,,,,0115,,,,5803.883000000001
8458,Dakota Prairie Grasslands,101102050302,Ranch Creek,Functioning at Risk,23380.4,9,91,Fair,Poor,Fair,Good,Fair,Good,Fair,Good,Good,Good,Good,Fair,,,,,,,,,,,,0118,,,,2154.3740000000003
8475,Custer Gallatin National Forest,100200070404,Earthquake Lake,Functioning Properly,10331.1,98,2,Poor,Good,Good,Poor,Good,Fair,Good,Fair,Good,Good,Good,Good,,,,,,,,,,,,0111,,,,10139.151
8512,Helena-Lewis And Clark National Forest,100301030503,Thomas Creek,Functioning at Risk,9363.4,29,72,Fair,Fair,Fair,Poor,Poor,Poor,Fair,Fair,Good,Fair,Good,Fair,,,,,,,,,,,,0115,,,,2668.821
8622,Dakota Prairie Grasslands,090202040503,090202040503,Functioning Properly,12919.300000000001,83,17,Fair,Good,Good,Good,Good,Fair,Good,Good,----,Good,Poor,Poor,,,,,,,,,,,,0118,,,,10774.478
8688,Dakota Prairie Grasslands,101102050106,French Creek,Functioning Properly,29577.100000000002,41,59,Fair,Good,Good,Good,Good,Fair,Fair,Good,Good,Good,Poor,Poor,,,,,,,,,,,,0118,,,,12175.696
8918,Helena-Lewis And Clark National Forest,100301010701,Headwaters Crow Creek,Functioning at Risk,15303.800000000001,99,1,Fair,Fair,Poor,Good,Fair,Poor,Fair,Good,Good,Fair,Good,Good,,,,,,,,,,,,0115,,,,15137.094000000001
8957,Custer Gallatin National Forest,101102010705,Lower Tie Creek,Functioning Properly,22935.5,10,90,Good,Fair,Good,Good,Fair,Good,Good,Fair,Good,Good,Good,Good,,,,,,,,,,,,0111,,,,2376.905
9303,Custer Gallatin National Forest,100200071501,Bear Trap Creek-Madison River,Functioning Properly,23428.7,28,72,Fair,Good,Good,Poor,Good,Good,Poor,Fair,Good,Fair,Good,Good,,,,,,,,,,,,0111,,,,6585.522
9355,Custer Gallatin National Forest,100901010801,Lower Hanging Woman Creek,Functioning Properly,33404.3,6,94,Good,Good,Good,Good,Good,Good,Good,Fair,Fair,Good,Good,Good,,,,,,,,,,,,0111,,,,1854.787
9430,Flathead National Forest,170102090104,Babcock Creek,Functioning Properly,16970.6,100,0,Good,Good,Good,Good,Good,Good,Good,Good,Good,Fair,Good,----,,,,,,,,,,,,0110,,,,16970.647
9470,Dakota Prairie Grasslands,101000042607,Lower Charbonneau Creek,Functioning Properly,30667.5,16,84,Fair,Good,Good,Good,Good,Poor,Fair,Good,Good,Good,Poor,Fair,,,,,,,,,,,,0118,,,,5007.081
9471,Helena-Lewis And Clark National Forest,100402011402,Walters Coulee,Functioning Properly,13451.1,7,93,Good,Good,Good,Good,Good,Good,Good,Poor,Good,Good,Fair,Fair,,,,,,,,,,,,0115,,,,947.9140000000001
9542,Lolo National Forest,170102031302,West Fork Gold Creek,Functioning at Risk,12856.4,41,59,Fair,Fair,Good,Good,Fair,Good,Good,Good,Good,Good,Fair,----,,,,,,,,,,,,0116,,,,5227.684
9564,Dakota Prairie Grasslands,101102050205,Upper Bennett Creek,Functioning Properly,20303.2,26,75,Fair,Good,Good,Fair,Good,Fair,Fair,Good,Good,Good,Good,Fair,,,,,,,,,,,,0118,,,,5182.036
9576,Flathead National Forest,170102080304,Dayton Creek,Functioning Properly,14666.9,24,76,Poor,Good,Good,Good,Good,Good,Good,Fair,Good,Good,Poor,----,,,,,,,,,,,,0110,,,,3487.9260000000004
9629,Flathead National Forest,170102100106,Martin Creek,Functioning Properly,10865.5,99,1,Poor,Good,Good,Good,Fair,Poor,Good,Good,Good,Good,Fair,----,,,,,,,,,,,,0110,,,,10736.62
9671,Custer Gallatin National Forest,100700020603,Lower Big Timber Creek,Functioning Properly,35046.700000000004,11,89,Poor,Good,Good,Good,Good,Good,Good,Fair,Good,Good,Good,Good,,,,,,,,,,,,0111,,,,3951.4500000000003
9676,Helena-Lewis And Clark National Forest,100301011101,Duck Creek,Functioning at Risk,20808.4,33,67,Poor,Fair,Good,Good,Good,Poor,Fair,Fair,Good,Fair,Good,Poor,,,,,,,,,,,,0115,,,,6821.723
9704,Dakota Prairie Grasslands,101102030503,Lower Sand Creek,Functioning at Risk,25585.3,30,70,Fair,Fair,Good,Fair,Good,Poor,Good,Good,Good,Good,Good,Poor,,,,,,,,,,,,0118,,,,7665.647
9705,Dakota Prairie Grasslands,101102030804,Toms Wash-Little Missouri River,Functioning Properly,26084.0,71,29,Fair,Good,Fair,Good,Good,Poor,Good,Good,Good,Good,Good,Poor,,,,,,,,,,,,0118,,,,18452.532
9708,Helena-Lewis And Clark National Forest,170102010607,Upper Dog Creek,Functioning at Risk,8713.3,58,42,Fair,Fair,Good,Good,Poor,Fair,Fair,Poor,Good,Fair,Fair,Fair,,,,,,,,,,,,0115,,,,5055.671
9720,Beaverhead-Deerlodge National Forest,100200020103,Divide Creek-Grasshopper Creek,Functioning at Risk,28236.0,41,59,Fair,Fair,Poor,Fair,Fair,Good,Good,Good,Good,Good,Good,Good,,,,,,,,,,,,0102,,,,11462.936
9807,Nez Perce-Clearwater National Forest,170603020401,Gedney Creek,Functioning Properly,30836.4,100,0,Good,Good,Good,Good,Good,Fair,Good,Poor,Good,Good,Good,Good,,,,,,,,,,,,0117,,,,30835.963
9810,Custer Gallatin National Forest,100200081302,Bostwick Creek-East Gallatin River,Functioning Properly,26501.8,15,85,Fair,Good,Good,Good,Good,Good,Good,Fair,Good,Good,Good,Good,,,,,,,,,,,,0111,,,,4080.027
9897,Lolo National Forest,170102030706,North Fork Blackfoot River-Evans Lake,Functioning Properly,19794.7,7,94,Good,Good,Good,Good,Good,Good,Good,Fair,Good,Good,Fair,----,,,,,,,,,,,,0116,,,,1284.569
9902,Flathead National Forest,170102100302,Upper Griffin Creek,Functioning Properly,11442.1,74,26,Good,Poor,Good,Good,Fair,Good,Good,Good,Good,Good,Fair,----,,,,,,,,,,,,0110,,,,8495.89
10025,Lolo National Forest,170102130204,Marten Creek,Functioning Properly,8313.2,83,18,Good,Good,Good,Good,Good,Good,Fair,Fair,Good,Good,Fair,Good,,,,,,,,,,,,0116,,,,6855.437
10037,Flathead National Forest,170102060504,South Fork Upper Coal Creek,Functioning Properly,11844.800000000001,93,7,Fair,Good,Good,Good,Good,Good,Good,Good,Good,Fair,Good,----,,,,,,,,,,,,0110,,,,10991.507
10078,Kootenai National Forest,170101030202,Upper West Fork Yaak River,Functioning Properly,22381.3,99,1,Good,Good,Good,Good,Good,Good,Good,Fair,Good,Good,Good,Good,,,,,,,,,,,,0114,,,,22184.561
10085,Bitterroot National Forest,170102050401,Moose Creek,Functioning Properly,15935.9,99,2,Good,Fair,Good,Good,Good,Good,Good,Fair,Good,Good,Fair,Good,,,,,,,,,,,,0103,,,,15695.083999999999
10196,Custer Gallatin National Forest,100200081301,Middle Cottonwood Creek-East Gallatin River,Functioning Properly,23518.600000000002,15,85,Poor,Good,Good,Good,Good,Good,Good,Fair,Good,Good,Good,Good,,,,,,,,,,,,0111,,,,3507.914
10336,Idaho Panhandle National Forests,170101040401,Deep Creek-McArthur Lake,Functioning at Risk,19925.600000000002,22,78,Poor,Poor,Fair,Fair,Fair,Good,Good,Good,Good,Good,Fair,Fair,,,,,,,,,,,,0104,,,,4345.983
10449,Bitterroot National Forest,170602070206,Little Sq___ Creek-Salmon River,Functioning Properly,35865.9,100,0,Good,Fair,Good,Fair,Good,Good,Good,Fair,Good,Good,Fair,Good,,,,,,,,,,,,0103,,,,35744.315
10524,Flathead National Forest,170102070102,Middle Fork Flathead River-Trail Creek,Functioning Properly,12498.0,100,0,Fair,Good,Good,Good,Good,Good,Good,Fair,Good,Fair,Good,----,,,,,,,,,,,,0110,,,,12498.012
10630,Helena-Lewis And Clark National Forest,100402010209,Cottonwood Creek,Functioning Properly,19333.5,6,94,Good,Fair,Good,Fair,Good,Fair,Good,Good,Good,Fair,Fair,Fair,,,,,,,,,,,,0115,,,,1182.906
10646,Nez Perce-Clearwater National Forest,170603070701,Fourth of July Creek,Functioning Properly,28540.9,100,0,Fair,Good,Good,Good,Good,Good,Good,Fair,Good,Good,Good,Good,,,,,,,,,,,,0117,,,,28540.928
10739,Beaverhead-Deerlodge National Forest,100200020706,Owsley Slough-Beaverhead River,Functioning at Risk,21918.2,14,86,Poor,Fair,Good,Good,Fair,Poor,Good,Good,Good,Good,Good,Good,,,,,,,,,,,,0102,,,,3041.4790000000003
10785,Helena-Lewis And Clark National Forest,100301030502,Lower Camas Creek,Functioning at Risk,17869.5,13,87,Poor,Fair,Poor,Fair,Fair,Poor,Good,Fair,Good,Fair,Fair,Fair,,,,,,,,,,,,0115,,,,2262.396
10794,Flathead National Forest,170102090207,Upper White River,Functioning Properly,19632.100000000002,100,0,Good,Good,Good,Good,Good,Good,Good,Good,Good,Good,Good,----,,,,,,,,,,,,0110,,,,19632.09
10863,Custer Gallatin National Forest,100700050502,Bad Canyon Creek,Functioning Properly,12244.4,59,41,Good,Fair,Good,Good,Good,Fair,Poor,Fair,Poor,Good,Good,Good,,,,,,,,,,,,0111,,,,7192.527
11003,Custer Gallatin National Forest,101102010803,Slick Creek,Functioning Properly,37776.200000000004,29,71,Good,Good,Good,Fair,Good,Good,Fair,Good,Good,Good,Good,Good,,,,,,,,,,,,0111,,,,11042.004
11028,Beaverhead-Deerlodge National Forest,100200030302,Warm Springs Creek,Functioning Properly,18528.4,98,2,Fair,Fair,Poor,Good,Fair,Good,Good,Good,Good,Good,Good,Good,,,,,,,,,,,,0102,,,,18089.668
11035,Beaverhead-Deerlodge National Forest,100200011105,Bear Creek,Functioning Properly,12649.2,66,34,Fair,Fair,Good,Good,Fair,Fair,Good,Good,Good,Good,Good,Fair,,,,,,,,,,,,0102,,,,8294.377
11078,Nez Perce-Clearwater National Forest,170603060801,East Fork Potlatch River,Functioning at Risk,39711.9,13,87,Fair,Poor,Poor,Good,Fair,Fair,Fair,Good,Good,Good,Good,Good,,,,,,,,,,,,0117,,,,5324.1900000000005
11127,Custer Gallatin National Forest,100200070306,Tepee Creek,Functioning Properly,14397.6,99,1,Poor,Good,Good,Good,Good,Good,Good,Fair,Good,Good,Good,Good,,,,,,,,,,,,0111,,,,14234.576000000001
11135,Lolo National Forest,170102031004,Lower Clearwater River,Functioning at Risk,23220.5,81,19,Poor,Fair,Good,Fair,Poor,Fair,Good,Good,Good,Good,Fair,----,,,,,,,,,,,,0116,,,,18725.314
11307,Nez Perce-Clearwater National Forest,170603020304,Middle Meadow Creek,Functioning Properly,33240.4,100,0,Good,Good,Good,Good,Good,Good,Good,Poor,Good,Good,Good,Good,,,,,,,,,,,,0117,,,,33240.414
11346,Lolo National Forest,170102130407,Thompson River-Goat Creek,Impaired Function,13213.7,98,2,Fair,Fair,Fair,Fair,Poor,Fair,Fair,Good,Fair,Good,Fair,----,,,,,,,,,,,,0116,,,,12942.606
11384,Nez Perce-Clearwater National Forest,170603070105,Elizabeth Creek-North Fork Clearwater River,Functioning Properly,38513.4,100,0,Good,Fair,Good,Good,Good,Poor,Good,Fair,Good,Good,Good,Good,,,,,,,,,,,,0117,,,,38512.382
11502,Nez Perce-Clearwater National Forest,170603070801,Washington Creek,Functioning at Risk,30165.5,29,71,Good,Fair,Good,Good,Fair,Poor,Good,Fair,Good,Good,Fair,Fair,,,,,,,,,,,,0117,,,,8823.887
11505,Nez Perce-Clearwater National Forest,170603050504,Twentymile Creek,Functioning Properly,14571.9,100,0,Good,Good,Fair,Good,Good,Good,Good,Poor,Good,Good,Good,Good,,,,,,,,,,,,0117,,,,14571.877
11508,Nez Perce-Clearwater National Forest,170603070202,Gravey Creek,Functioning Properly,19867.2,100,0,Good,Fair,Fair,Good,Good,Fair,Good,Poor,Good,Good,Good,Poor,,,,,,,,,,,,0117,,,,19867.202
11681,Lolo National Forest,170102130103,Murr Creek,Functioning Properly,19781.9,46,54,Fair,Fair,Good,Good,Good,Good,Good,Fair,Good,Good,Fair,----,,,,,,,,,,,,0116,,,,9017.824
11890,Helena-Lewis And Clark National Forest,100301040403,Hannah Gulch-Sun River,Functioning Properly,21705.0,95,5,Poor,Good,Good,Good,Good,Good,Good,Good,Good,Fair,Poor,Fair,,,,,,,,,,,,0115,,,,20633.15
11996,Kootenai National Forest,170102131003,Noxon Reservoir-Belgian Gulch,Functioning Properly,11122.7,30,70,Fair,Good,Good,Good,Good,Good,Good,Good,Good,Good,Good,Good,,,,,,,,,,,,0114,,,,3350.6220000000003
12025,Beaverhead-Deerlodge National Forest,100200040601,McVey Creek,Functioning at Risk,9673.800000000001,69,31,Fair,Fair,Poor,Good,Fair,Fair,Good,Fair,Good,Good,Good,Good,,,,,,,,,,,,0102,,,,6700.703
12195,Kootenai National Forest,170101011203,Warland Creek,Functioning Properly,8523.3,92,8,Good,Poor,Good,Good,Good,Good,Good,Good,Good,Good,Good,Good,,,,,,,,,,,,0114,,,,7871.662
12266,Lolo National Forest,170102130405,West Fork Lower Thompson River,Functioning Properly,22800.5,100,0,Good,Fair,Good,Good,Fair,Poor,Good,Fair,Good,Good,Good,----,,,,,,,,,,,,0116,,,,22800.502
12401,Lolo National Forest,170102021304,Brewster Creek,Functioning at Risk,11812.5,97,3,Fair,Fair,Fair,Fair,Fair,Fair,Good,Fair,Good,Good,Fair,Good,,,,,,,,,,,,0116,,,,11410.027
12500,Idaho Panhandle National Forests,170603080201,Grover Creek,Functioning Properly,16880.1,48,52,Fair,Good,Good,Good,Good,Fair,Good,Good,Good,Good,Good,Good,,,,,,,,,,,,0104,,,,8168.756
12667,Idaho Panhandle National Forests,170103040603,Black Prince Creek-St Joe River,Functioning at Risk,27259.100000000002,42,59,Fair,Fair,Fair,Good,Fair,Poor,Fair,Good,Good,Good,Good,Good,,,,,,,,,,,,0104,,,,11302.193
12784,Beaverhead-Deerlodge National Forest,100200011002,Upper Bloody Dick Creek,Functioning Properly,17978.7,100,1,Fair,Good,Poor,Fair,Good,Fair,Good,Good,Good,Good,Good,Good,,,,,,,,,,,,0102,,,,17881.239
12786,Kootenai National Forest,170101020302,Upper Wolf Creek,Functioning Properly,28323.3,60,40,Good,Poor,Fair,Good,Good,Fair,Good,Good,Good,Good,Good,Good,,,,,,,,,,,,0114,,,,17089.968
12969,Kootenai National Forest,170101010802,Lower Grave Creek,Functioning Properly,20024.7,81,19,Fair,Good,Fair,Fair,Good,Fair,Good,Fair,Good,Good,Good,Good,,,,,,,,,,,,0114,,,,16147.355
12990,Helena-Lewis And Clark National Forest,100401030401,Upper South Fork Judith River,Functioning at Risk,35284.1,98,2,Fair,Fair,Poor,Poor,Fair,Fair,Poor,Fair,Good,Good,Good,Fair,,,,,,,,,,,,0115,,,,34660.456
12992,Beaverhead-Deerlodge National Forest,100200040302,Saginaw Creek-Big Hole River,Functioning at Risk,15597.4,64,36,Poor,Fair,Poor,Good,Good,Fair,Good,Good,Good,Good,Good,Fair,,,,,,,,,,,,0102,,,,9947.17
12994,Helena-Lewis And Clark National Forest,100401020201,McCarthy Creek,Functioning Properly,22166.7,8,93,Poor,Fair,Good,Good,Fair,Good,Good,Fair,Good,Good,Good,Fair,,,,,,,,,,,,0115,,,,1661.6390000000001
12997,Helena-Lewis And Clark National Forest,100301030501,Upper Camas Creek,Functioning at Risk,21642.9,69,31,Fair,Fair,Poor,Poor,Fair,Fair,Fair,Fair,Good,Good,Good,Fair,,,,,,,,,,,,0115,,,,14891.091
13011,Helena-Lewis And Clark National Forest,170102030407,Middle Nevada Creek,Functioning at Risk,18052.9,23,77,Poor,Fair,Fair,Fair,Fair,Poor,Fair,Poor,Good,Good,Fair,Poor,,,,,,,,,,,,0115,,,,4114.805
13032,Beaverhead-Deerlodge National Forest,170102021203,Rock Creek-Flat Gulch,Functioning Properly,10745.800000000001,60,40,Fair,Good,Fair,Good,Fair,Fair,Good,Fair,Good,Fair,Good,Fair,,,,,,,,,,,,0102,,,,6489.562
13033,Beaverhead-Deerlodge National Forest,100200070802,Wall Creek-Madison River,Functioning Properly,32794.3,46,54,Fair,Fair,Good,Good,Good,Good,Good,Good,Good,Good,Good,Good,,,,,,,,,,,,0102,,,,14962.453000000001
13044,Beaverhead-Deerlodge National Forest,100200060401,North Fork Little Boulder River,Functioning at Risk,11904.300000000001,98,2,Poor,Fair,Poor,Good,Poor,Poor,Good,Good,Good,Fair,Good,Good,,,,,,,,,,,,0102,,,,11630.108
13047,Idaho Panhandle National Forests,170103010103,Jordan Creek,Functioning Properly,11074.800000000001,100,0,Good,Good,Fair,Good,Good,Fair,Good,Good,Good,Good,Good,Good,,,,,,,,,,,,0104,,,,11074.819
13054,Beaverhead-Deerlodge National Forest,170102021002,Upper West Fork Ross Creek,Functioning Properly,11837.2,100,0,Fair,Fair,Good,Good,Good,Fair,Good,Fair,Good,Fair,Good,Good,,,,,,,,,,,,0102,,,,11837.177
13057,Helena-Lewis And Clark National Forest,100302010205,Whitetail Creek,Functioning at Risk,34534.0,27,73,Poor,Fair,Good,Fair,Fair,Good,Good,Good,Good,Good,Good,Fair,,,,,,,,,,,,0115,,,,9286.941
13081,Idaho Panhandle National Forests,170102140203,Granite Creek,Functioning Properly,16985.3,99,1,Fair,Fair,Poor,Good,Fair,Good,Good,Good,Good,Good,Good,Good,,,,,,,,,,,,0104,,,,16814.133
13127,Beaverhead-Deerlodge National Forest,100200041102,Quartz Hill Gulch-Big Hole River,Functioning at Risk,24266.4,56,44,Poor,Fair,Good,Good,Good,Poor,Good,Good,Good,Good,Good,Fair,,,,,,,,,,,,0102,,,,13681.923
13144,Helena-Lewis And Clark National Forest,100302010102,Midvail Creek-Two Medicine River,Functioning Properly,31649.8,6,94,Poor,Fair,Good,Fair,Fair,Good,Good,Good,Good,Good,Fair,Fair,,,,,,,,,,,,0115,,,,1794.67
13179,Beaverhead-Deerlodge National Forest,100200070704,Standard Creek,Functioning Properly,15358.7,97,3,Fair,Fair,Good,Good,Fair,Good,Good,Good,Good,Fair,Good,Good,,,,,,,,,,,,0102,,,,14944.171
13195,Beaverhead-Deerlodge National Forest,100200070801,Wolf Creek,Functioning Properly,11971.4,61,39,Poor,Good,Good,Good,Good,Good,Good,Good,Good,Good,Good,Good,,,,,,,,,,,,0102,,,,7323.8640000000005
13213,Dakota Prairie Grasslands,101000042701,Cheney Creek,Functioning at Risk,16304.4,61,39,Fair,Good,Good,Fair,Fair,Poor,Poor,Good,Good,Good,Good,Fair,,,,,,,,,,,,0118,,,,9914.298
13219,Beaverhead-Deerlodge National Forest,100200070703,Papoose Creek-Madison River,Functioning Properly,18450.0,56,44,Fair,Good,Good,Good,Good,Good,Good,Good,Good,Good,Good,Good,,,,,,,,,,,,0102,,,,10360.813
13224,Dakota Prairie Grasslands,101302040102,101302040102-Cannonball River,Functioning at Risk,25635.100000000002,5,95,Fair,Fair,Good,Fair,Good,Fair,Good,Good,----,Good,Poor,Fair,,,,,,,,,,,,0118,,,,1301.005
13233,Custer Gallatin National Forest,100700030402,Cottonwood Creek,Functioning at Risk,23514.0,50,50,Poor,Good,Poor,Poor,Fair,Fair,Good,Fair,Good,Good,Good,Good,,,,,,,,,,,,0111,,,,11656.068
13238,Beaverhead-Deerlodge National Forest,100200040901,Headwaters Wise River,Functioning at Risk,31875.5,99,1,Fair,Fair,Poor,Good,Fair,Fair,Good,Good,Good,Good,Good,Fair,,,,,,,,,,,,0102,,,,31683.602
13263,Kootenai National Forest,170101011504,Quartz Creek,Functioning Properly,22937.5,98,2,Good,Good,Good,Good,Good,Good,Good,Fair,Good,Good,Good,Good,,,,,,,,,,,,0114,,,,22525.608
13334,Beaverhead-Deerlodge National Forest,100200050302,Middle Little Whitetail Creek,Functioning at Risk,23203.2,34,66,Poor,Fair,Good,Fair,Poor,Poor,Good,Good,Good,Good,Good,Good,,,,,,,,,,,,0102,,,,7928.332
13426,Kootenai National Forest,170101010706,Meadow Creek,Functioning at Risk,17500.4,47,53,Fair,Poor,Good,Good,Good,Poor,Good,Good,Fair,Good,Good,Good,,,,,,,,,,,,0114,,,,8173.164000000001
13470,Beaverhead-Deerlodge National Forest,170102010102,Browns Gulch-Sheep Gulch,Functioning at Risk,16276.4,50,51,Fair,Fair,Fair,Fair,Fair,Poor,Good,Good,Good,Fair,Good,Fair,,,,,,,,,,,,0102,,,,8059.736000000001
13472,Beaverhead-Deerlodge National Forest,170102020501,Smart Creek,Functioning at Risk,15643.1,67,33,Fair,Fair,Fair,Good,Fair,Poor,Good,Fair,Good,Fair,Fair,Fair,,,,,,,,,,,,0102,,,,10519.689
13478,Dakota Prairie Grasslands,101102050502,Cottonwood Creek,Functioning at Risk,20203.8,5,95,Fair,Fair,Fair,Good,Good,Poor,Fair,Good,Good,Good,Good,Poor,,,,,,,,,,,,0118,,,,1062.391
13481,Beaverhead-Deerlodge National Forest,100200030505,Mill Creek,Functioning at Risk,21892.9,59,41,Poor,Fair,Poor,Good,Fair,Fair,Good,Good,Good,Good,Good,Good,,,,,,,,,,,,0102,,,,12885.064
13490,Beaverhead-Deerlodge National Forest,100200041103,Canyon Creek,Functioning at Risk,32131.2,96,4,Poor,Poor,Good,Fair,Fair,Poor,Good,Good,Good,Good,Good,Fair,,,,,,,,,,,,0102,,,,30869.467
13493,Kootenai National Forest,170101011303,Granite Creek,Functioning Properly,17372.5,97,3,Good,Good,Good,Good,Good,Good,Good,Fair,Good,Good,Good,Good,,,,,,,,,,,,0114,,,,16806.026
13513,Idaho Panhandle National Forests,170103050102,Yellowbanks Creek-Hayden Lake,Functioning at Risk,23208.8,43,57,Fair,Fair,Poor,Good,Fair,Good,Good,Good,Fair,Good,Good,Good,,,,,,,,,,,,0104,,,,9948.155
13684,Kootenai National Forest,170101040201,Pine Creek,Functioning Properly,12461.2,88,12,Fair,Poor,Good,Good,Good,Good,Good,Fair,Good,Good,Good,Good,,,,,,,,,,,,0114,,,,10914.969000000001
13693,Beaverhead-Deerlodge National Forest,100200070705,Horse Creek,Functioning Properly,16225.5,90,10,Fair,Fair,Good,Good,Good,Good,Good,Good,Good,Good,Good,Good,,,,,,,,,,,,0102,,,,14533.758
13701,Beaverhead-Deerlodge National Forest,170102020103,Georgetown Lake,Functioning at Risk,12546.5,50,50,Poor,Good,Fair,Poor,Poor,Fair,Good,Good,Fair,Fair,Good,Fair,,,,,,,,,,,,0102,,,,6236.448
13728,Kootenai National Forest,170101060702,Weasle Creek,Functioning Properly,10407.7,88,12,Good,Good,Good,Good,Good,Good,Good,Fair,Good,Good,Good,Good,,,,,,,,,,,,0114,,,,9118.779
13772,Beaverhead-Deerlodge National Forest,170102020301,Upper Boulder Creek,Functioning Properly,16314.9,96,4,Fair,Good,Poor,Good,Good,Fair,Good,Fair,Good,Fair,Good,Good,,,,,,,,,,,,0102,,,,15650.823
13778,Kootenai National Forest,170101050201,South Fork Hawkins Creek-Hawkins Creek,Functioning Properly,12802.6,25,75,Good,Good,Good,Good,Good,Good,Good,Fair,Good,Good,Good,Good,,,,,,,,,,,,0114,,,,3251.3590000000004
13783,Beaverhead-Deerlodge National Forest,100200070706,Moose Creek-Madison River,Functioning Properly,14514.7,27,73,Fair,Good,Good,Good,Good,Good,Good,Good,Good,Good,Good,Good,,,,,,,,,,,,0102,,,,3888.561
13797,Beaverhead-Deerlodge National Forest,100200040308,Big Swamp Creek,Functioning at Risk,15942.1,82,18,Poor,Fair,Good,Good,Good,Poor,Good,Fair,Good,Good,Good,Fair,,,,,,,,,,,,0102,,,,13100.489
13835,Dakota Prairie Grasslands,101102050503,Deep Creek,Functioning Properly,23905.600000000002,37,63,Fair,Good,Good,Good,Good,Fair,Fair,Good,----,Good,Good,Poor,,,,,,,,,,,,0118,,,,8942.619
13845,Dakota Prairie Grasslands,101102030306,101102030306-Little Missouri River,Functioning Properly,33178.5,29,71,Fair,Good,Fair,Good,Good,Poor,Good,Good,Good,Good,Good,Poor,,,,,,,,,,,,0118,,,,9503.139000000001
13951,Lolo National Forest,170102030909,Cottonwood Creek,Functioning at Risk,35928.3,51,49,Fair,Fair,Good,Good,Poor,Fair,Fair,Fair,Fair,Good,Fair,----,2014,"<Principal_Reason><Concerns><Concern><Value>Water Quality</Value></Concern><Concern><Value>Species Habitat</Value></Concern></Concerns><Cost>$100,000 to $1 million</Cost></Principal_Reason>",Past roads and logging affects fish habitat. Fish barriers present from road corssings. 303d listed for sediment.,"<Known_Partners><Partner><Name>Montana Department of Fish, Wildlife and Parks</Name><Type>Known</Type></Partner></Known_Partners>",2014-06-30,2025-09-30,4,2560000,,,Y,0116,Cottonwood Creek WRAP,2014-06-30,,18291.742
14525,Custer Gallatin National Forest,100700030301,Bennett Creek-Shields River,Functioning at Risk,31910.0,80,20,Poor,Good,Fair,Good,Fair,Good,Good,Fair,Good,Good,Good,Good,2018,<Principal_Reason><Concerns><Concern><Value>Water Quality</Value></Concern><Concern><Value>Species Habitat</Value></Concern></Concerns></Principal_Reason>,"In general the Shields River watershed is a productive area for range, wildlife, and timber.  The Shields River, its tributaries, and headwaters form an extensive stream system offering historic habitat for native Yellowstone Cutthroat Trout (YCT).   Nonnative brook trout present a dire threat to the persistence of YCT in the upper Shields River basin.  Extensive survey and study of movements of fishes by the Wildlife Conservation Society and agency partners indicate brook trout are undergoing a current and rapid invasion in the upper Shields River watershed, resulting in displacement of YCT. Without intervention, this population would likely be lost within a few decades. Although the brook trout invasion is troubling, extensive analyses of tissue samples have found no evidence of rainbow trout hybridization in the YCT within the any of the streams sampled.  As nonhybridized fish, these YCT populations have tremendous conservation value and are of the highest conservation priority. ",<Known_Partners><Partner><Name>US Fish and Wildlife Service</Name><Type>Known</Type></Partner></Known_Partners>,2018-03-09,2019-09-30,12,1167333,2024-09-30,,Y,0111,WATERSHED RESTORATION ACTION PLAN - Custer Gallatin National Forest: Shields River - Bennett Creek   ,2018-03-09,,25465.378
14633,Helena-Lewis And Clark National Forest,100301030401,Headwaters Sheep Creek,Functioning at Risk,27684.9,97,3,Poor,Fair,Poor,Good,Fair,Poor,Fair,Fair,Good,Fair,Poor,Fair,2011,<Principal_Reason><Concerns><Concern><Value>Riparian Structure and Function</Value></Concern><Concern><Value>Water Quality</Value></Concern><Concern><Value>Invasive Species</Value></Concern></Concerns><Opportunities><Opportunity><Value>Larger-Scale Restoration</Value></Opportunity><Opportunity><Value>Leverage Forest Service Funds</Value></Opportunity><Opportunity><Value>Improve Condition</Value></Opportunity></Opportunities></Principal_Reason>,"The Headwater of Sheep Creek is a State 303d listed stream for metals, mercury, and pathogens. Cutthroat trout in the watershed are threatened by habitat degradation, rainbow trout hybridization and brook trout competition. Legacy road decommissioning is a high priority for the Lewis and Clark National Forest. The Little Belts Travel Plan has been completed and implementation of road decommissioning has commenced within the watershed.  The watershed was extensively logged resulting in high road densities which contribute chronic sediment to streams and disrupts the natural hydrologic function across the watershed. The L&C plans to continue road decommissioning work which will have the benefits of lowering the road density within the watershed, reducing the chronic sediment inputs to streams and improve hydrologic function of the drainage.  Another high sediment source is from winter traction sanding along State Highway 89 resulting in improper stream function and has degraded westslope cutthroat trout habitat. Potential partnerships will be Montana Fish Wildlife and Parks, Montana Department of Transportation, Meagher County Conservation District and Trout Unlimited.  ","<Known_Partners><Partner><Name>Montana Department of Fish, Wildlife and Parks</Name><Type>Known</Type></Partner></Known_Partners>",2013-10-31,2019-09-30,4,410000,,,Y,0115,Sheep Creek Headwaters 2013 Watershed  Restortion Action Plan,2013-10-31,,26859.523
15056,Dakota Prairie Grasslands,101303010603,Giles Creek-North Fork Grand River,Functioning Properly,16593.0,31,69,Fair,Good,Good,Good,Fair,Poor,Good,Good,----,Good,Good,Fair,2011,"<Principal_Reason><Opportunities><Opportunity><Value>Improve Condition</Value></Opportunity><Opportunity><Value>Maintain Condition</Value></Opportunity><Opportunity><Value>Potential Partnership</Value></Opportunity></Opportunities><Cost>$100,000 to $1 million</Cost></Principal_Reason>","Segments of Giles Creek and riparian areas are not in Proper Functioning Condition.  There is not enough late seral native vegetation to support habitat requirements for Management Indicator Species and Sensitive Species.  Expansion and invasion of undesired non-native vegetation, particularly crested wheatgrass and Kentucky bluegrass, is occurring.  In places, bare ground and absence of litter from overgrazing is affecting plant vigor, species composition, and forage production.  Goals are to move all riparian areas into Proper Functioning Condition; meet the Dakota Prairie Grasslands LRMP objectives for vegetative structure to improve habitat for Management Indicator Species; expand the presence of desired native grass species; reduce noxious weeds; and maintain positive working relationship with the Grand River Cooperative Grazing Association.",<Known_Partners><Partner><Name>Grand River Grazing Association</Name><Type>Known</Type></Partner><Partner><Name>National Wild Turkey Federation</Name><Type>Known</Type></Partner><Partner><Name>North Dakota State University</Name><Type>Known</Type></Partner></Known_Partners>,2011-10-25,2017-12-31,5,360000,2013-09-30,,Y,0118,"Giles Creek-North Fork Grand River FY11 WRAP, Grand River Ranger District",2011-10-25,Y,5147.291
25287,Lolo National Forest,170102021306,Gilbert Creek,Functioning at Risk,14992.9,91,9,Fair,Fair,Good,Good,Good,Fair,Good,Fair,Good,Good,Fair,----,2025,<Principal_Reason><Concerns><Concern><Value>Riparian Structure and Function</Value></Concern><Concern><Value>Species Habitat</Value></Concern></Concerns><Opportunities><Opportunity><Value>Improve Condition</Value></Opportunity><Opportunity><Value>Non-NFS Land Collaboration</Value></Opportunity><Opportunity><Value>Leverage Forest Service Funds</Value></Opportunity></Opportunities></Principal_Reason>,"To protect national Forest System watersheds by implementing practices designed to maintain or improve watershed condition, which is the foundation of sustaining ecosystems and the production of renewable national resources, values and benefits. (FSM 2520).",,,,,,,,Y,0116,Rock Creek WRAP,,,13641.266
27526,Flathead National Forest,170102090704,Emery Creek,Functioning Properly,16815.8,100,0,Good,Good,Good,Good,Good,Good,Good,Fair,Good,Good,Good,----,2018,"<Principal_Reason><Resources><Resource><Value>Outstanding Resource Water</Value></Resource><Resource><Value>Wilderness</Value></Resource><Resource><Value>Species Protection Area</Value></Resource></Resources><Cost>$100,000 to $1 million</Cost></Principal_Reason>","Hungry Horse Creek and it's tributaries are important habitat for westslope cutthroat trout.  Even though the watershed is in Class 1 condition, there is a fish barrier near the mouth of the watershed that blocks passage to important habitat upstream.  The current barrier is on FSR 38.  Special Note: The WCATT database shows the Hungry Horse Creek watershed as ""Emery Creek"", which is a mistake.  The Emery Creek watershed is located immediately north.",,,,,,,,Y,0110,Hungry Horse Creek Watershed Action Plan,,,16815.819
13,Flathead National Forest,170102090401,Wall Creek,Functioning Properly,11353.0,100,0,Good,Good,Good,Good,Good,Good,Good,Good,Good,Good,Good,----,,,,,,,,,,,,0110,,,,11353.039
164,Custer Gallatin National Forest,100901020304,East Fork Otter Creek,Functioning at Risk,29128.4,57,43,Fair,Fair,Good,Fair,Fair,Good,Fair,Good,Poor,Good,Good,Good,,,,,,,,,,,,0111,,,,16617.077
181,Flathead National Forest,170102110402,Bigfork Dam,Functioning Properly,44486.0,40,60,Fair,Good,Good,Good,Fair,Good,Good,Good,Good,Good,Good,----,,,,,,,,,,,,0110,,,,17820.731
201,Idaho Panhandle National Forests,170103040102,Bacon Creek-St Joe River,Functioning Properly,24825.4,100,0,Good,Good,Good,Good,Good,Good,Good,Fair,Good,Good,Good,Good,,,,,,,,,,,,0104,,,,24825.445
234,Idaho Panhandle National Forests,170101050403,Copper Creek-Moyie River,Functioning at Risk,18197.3,71,29,Fair,Fair,Fair,Fair,Fair,Fair,Good,Good,Fair,Good,Good,Good,,,,,,,,,,,,0104,,,,12914.359
286,Beaverhead-Deerlodge National Forest,100200030104,Burnt Creek-Ruby River,Functioning at Risk,13051.4,100,0,Fair,Fair,Poor,Good,Fair,Fair,Good,Good,Good,Good,Good,Good,,,,,,,,,,,,0102,,,,13051.423
615,Dakota Prairie Grasslands,101101010809,Lower Tobacco Garden Creek,Functioning at Risk,16375.9,20,80,Fair,Fair,Good,Fair,Good,Fair,Fair,Good,----,Fair,Good,Fair,,,,,,,,,,,,0118,,,,3316.302
632,Nez Perce-Clearwater National Forest,170603020201,Marten Creek,Functioning Properly,21000.0,100,0,Good,Good,Good,Good,Good,Good,Good,Poor,Good,Good,Good,Good,,,,,,,,,,,,0117,,,,21000.001
726,Idaho Panhandle National Forests,170101040503,Lower Smith Creek,Functioning at Risk,9682.7,100,1,Fair,Fair,Poor,Good,Fair,Fair,Good,Good,Good,Fair,Fair,Good,,,,,,,,,,,,0104,,,,9636.969000000001
822,Dakota Prairie Grasslands,101102031305,Franks Creek,Functioning at Risk,30482.7,47,53,Fair,Fair,Good,Fair,Fair,Fair,Poor,Good,Good,Good,Good,Poor,,,,,,,,,,,,0118,,,,14238.814
985,Dakota Prairie Grasslands,090202040506,090202040506-Sheyenne River,Functioning at Risk,15150.6,45,55,Fair,Good,Fair,Poor,Fair,Poor,Good,Good,----,Good,Poor,Fair,,,,,,,,,,,,0118,,,,6762.652
1015,Custer Gallatin National Forest,100700020302,Upper Mill Creek,Functioning Properly,21591.3,100,0,Good,Good,Fair,Good,Good,Fair,Poor,Good,Poor,Good,Good,Good,,,,,,,,,,,,0111,,,,21591.272
1097,Helena-Lewis And Clark National Forest,100401030601,Upper Sage Creek,Impaired Function,39332.1,18,82,Poor,Poor,Poor,Poor,Poor,Fair,Poor,Good,Poor,Fair,Poor,Good,,,,,,,,,,,,0115,,,,6905.5380000000005
1463,Helena-Lewis And Clark National Forest,100402012101,Upper Pole Creek,Functioning Properly,35676.6,10,91,Good,Fair,Good,Good,Good,Fair,Good,Poor,Good,Fair,Fair,Fair,,,,,,,,,,,,0115,,,,3386.7340000000004
1489,Helena-Lewis And Clark National Forest,100301050201,Headwaters Big Otter Creek,Functioning at Risk,12927.1,22,78,Poor,Fair,Poor,Fair,Good,Good,Good,Good,Good,Fair,Fair,Good,,,,,,,,,,,,0115,,,,2865.581
1541,Flathead National Forest,170102080305,Forrey Creek,Functioning Properly,30306.2,15,85,Poor,Good,Good,Good,Good,Good,Good,Good,Good,Good,Poor,----,,,,,,,,,,,,0110,,,,4635.374
1546,Custer Gallatin National Forest,100200080104,Bacon Rind Creek,Functioning Properly,10395.7,87,13,Good,Good,Good,Good,Good,Good,Good,Fair,Good,Good,Good,Good,,,,,,,,,,,,0111,,,,9054.252
1588,Beaverhead-Deerlodge National Forest,100200060402,Little Boulder River,Functioning at Risk,25535.8,90,10,Fair,Fair,Poor,Good,Poor,Fair,Good,Good,Good,Fair,Good,Good,,,,,,,,,,,,0102,,,,23070.333
1613,Nez Perce-Clearwater National Forest,170603030208,Lower Colt Killed Creek,Functioning Properly,21067.4,88,12,Good,Fair,Good,Good,Good,Poor,Good,Poor,Good,Good,Good,Fair,,,,,,,,,,,,0117,,,,18445.662
1628,Flathead National Forest,170102090302,Big Salmon Lake,Functioning Properly,28186.7,97,4,Good,Good,Good,Good,Good,Good,Good,Good,Good,Good,Fair,----,,,,,,,,,,,,0110,,,,27212.506
1682,Nez Perce-Clearwater National Forest,170603020306,Horse Creek,Functioning at Risk,9622.1,100,0,Poor,Fair,Good,Good,Fair,Fair,Good,Poor,Good,Good,Good,Good,,,,,,,,,,,,0117,,,,9622.148000000001
1922,Custer Gallatin National Forest,100700060511,Line Creek,Functioning Properly,24881.2,65,35,Good,Good,Good,Good,Good,Poor,Fair,Good,Poor,Good,Good,----,,,,,,,,,,,,0111,,,,16251.081
1940,Custer Gallatin National Forest,100800100502,Lost Water Creek-Crooked Creek,Functioning Properly,21617.7,37,64,Good,Good,Fair,Good,Good,Good,Fair,Fair,Fair,Good,Good,Good,,,,,,,,,,,,0111,,,,7898.233
2029,Nez Perce-Clearwater National Forest,170603050506,Silver Creek,Functioning Properly,16543.0,100,0,Good,Fair,Poor,Good,Good,Good,Good,Fair,Good,Good,Good,Good,,,,,,,,,,,,0117,,,,16543.014
2124,Helena-Lewis And Clark National Forest,100301050102,Carpenter Creek-Belt Creek,Functioning at Risk,26125.5,84,17,Poor,Fair,Poor,Good,Poor,Poor,Poor,Good,Good,Good,Poor,Fair,,,,,,,,,,,,0115,,,,21818.010000000002
2179,Bitterroot National Forest,170102051501,Bass Creek,Functioning at Risk,9261.7,96,5,Fair,Fair,Fair,Fair,Fair,Good,Good,Fair,Good,Good,Poor,Fair,,,,,,,,,,,,0103,,,,8841.484
2220,Helena-Lewis And Clark National Forest,100301030705,Blacktail Creek-Smith River,Functioning at Risk,19163.9,10,90,Poor,Fair,Fair,Good,Good,Good,Fair,Fair,Good,Fair,Good,Fair,,,,,,,,,,,,0115,,,,1993.094
2367,Custer Gallatin National Forest,100200080202,West Fork Gallatin River,Functioning Properly,21498.100000000002,32,68,Poor,Good,Fair,Good,Good,Good,Good,Fair,Good,Good,Good,Good,,,,,,,,,,,,0111,,,,6903.336
2451,Idaho Panhandle National Forests,170101040406,Caribou Creek-Deep Creek,Functioning at Risk,30821.600000000002,32,68,Fair,Fair,Poor,Good,Good,Fair,Good,Good,Good,Good,Fair,Good,,,,,,,,,,,,0104,,,,9956.899000000001
2465,Beaverhead-Deerlodge National Forest,170102021003,Middle West Fork Ross Creek,Functioning Properly,12092.5,100,0,Fair,Good,Fair,Good,Good,Fair,Good,Fair,Good,Good,Good,Good,,,,,,,,,,,,0102,,,,12092.488000000001
2468,Nez Perce-Clearwater National Forest,170603010601,Wahoo Creek,Functioning Properly,13550.300000000001,100,0,Good,Good,Good,Good,Good,Good,Good,Poor,Good,Good,Good,----,,,,,,,,,,,,0117,,,,13550.25
2480,Flathead National Forest,170102110201,Elk Creek,Functioning Properly,16778.3,96,4,Good,Good,Good,Good,Good,Good,Good,Fair,Good,Good,Fair,----,,,,,,,,,,,,0110,,,,16035.429
2582,Dakota Prairie Grasslands,101000042002,North Fork Smith Creek,Functioning at Risk,20030.600000000002,57,43,Fair,Good,Good,Fair,Good,Poor,Fair,Good,Good,Good,Good,Fair,,,,,,,,,,,,0118,,,,11483.185
2605,Flathead National Forest,170102060411,Hay Creek,Functioning Properly,27350.2,90,10,Good,Good,Good,Good,Good,Good,Good,Good,Good,Good,Good,----,,,,,,,,,,,,0110,,,,24553.498
2608,Helena-Lewis And Clark National Forest,100301031104,Upper Ming Coulee,Functioning Properly,16506.8,15,85,Fair,Good,Good,Good,Good,Poor,Fair,Fair,Good,Fair,Fair,Good,,,,,,,,,,,,0115,,,,2482.315
2747,Flathead National Forest,170102100402,Lost Creek,Functioning Properly,15367.4,81,19,Poor,Good,Good,Good,Good,Good,Good,Good,Good,Good,Fair,----,,,,,,,,,,,,0110,,,,12387.41
2798,Helena-Lewis And Clark National Forest,100402010202,Bozeman Fork Musselshell River,Functioning Properly,14502.1,45,55,Fair,Fair,Good,Good,Good,Poor,Good,Good,Good,Fair,Good,Fair,,,,,,,,,,,,0115,,,,6494.836
2852,Custer Gallatin National Forest,101102011003,Dugan Draw-Little Beaver Creek,Functioning Properly,23309.4,6,94,Good,Good,Good,Good,Good,Good,Poor,Fair,Poor,Good,Good,Good,,,,,,,,,,,,0111,,,,1464.957
2955,Idaho Panhandle National Forests,170102150702,Murray Creek-Priest River,Functioning at Risk,18463.0,46,54,Poor,Poor,Fair,Good,Fair,Fair,Good,Good,Fair,Good,Good,Fair,,,,,,,,,,,,0104,,,,8425.418
2961,Helena-Lewis And Clark National Forest,170102010605,Trout Creek,Functioning at Risk,11011.1,27,73,Fair,Poor,Fair,Good,Fair,Fair,Good,Poor,Good,Fair,Fair,Fair,,,,,,,,,,,,0115,,,,2993.357
2968,Custer Gallatin National Forest,100700010901,Bear Creek,Functioning Properly,31132.8,96,4,Fair,Good,Fair,Fair,Good,Fair,Good,Fair,Fair,Good,Good,Good,,,,,,,,,,,,0111,,,,29972.432
3033,Lolo National Forest,170102020611,Tyler Creek,Functioning at Risk,9158.6,70,30,Fair,Fair,Good,Good,Good,Good,Good,Fair,Good,Good,Fair,Good,,,,,,,,,,,,0116,,,,6389.655000000001
3058,Helena-Lewis And Clark National Forest,100301040501,Ford Creek,Functioning at Risk,15903.2,77,23,Poor,Fair,Good,Fair,Good,Fair,Fair,Good,Fair,Good,Poor,Fair,,,,,,,,,,,,0115,,,,12302.937
3064,Nez Perce-Clearwater National Forest,170603030702,Split Creek,Functioning Properly,9994.1,100,0,Good,Good,Good,Good,Good,Good,Good,Poor,Good,Good,Good,Good,,,,,,,,,,,,0117,,,,9994.082
3069,Beaverhead-Deerlodge National Forest,170102020502,Lower Flint Creek-Gird Creek,Functioning Properly,14509.7,27,73,Fair,Fair,Good,Good,Good,Fair,Good,Fair,Good,Good,Good,Good,,,,,,,,,,,,0102,,,,3909.165
3132,Helena-Lewis And Clark National Forest,100302050601,Clark Fork Muddy Creek,Functioning at Risk,14927.300000000001,15,85,Poor,Fair,Poor,Poor,Poor,Good,Good,Good,Good,Good,Good,Fair,,,,,,,,,,,,0115,,,,2230.192
3226,Lolo National Forest,170102051602,O'Brien Creek,Impaired Function,16232.0,78,22,Poor,Fair,Good,Good,Good,Fair,Fair,Fair,Good,Good,Fair,----,,,,,,,,,,,,0116,,,,12677.77
3284,Nez Perce-Clearwater National Forest,170603030204,Lower Big Sand Creek,Functioning Properly,24495.600000000002,100,0,Good,Good,Good,Good,Good,Good,Fair,Fair,Good,Good,Good,Good,,,,,,,,,,,,0117,,,,24495.559
3332,Helena-Lewis And Clark National Forest,100301030405,Butte Creek,Functioning at Risk,14670.7,40,60,Poor,Fair,Good,Good,Good,Fair,Poor,Fair,Good,Fair,Good,Fair,,,,,,,,,,,,0115,,,,5886.416
3479,Dakota Prairie Grasslands,101303030404,Outlet Cottonwood Creek,Functioning Properly,13376.2,9,91,Fair,Fair,Good,Good,Good,Fair,Good,Good,----,Fair,Poor,Good,,,,,,,,,,,,0118,,,,1157.627
3483,Dakota Prairie Grasslands,101303020709,Morris Jensen Dam-South Fork Grand River,Functioning Properly,14842.1,54,46,Fair,Good,Fair,Fair,Fair,Poor,Good,Good,----,Good,Good,Good,,,,,,,,,,,,0118,,,,7990.411
3526,Dakota Prairie Grasslands,101102030407,Upper Deep Creek,Functioning Properly,31955.4,25,75,Fair,Good,Poor,Good,Good,Poor,Good,Good,Good,Good,Good,Fair,,,,,,,,,,,,0118,,,,7856.3820000000005
3578,Bitterroot National Forest,170603010502,Eagle Creek,Functioning Properly,16128.6,100,0,Good,Fair,Good,Good,Good,Good,Good,Fair,Good,Good,Fair,Good,,,,,,,,,,,,0103,,,,16128.16
3626,Nez Perce-Clearwater National Forest,170602070601,Upper Bargamin Creek,Functioning Properly,23097.100000000002,100,0,Good,Good,Good,Good,Good,Good,Fair,Fair,Fair,Good,Good,Good,,,,,,,,,,,,0117,,,,23097.068
3686,Flathead National Forest,170102070505,Middle Fork Flathead River-McDonald Creek,Functioning Properly,11506.800000000001,7,93,Good,Good,Good,Good,Good,Good,Good,Good,Good,Good,Good,----,,,,,,,,,,,,0110,,,,833.9630000000001
3737,Custer Gallatin National Forest,100700050104,Flood Creek,Functioning Properly,14382.9,100,1,Fair,Good,Good,Good,Good,Good,Good,Good,Good,Fair,Good,----,,,,,,,,,,,,0111,,,,14309.171
4082,Idaho Panhandle National Forests,170103010602,Burnt Cabin Creek-Little North Fork Coeur d'Alene River,Functioning at Risk,20592.4,99,1,Good,Poor,Poor,Good,Fair,Poor,Fair,Good,Good,Good,Good,Good,,,,,,,,,,,,0104,,,,20332.749
4099,Custer Gallatin National Forest,101102010802,Plum Creek,Functioning Properly,12818.9,59,42,Good,Fair,Good,Fair,Fair,Good,Fair,Good,Good,Good,Good,Good,,,,,,,,,,,,0111,,,,7495.192
4279,Bitterroot National Forest,170102050904,Lower Skalkaho Creek,Functioning at Risk,10469.6,7,93,Poor,Good,Fair,Fair,Fair,Good,Good,Fair,Fair,Good,Poor,Fair,,,,,,,,,,,,0103,,,,713.892
4361,Flathead National Forest,170102090203,Bartlett Creek,Functioning Properly,16724.2,100,0,Good,Good,Good,Good,Good,Good,Good,Good,Good,Good,Good,----,,,,,,,,,,,,0110,,,,16724.226000000002
4442,Lolo National Forest,170102040605,Nemote Creek,Functioning at Risk,22481.8,56,44,Fair,Poor,Poor,Good,Poor,Fair,Good,Good,Good,Good,Fair,Good,,,,,,,,,,,,0116,,,,12567.641
4473,Idaho Panhandle National Forests,170102150301,Lion Creek,Functioning Properly,18329.7,7,93,Fair,Good,Fair,Good,Good,Good,Good,Good,Good,Good,Good,Good,,,,,,,,,,,,0104,,,,1218.7720000000002
4521,Custer Gallatin National Forest,100700020101,Cinnabar Creek,Functioning Properly,15019.6,63,37,Fair,Good,Good,Good,Fair,Fair,Good,Fair,Good,Good,Good,Good,,,,,,,,,,,,0111,,,,9501.321
4617,Nez Perce-Clearwater National Forest,170603050701,Mill Creek,Functioning at Risk,23484.7,97,3,Good,Poor,Poor,Fair,Poor,Poor,Good,Fair,Fair,Good,Good,Good,,,,,,,,,,,,0117,,,,22871.391
4636,Beaverhead-Deerlodge National Forest,100200070603,Elk River,Functioning Properly,25153.2,100,0,Poor,Fair,Good,Good,Fair,Good,Good,Good,Good,Good,Good,Good,,,,,,,,,,,,0102,,,,25113.924
4659,Beaverhead-Deerlodge National Forest,170102010806,Gold Creek,Functioning Properly,32457.3,55,45,Fair,Good,Poor,Fair,Good,Fair,Good,Fair,Good,Fair,Good,Fair,,,,,,,,,,,,0102,,,,17885.905
4890,Dakota Prairie Grasslands,101302020104,101302020104,Functioning Properly,17491.4,8,93,Fair,Good,Good,Fair,Good,Good,Poor,Good,Good,Good,Good,Fair,,,,,,,,,,,,0118,,,,1305.0240000000001
4929,Dakota Prairie Grasslands,101102050206,Lower Bennett Creek,Functioning at Risk,21671.3,73,27,Fair,Poor,Fair,Fair,Poor,Fair,Fair,Good,Good,Good,Good,Poor,,,,,,,,,,,,0118,,,,15725.142
4941,Helena-Lewis And Clark National Forest,170102010501,Ontario Creek,Impaired Function,12807.4,99,1,Poor,Poor,Poor,Good,Poor,Poor,Poor,Poor,Good,Fair,Good,Good,,,,,,,,,,,,0115,,,,12629.649000000001
4963,Custer Gallatin National Forest,100700050503,Magpie Creek-Stillwater River,Functioning Properly,11806.5,16,84,Good,Good,Good,Good,Good,Good,Good,Fair,Good,Good,Good,Good,,,,,,,,,,,,0111,,,,1873.846
4987,Nez Perce-Clearwater National Forest,170601080102,Big Sand Creek-Palouse River,Impaired Function,23893.8,65,35,Poor,Poor,Poor,Good,Fair,Poor,Poor,Good,Fair,Good,Fair,Poor,,,,,,,,,,,,0117,,,,15595.101999999999
5055,Bitterroot National Forest,170102051303,Upper Burnt Fork Bitterroot River,Functioning Properly,25649.5,100,0,Fair,Fair,Good,Fair,Good,Good,Good,Fair,Good,Fair,Good,Good,,,,,,,,,,,,0103,,,,25649.476000000002
5059,Nez Perce-Clearwater National Forest,170603050101,South Fork Red River,Functioning at Risk,24151.600000000002,100,0,Good,Fair,Poor,Fair,Poor,Fair,Fair,Poor,Good,Good,Good,Good,,,,,,,,,,,,0117,,,,24151.57
5064,Nez Perce-Clearwater National Forest,170603030703,Fire Creek,Functioning Properly,11274.5,100,0,Good,Good,Good,Good,Good,Good,Good,Poor,Good,Good,Good,----,,,,,,,,,,,,0117,,,,11274.514
5189,Helena-Lewis And Clark National Forest,100301020102,Blacktail Creek-Dearborn River,Functioning Properly,19415.7,82,18,Poor,Good,Good,Good,Good,Good,Good,Good,Good,Good,Fair,Good,,,,,,,,,,,,0115,,,,15880.461
5207,Custer Gallatin National Forest,100700020204,Donahue Creek-Yellowstone River,Functioning Properly,28377.5,17,83,Good,Good,Good,Good,Good,Fair,Fair,Fair,Good,Good,Good,Good,,,,,,,,,,,,0111,,,,4830.68
5410,Nez Perce-Clearwater National Forest,170602070902,Big Creek,Functioning Properly,18017.2,100,0,Good,Good,Good,Good,Good,Fair,Good,Fair,Good,Good,Good,----,,,,,,,,,,,,0117,,,,18017.18
5437,Nez Perce-Clearwater National Forest,170602090405,Sherwin Creek-Salmon River,Functioning at Risk,15212.2,45,56,Good,Fair,Good,Fair,Fair,Fair,Fair,Fair,Good,Good,Fair,Poor,,,,,,,,,,,,0117,,,,6763.782
5481,Nez Perce-Clearwater National Forest,170603070303,Deadwood Creek-Moose Creek,Functioning at Risk,14311.1,99,1,Good,Fair,Fair,Good,Fair,Poor,Fair,Fair,Good,Good,Good,Good,,,,,,,,,,,,0117,,,,14152.597
5487,Dakota Prairie Grasslands,101102040507,Porcupine Creek,Functioning at Risk,10901.5,14,87,Fair,Fair,Good,Fair,Fair,Poor,Fair,Good,Good,Good,Poor,Fair,,,,,,,,,,,,0118,,,,1472.717
5599,Beaverhead-Deerlodge National Forest,100200050203,Little Pipestone Creek,Functioning at Risk,30103.0,33,67,Poor,Good,Poor,Good,Poor,Fair,Good,Fair,Good,Fair,Good,Good,,,,,,,,,,,,0102,,,,10052.130000000001
5614,Idaho Panhandle National Forests,170101050503,Meadow Creek,Functioning at Risk,15608.5,82,18,Fair,Fair,Poor,Fair,Fair,Fair,Good,Fair,Fair,Good,Fair,Good,,,,,,,,,,,,0104,,,,12833.123
5660,Flathead National Forest,170102110207,Swan River-Piper Creek,Functioning Properly,11562.4,95,5,Fair,Good,Good,Good,Good,Fair,Good,Good,Fair,Good,Poor,----,,,,,,,,,,,,0110,,,,10934.028
5674,Kootenai National Forest,170101011206,Jackson Creek,Functioning Properly,9733.1,82,18,Good,Good,Good,Good,Good,Fair,Good,Fair,Good,Good,Good,Good,,,,,,,,,,,,0114,,,,7958.327
5678,Beaverhead-Deerlodge National Forest,100200030103,East Fork Ruby River,Functioning Properly,10498.800000000001,100,0,Fair,Fair,Poor,Good,Fair,Good,Good,Good,Good,Good,Good,Good,,,,,,,,,,,,0102,,,,10498.831
5680,Flathead National Forest,170102060605,Lower Big Creek,Functioning Properly,18299.0,100,0,Fair,Good,Good,Good,Good,Good,Good,Good,Good,Good,Good,----,,,,,,,,,,,,0110,,,,18299.019
5790,Idaho Panhandle National Forests,170102150308,Lamb Creek,Functioning at Risk,14402.9,86,14,Fair,Poor,Poor,Good,Fair,Poor,Good,Good,Good,Good,Good,Fair,,,,,,,,,,,,0104,,,,12440.630000000001
5793,Flathead National Forest,170102090607,Hungry Horse Reservoir-Canyon Creek,Functioning Properly,28110.7,100,0,Good,Good,Good,Good,Good,Good,Good,Fair,Good,Good,Fair,----,,,,,,,,,,,,0110,,,,28031.591
5909,Flathead National Forest,170102060506,Cyclone Creek,Functioning Properly,8375.8,44,56,Good,Good,Good,Good,Good,Good,Good,Good,Good,Good,Good,----,,,,,,,,,,,,0110,,,,3704.646
6014,Idaho Panhandle National Forests,170102131308,Twin Creek,Functioning at Risk,15568.4,85,16,Fair,Fair,Poor,Good,Fair,Fair,Good,Good,Good,Good,Good,Good,,,,,,,,,,,,0104,,,,13149.875
6186,Flathead National Forest,170102110401,Swan Lake,Functioning Properly,35970.6,71,29,Fair,Good,Fair,Good,Good,Fair,Good,Good,Good,Good,Fair,----,,,,,,,,,,,,0110,,,,25510.864
6204,Custer Gallatin National Forest,101303010106,Petes Creek,Functioning Properly,13297.800000000001,12,88,Good,Good,Good,Good,Good,Good,Fair,Fair,Good,Good,Good,Good,,,,,,,,,,,,0111,,,,1558.961
6212,Lolo National Forest,170102130404,Lower Fishtrap Creek,Functioning Properly,26187.600000000002,42,58,Fair,Fair,Good,Good,Fair,Fair,Good,Good,Good,Good,Fair,----,,,,,,,,,,,,0116,,,,10881.848
6263,Kootenai National Forest,170101011101,Boulder Creek,Functioning Properly,11657.9,100,0,Good,Fair,Good,Good,Good,Fair,Good,Fair,Good,Good,Good,Good,,,,,,,,,,,,0114,,,,11657.909
6282,Dakota Prairie Grasslands,101000042004,Upper Smith Creek,Functioning at Risk,17377.5,6,94,Fair,Poor,Fair,Fair,Fair,Poor,Good,Good,Good,Good,Poor,Fair,,,,,,,,,,,,0118,,,,1058.741
6322,Lolo National Forest,170102040402,Eds Creek,Functioning at Risk,6198.900000000001,66,35,Fair,Fair,Good,Good,Fair,Fair,Good,Fair,Good,Fair,Fair,----,,,,,,,,,,,,0116,,,,4061.534
6480,Bitterroot National Forest,170102051505,Eightmile Creek,Functioning at Risk,17699.5,7,93,Fair,Fair,Good,Fair,Fair,Poor,Good,Fair,Good,Good,Fair,Fair,,,,,,,,,,,,0103,,,,1256.672
6519,Lolo National Forest,170102051407,South Fork Lolo Creek,Functioning Properly,24875.100000000002,92,8,Fair,Fair,Fair,Good,Good,Fair,Good,Fair,Good,Good,Good,----,,,,,,,,,,,,0116,,,,22930.057
6656,Nez Perce-Clearwater National Forest,170602070707,Jersey Creek-Salmon River,Functioning Properly,34357.5,99,1,Good,Good,Good,Good,Good,Good,Fair,Poor,Good,Good,Good,Good,,,,,,,,,,,,0117,,,,34060.611
6721,Helena-Lewis And Clark National Forest,100301011106,White Creek,Functioning at Risk,20975.600000000002,59,41,Fair,Fair,Poor,Fair,Poor,Poor,Fair,Fair,Good,Good,Fair,Fair,,,,,,,,,,,,0115,,,,12467.206
6769,Dakota Prairie Grasslands,101102050304,Lower Crosby Creek,Functioning at Risk,23501.4,8,92,Fair,Fair,Good,Fair,Fair,Poor,Poor,Good,Good,Fair,Poor,Fair,,,,,,,,,,,,0118,,,,1907.54
6794,Beaverhead-Deerlodge National Forest,100200030106,Lazyman Creek-Ruby River,Functioning at Risk,12727.9,95,5,Poor,Fair,Poor,Good,Fair,Good,Good,Good,Good,Good,Good,Good,,,,,,,,,,,,0102,,,,12064.841
6867,Nez Perce-Clearwater National Forest,170602070603,Lower Bargamin Creek,Functioning Properly,24231.600000000002,100,0,Good,Good,Good,Good,Good,Good,Fair,Fair,Good,Good,Good,Good,,,,,,,,,,,,0117,,,,24231.566
6917,Dakota Prairie Grasslands,101102030305,Deer Creek-Little Missouri River,Functioning Properly,21322.9,34,66,Fair,Good,Good,Good,Good,Poor,Fair,Good,Good,Good,Good,Poor,,,,,,,,,,,,0118,,,,7211.8460000000005
6918,Dakota Prairie Grasslands,101102030605,Dry Bullion Creek,Functioning at Risk,10849.4,31,69,Fair,Fair,Good,Fair,Fair,Poor,Fair,Good,Good,Good,Good,Poor,,,,,,,,,,,,0118,,,,3402.223
6977,Idaho Panhandle National Forests,170101040602,Blue Joe Creek,Functioning at Risk,16895.8,48,52,Fair,Fair,Poor,Fair,Poor,Good,Fair,Good,Good,Good,Good,Good,,,,,,,,,,,,0104,,,,8062.836
7369,Helena-Lewis And Clark National Forest,100301040107,Upper North Fork Sun River,Functioning Properly,17693.4,100,0,Poor,Good,Good,Good,Good,Good,Poor,Fair,Good,Good,Fair,Good,,,,,,,,,,,,0115,,,,17693.402000000002
7408,Custer Gallatin National Forest,100700050401,Fishtail Creek,Functioning Properly,24113.3,72,28,Poor,Good,Good,Good,Good,Good,Good,Good,Good,Good,Good,Good,,,,,,,,,,,,0111,,,,17287.343
7413,Idaho Panhandle National Forests,170102140202,North Gold Creek,Functioning Properly,10435.7,100,0,Fair,Fair,Poor,Good,Fair,Good,Good,Good,Good,Good,Good,Good,,,,,,,,,,,,0104,,,,10415.29
7439,Lolo National Forest,170102130506,Lynch Creek,Functioning at Risk,31542.5,23,77,Poor,Good,Good,Good,Good,Good,Good,Good,Fair,Good,Fair,Good,,,,,,,,,,,,0116,,,,7176.644
7571,Flathead National Forest,170102060301,Frozen Lake,Functioning Properly,12425.0,69,31,Fair,Good,Good,Good,Good,Good,Good,Good,Good,Good,Good,----,,,,,,,,,,,,0110,,,,8571.25
7655,Custer Gallatin National Forest,100700020702,Lower East Boulder River,Functioning at Risk,18651.8,35,65,Poor,Good,Good,Good,Fair,Fair,Poor,Fair,Good,Good,Good,Good,,,,,,,,,,,,0111,,,,6458.74
7731,Beaverhead-Deerlodge National Forest,170102020303,Lower Boulder Creek,Functioning Properly,15710.800000000001,88,12,Fair,Good,Poor,Good,Good,Fair,Good,Fair,Good,Fair,Good,Good,,,,,,,,,,,,0102,,,,13764.403
7781,Flathead National Forest,170102080207,Spring Creek,Functioning Properly,35568.5,5,95,Poor,Good,Good,Good,Good,Good,Good,Good,Good,Good,Good,----,,,,,,,,,,,,0110,,,,1893.951
7807,Flathead National Forest,170102070205,Long Creek,Functioning Properly,14076.300000000001,100,0,Fair,Good,Good,Good,Good,Good,Good,Good,Good,Good,Good,----,,,,,,,,,,,,0110,,,,14076.257
7820,Lolo National Forest,170102130402,Upper Fishtrap Creek,Functioning at Risk,12317.300000000001,99,1,Fair,Fair,Fair,Good,Poor,Poor,Good,Good,Good,Good,Fair,----,,,,,,,,,,,,0116,,,,12209.351
7919,Helena-Lewis And Clark National Forest,170102030102,Middle Landers Fork,Functioning Properly,23786.8,100,0,Good,Fair,Good,Good,Good,Good,Good,Good,Good,Good,Good,Good,,,,,,,,,,,,0115,,,,23785.343
8189,Kootenai National Forest,170101030304,Boyd Creek-Yaak River,Functioning Properly,36930.6,24,76,Good,Good,Good,Good,Good,Good,Good,Good,Good,Good,Good,Good,,,,,,,,,,,,0114,,,,8844.301000000001
8196,Lolo National Forest,170102031005,Trail Creek,Functioning at Risk,18922.2,80,20,Poor,Fair,Good,Good,Fair,Fair,Good,Fair,Good,Fair,Fair,----,,,,,,,,,,,,0116,,,,15176.575
8213,Helena-Lewis And Clark National Forest,100301011607,Missouri River-Hauser Lake,Functioning at Risk,29664.100000000002,20,80,Poor,Fair,Poor,Good,Good,Poor,Fair,Fair,Good,Fair,Fair,Fair,,,,,,,,,,,,0115,,,,5961.543000000001
8269,Custer Gallatin National Forest,101303050106,Red Butte Creek,Functioning Properly,12328.7,12,88,Good,Good,Good,Good,Good,Good,Good,Fair,Good,Good,Good,Good,,,,,,,,,,,,0111,,,,1424.881
8305,Bitterroot National Forest,170603010202,Lower Little Clearwater River,Functioning Properly,20784.3,100,0,Good,Fair,Good,Good,Good,Good,Good,Fair,Good,Fair,Good,Good,,,,,,,,,,,,0103,,,,20784.329
8307,Dakota Prairie Grasslands,101102030302,101102030302-Little Missouri River,Functioning Properly,17644.4,66,34,Fair,Good,Good,Good,Good,Poor,Fair,Good,Good,Good,Good,Poor,,,,,,,,,,,,0118,,,,11655.053
8399,Flathead National Forest,170102090508,Lower Twin Creek,Functioning Properly,14314.5,100,0,Good,Good,Good,Good,Good,Good,Good,Poor,Good,Good,Fair,----,,,,,,,,,,,,0110,,,,14314.479
8491,Custer Gallatin National Forest,100200070403,Lower Beaver Creek,Functioning Properly,9694.4,100,0,Poor,Good,Good,Good,Good,Fair,Good,Fair,Fair,Good,Good,Good,,,,,,,,,,,,0111,,,,9694.411
8531,Dakota Prairie Grasslands,101303010604,White Butte-North Fork Grand River,Functioning at Risk,20462.2,42,58,Fair,Good,Good,Poor,Fair,Poor,Good,Good,----,Good,Good,Fair,,,,,,,,,,,,0118,,,,8529.843
8586,Lolo National Forest,170102130201,Big Rock Creek,Functioning Properly,21388.9,69,32,Fair,Fair,Good,Good,Good,Good,Fair,Fair,Good,Good,Fair,----,,,,,,,,,,,,0116,,,,14645.325
8591,Flathead National Forest,170102090102,Rapic Creek,Functioning Properly,14219.300000000001,100,0,Good,Good,Good,Good,Good,Good,Good,Good,Good,Good,Good,----,,,,,,,,,,,,0110,,,,14219.302
8621,Dakota Prairie Grasslands,101303030106,White Butte Reservoir-Flat Creek,Functioning Properly,19180.0,15,85,Fair,Good,Good,Good,Good,Poor,Good,Good,----,Good,Poor,Fair,,,,,,,,,,,,0118,,,,2938.522
8949,Bitterroot National Forest,170102050502,Camp Creek,Functioning at Risk,22754.600000000002,80,20,Poor,Fair,Good,Good,Fair,Fair,Fair,Fair,Good,Good,Poor,Fair,,,,,,,,,,,,0103,,,,18134.506
8996,Idaho Panhandle National Forests,170103010202,Trail Creek,Functioning at Risk,19121.0,100,0,Good,Fair,Poor,Good,Poor,Poor,Fair,Fair,Good,Good,Good,Good,,,,,,,,,,,,0104,,,,19067.174
9100,Custer Gallatin National Forest,100200080303,Buck Creek,Functioning at Risk,14650.7,98,2,Poor,Good,Good,Good,Fair,Fair,Poor,Fair,Good,Good,Good,Good,,,,,,,,,,,,0111,,,,14320.908
9134,Custer Gallatin National Forest,100901020209,Fifteenmile Creek,Functioning Properly,22566.0,57,43,Fair,Fair,Good,Fair,Fair,Good,Good,Good,Good,Good,Good,Good,,,,,,,,,,,,0111,,,,12933.817
9216,Lolo National Forest,170102130602,Upper Prospect Creek,Functioning at Risk,19016.600000000002,99,1,Good,Fair,Good,Good,Poor,Fair,Good,Fair,Good,Fair,Fair,----,,,,,,,,,,,,0116,,,,18745.817000000003
9354,Idaho Panhandle National Forests,170103040308,Siwash Creek-St Joe River,Functioning Properly,31765.7,88,12,Fair,Good,Good,Good,Fair,Fair,Good,Good,Good,Good,Good,Good,,,,,,,,,,,,0104,,,,27830.569
9455,Lolo National Forest,170102130501,McLaughlin Creek,Functioning Properly,9352.1,29,71,Fair,Fair,Good,Good,Good,Good,Fair,Good,Fair,Good,Fair,Good,,,,,,,,,,,,0116,,,,2699.0750000000003
9459,Helena-Lewis And Clark National Forest,100301030801,Upper Tenderfoot Creek,Functioning Properly,26125.3,99,1,Poor,Good,Good,Good,Good,Fair,Good,Good,Good,Fair,Good,Fair,,,,,,,,,,,,0115,,,,25882.342
9497,Dakota Prairie Grasslands,101102050301,Charlie Bob Creek,Functioning at Risk,25641.3,20,80,Fair,Good,Good,Fair,Fair,Fair,Fair,Good,Good,Good,Poor,Fair,,,,,,,,,,,,0118,,,,5205.764
9498,Custer Gallatin National Forest,100700020303,West Fork Mill Creek,Functioning Properly,25894.9,100,0,Good,Good,Good,Good,Good,Fair,Good,Good,Good,Good,Good,Good,,,,,,,,,,,,0111,,,,25796.156
9609,Custer Gallatin National Forest,101303050202,Spring Creek,Functioning Properly,19908.8,13,87,Good,Good,Good,Good,Good,Good,Good,Fair,Good,Good,Good,Good,,,,,,,,,,,,0111,,,,2669.012
9703,Custer Gallatin National Forest,100700020206,Emigrant Creek,Functioning Properly,13365.300000000001,96,4,Fair,Good,Fair,Good,Fair,Fair,Good,Fair,Good,Good,Good,Good,,,,,,,,,,,,0111,,,,12868.006000000001
9809,Nez Perce-Clearwater National Forest,170603070205,Toboggan Creek,Functioning Properly,13797.4,100,0,Good,Good,Good,Good,Good,Fair,Good,Fair,Good,Good,Good,Good,,,,,,,,,,,,0117,,,,13797.399000000001
9924,Beaverhead-Deerlodge National Forest,100200020105,Buffalo Creek,Functioning Properly,15535.800000000001,66,34,Fair,Fair,Good,Good,Good,Fair,Good,Good,Good,Good,Good,Fair,,,,,,,,,,,,0102,,,,10184.583
10020,Nez Perce-Clearwater National Forest,170603070504,Middle Creek,Functioning Properly,17509.600000000002,100,0,Good,Good,Fair,Good,Good,Fair,Good,Poor,Good,Good,Good,Good,,,,,,,,,,,,0117,,,,17509.587
10057,Flathead National Forest,170102080302,Ronan Creek,Functioning Properly,14468.0,62,39,Poor,Good,Good,Good,Good,Good,Good,Good,Good,Good,Poor,----,,,,,,,,,,,,0110,,,,8892.022
10157,Nez Perce-Clearwater National Forest,170603030206,Middle Colt Killed Creek,Functioning Properly,10812.9,100,0,Good,Good,Good,Good,Good,Good,Good,Fair,Good,Good,Good,Good,,,,,,,,,,,,0117,,,,10812.943
10160,Nez Perce-Clearwater National Forest,170603030207,Storm Creek,Functioning Properly,32692.4,100,0,Good,Good,Good,Good,Good,Good,Good,Fair,Good,Good,Good,----,,,,,,,,,,,,0117,,,,32692.403
10172,Kootenai National Forest,170101020303,Dry Fork Creek,Functioning Properly,16890.5,77,23,Good,Poor,Good,Good,Good,Good,Good,Good,Good,Good,Good,Good,,,,,,,,,,,,0114,,,,12961.877
10229,Bitterroot National Forest,170102051001,Roaring Lion Creek,Functioning Properly,16108.6,95,5,Fair,Good,Fair,Fair,Good,Good,Good,Good,Good,Good,Fair,Good,,,,,,,,,,,,0103,,,,15353.569
10388,Lolo National Forest,170102021207,Hogback Creek,Functioning Properly,10485.7,100,0,Good,Fair,Good,Good,Fair,Fair,Fair,Fair,Good,Good,Good,----,,,,,,,,,,,,0116,,,,10479.895
10569,Bitterroot National Forest,170603010302,Canyon Creek,Functioning Properly,27635.600000000002,100,0,Good,Fair,Good,Good,Good,Good,Good,Good,Good,Good,Good,Good,,,,,,,,,,,,0103,,,,27635.613
10796,Nez Perce-Clearwater National Forest,170603060802,West Fork Potlatch River-Potlatch River,Functioning at Risk,39817.3,61,40,Fair,Fair,Fair,Poor,Good,Poor,Good,Good,Good,Good,Good,Fair,,,,,,,,,,,,0117,,,,24083.901
10799,Nez Perce-Clearwater National Forest,170603030506,Bald Mountain Creek-Lochsa River,Functioning Properly,28829.9,100,0,Good,Good,Fair,Good,Good,Fair,Good,Poor,Good,Good,Good,Good,,,,,,,,,,,,0117,,,,28829.939
11119,Bitterroot National Forest,170102051305,Burnt Fork Bitterroot River-Stevensville,Functioning at Risk,21140.2,6,94,Poor,Good,Good,Fair,Fair,Fair,Good,Fair,Good,Good,Fair,Fair,,,,,,,,,,,,0103,,,,1349.491
11166,Beaverhead-Deerlodge National Forest,100200011103,Jeff Davis Creek-Horse Prairie Creek,Functioning at Risk,23847.3,33,67,Fair,Fair,Good,Fair,Fair,Fair,Good,Good,Good,Good,Good,Good,,,,,,,,,,,,0102,,,,7782.186000000001
11170,Idaho Panhandle National Forests,170102140304,Lower Cocolalla Creek,Functioning at Risk,21830.100000000002,11,89,Poor,Poor,Poor,Fair,Poor,Fair,Good,Good,Good,Good,Fair,Fair,,,,,,,,,,,,0104,,,,2376.8830000000003
11171,Beaverhead-Deerlodge National Forest,100200040605,Pintler Creek,Functioning at Risk,19021.9,87,13,Good,Fair,Poor,Good,Good,Fair,Good,Fair,Good,Good,Good,Fair,,,,,,,,,,,,0102,,,,16620.787
11273,Helena-Lewis And Clark National Forest,100301040111,Lower North Fork Sun River,Functioning Properly,21352.0,100,0,Fair,Good,Good,Good,Good,Good,Good,Good,Fair,Good,Poor,Fair,,,,,,,,,,,,0115,,,,21318.087
11297,Custer Gallatin National Forest,100700020904,Bridge Creek-Boulder River,Functioning at Risk,18124.0,100,1,Poor,Good,Poor,Good,Good,Fair,Poor,Fair,Good,Good,Good,Good,,,,,,,,,,,,0111,,,,18041.651
11423,Custer Gallatin National Forest,100700030502,Bangtail Creek,Functioning at Risk,8620.0,28,72,Fair,Fair,Fair,Good,Fair,Fair,Fair,Fair,Good,Good,Good,Good,,,,,,,,,,,,0111,,,,2443.8630000000003
11483,Kootenai National Forest,170102131304,East Fork Elk Creek,Functioning Properly,16101.9,98,2,Good,Good,Good,Good,Good,Good,Good,Good,Good,Good,Good,Good,,,,,,,,,,,,0114,,,,15784.791000000001
11492,Custer Gallatin National Forest,100800100503,Gypsum Creek-Crooked Creek,Functioning Properly,15649.300000000001,6,94,Good,Good,Fair,Good,Good,Fair,Fair,Fair,Fair,Good,Good,Good,,,,,,,,,,,,0111,,,,884.5110000000001
11535,Custer Gallatin National Forest,100700020602,Upper Big Timber Creek,Functioning Properly,25390.4,30,70,Poor,Good,Fair,Good,Fair,Fair,Good,Fair,Good,Good,Good,Good,,,,,,,,,,,,0111,,,,7617.78
11567,Bitterroot National Forest,170102050806,Bitterroot River-Darby,Functioning Properly,30934.2,21,79,Fair,Fair,Good,Good,Fair,Fair,Good,Fair,Fair,Good,Poor,Fair,,,,,,,,,,,,0103,,,,6385.434
11652,Nez Perce-Clearwater National Forest,170603080402,Isabella Creek,Functioning Properly,19732.5,100,0,Good,Good,Fair,Good,Good,Poor,Good,Fair,Good,Good,Good,Good,,,,,,,,,,,,0117,,,,19732.493000000002
11718,Kootenai National Forest,170101030203,Lower West Fork Yaak River,Functioning Properly,25720.600000000002,75,25,Good,Good,Good,Good,Good,Good,Good,Fair,Good,Good,Good,Good,,,,,,,,,,,,0114,,,,19322.902000000002
11796,Helena-Lewis And Clark National Forest,100402010601,Upper Big Elk Creek,Functioning Properly,32814.2,37,63,Fair,Good,Good,Good,Good,Fair,Good,Fair,Good,Fair,Fair,Good,,,,,,,,,,,,0115,,,,12159.394
11866,Lolo National Forest,170102021305,Rock Creek-Kitchen Gulch,Functioning at Risk,22445.3,94,6,Fair,Fair,Good,Fair,Fair,Fair,Good,Fair,Good,Good,Fair,Good,,,,,,,,,,,,0116,,,,21002.14
11920,Custer Gallatin National Forest,100700020804,Middle West Boulder River,Functioning Properly,17044.3,100,0,Fair,Good,Good,Good,Good,Good,Poor,Good,Poor,Good,Good,Good,,,,,,,,,,,,0111,,,,17030.636
12000,Flathead National Forest,170102110106,Swan River-Condon,Functioning Properly,31057.8,56,44,Fair,Good,Good,Good,Good,Good,Good,Good,Good,Good,Poor,----,,,,,,,,,,,,0110,,,,17392.705
12080,Beaverhead-Deerlodge National Forest,100200020107,Taylor Creek,Functioning at Risk,13617.4,26,74,Fair,Fair,Poor,Poor,Poor,Fair,Good,Good,Good,Good,Good,Fair,,,,,,,,,,,,0102,,,,3592.799
12206,Lolo National Forest,170102130304,Mudd Creek,Functioning at Risk,14071.1,19,81,Poor,Fair,Good,Good,Fair,Poor,Good,Good,Good,Good,Fair,----,,,,,,,,,,,,0116,,,,2643.4680000000003
12217,Kootenai National Forest,170101020401,West Fisher Creek,Functioning Properly,29017.0,84,16,Good,Good,Good,Good,Good,Good,Good,Fair,Good,Good,Good,Good,2011,<Principal_Reason><Concerns><Concern><Value>Invasive Species</Value></Concern><Concern><Value>Species Habitat</Value></Concern><Concern><Value>Water Quality</Value></Concern></Concerns><Opportunities><Opportunity><Value>Improve Condition</Value></Opportunity><Opportunity><Value>Maintain Condition</Value></Opportunity></Opportunities></Principal_Reason>,The opportunity exists in this watershed because the NEPA is already completed for the majority of proposed projects.,,2011-10-27,2020-09-30,5,168130,,,Y,0114,West Fisher Watershed Restoration Action Plan,2011-10-27,,24488.128
12262,Lolo National Forest,170102040204,O'Keefe Creek,Functioning at Risk,17541.5,17,83,Good,Fair,Good,Good,Good,Good,Fair,Fair,Good,Good,Fair,Fair,,,,,,,,,,,,0116,,,,3044.355
12455,Idaho Panhandle National Forests,170103040703,West Fork St Maries River,Functioning at Risk,23439.9,53,47,Fair,Poor,Poor,Good,Fair,Poor,Fair,Good,Fair,Good,Good,Fair,,,,,,,,,,,,0104,,,,12351.743
12503,Idaho Panhandle National Forests,170103040307,Fishhook Creek,Functioning at Risk,26167.7,55,45,Fair,Fair,Poor,Good,Fair,Poor,Fair,Good,Good,Good,Good,Good,,,,,,,,,,,,0104,,,,14422.895
12586,Dakota Prairie Grasslands,101303010505,Bull Hook Creek-North Fork Grand River,Functioning at Risk,23353.5,12,88,Fair,Fair,Fair,Poor,Fair,Poor,Good,Good,----,Good,Good,Fair,,,,,,,,,,,,0118,,,,2752.7560000000003
12613,Beaverhead-Deerlodge National Forest,100200040801,Fishtrap Creek,Functioning at Risk,32501.5,89,11,Fair,Fair,Fair,Fair,Good,Fair,Good,Fair,Good,Good,Good,Fair,,,,,,,,,,,,0102,,,,29011.501
12769,Beaverhead-Deerlodge National Forest,100200050702,North Willow Creek,Functioning Properly,25868.3,37,63,Poor,Fair,Poor,Good,Good,Good,Good,Good,Good,Good,Good,Good,,,,,,,,,,,,0102,,,,9464.991
12829,Flathead National Forest,170102090503,Upper Bunker Creek,Functioning Properly,27153.7,100,0,Good,Fair,Good,Good,Good,Good,Good,Fair,Good,Good,Good,----,,,,,,,,,,,,0110,,,,27153.731
12887,Beaverhead-Deerlodge National Forest,100200040301,Headwaters Big Hole River,Functioning Properly,22038.100000000002,97,3,Fair,Fair,Fair,Good,Good,Good,Good,Fair,Good,Good,Good,Fair,,,,,,,,,,,,0102,,,,21333.895
12978,Helena-Lewis And Clark National Forest,100301011201,Canyon Ferry Lake-Bilk Gulch,Functioning Properly,24513.9,9,92,Poor,Fair,Good,Good,Good,Good,Good,Good,Good,Good,Good,Fair,,,,,,,,,,,,0115,,,,2074.355
13012,Helena-Lewis And Clark National Forest,100301011306,Upper Prickley Pear Creek,Functioning Properly,16446.4,23,77,Fair,Fair,Good,Good,Good,Good,Fair,Fair,Good,Fair,Good,Good,,,,,,,,,,,,0115,,,,3734.262
13058,Helena-Lewis And Clark National Forest,170102030204,Lower Alice Creek,Functioning Properly,11703.1,64,36,Fair,Fair,Good,Good,Fair,Fair,Good,Fair,Good,Good,Good,Poor,,,,,,,,,,,,0115,,,,7438.1
13059,Helena-Lewis And Clark National Forest,100402010302,Little Elk Creek,Functioning Properly,23588.9,5,95,Fair,Fair,Good,Fair,Good,Good,Good,Fair,Good,Good,Good,Fair,,,,,,,,,,,,0115,,,,1237.768
13070,Beaverhead-Deerlodge National Forest,170102010705,Tin Cup Joe Creek,Functioning Properly,14711.0,43,57,Fair,Good,Good,Good,Good,Good,Good,Good,Good,Fair,Good,Good,,,,,,,,,,,,0102,,,,6277.744000000001
13074,Kootenai National Forest,170101020304,Little Wolf Creek,Functioning Properly,24419.5,23,77,Good,Poor,Good,Good,Good,Good,Good,Good,Fair,Good,Good,Good,,,,,,,,,,,,0114,,,,5657.729
13076,Beaverhead-Deerlodge National Forest,100200040408,Swamp Creek,Functioning at Risk,33399.9,33,67,Fair,Fair,Poor,Fair,Fair,Good,Good,Fair,Good,Fair,Good,Fair,,,,,,,,,,,,0102,,,,10903.396
13077,Idaho Panhandle National Forests,170102140204,Trestle Creek,Functioning Properly,12545.800000000001,91,9,Good,Good,Fair,Good,Good,Good,Good,Good,Good,Good,Good,Good,,,,,,,,,,,,0104,,,,11460.568
13080,Beaverhead-Deerlodge National Forest,100200030102,Headwaters Ruby River,Functioning at Risk,35398.700000000004,100,0,Fair,Fair,Poor,Good,Fair,Good,Good,Good,Good,Good,Good,Good,,,,,,,,,,,,0102,,,,35398.691
13084,Helena-Lewis And Clark National Forest,100301011205,Cave Bay-Canyon Ferry Lake,Functioning at Risk,19214.4,19,81,Poor,Fair,Poor,Fair,Poor,Fair,Fair,Good,Good,Good,Poor,Poor,,,,,,,,,,,,0115,,,,3591.9990000000003
13086,Beaverhead-Deerlodge National Forest,170102020302,South Boulder Creek,Functioning Properly,13245.6,98,3,Fair,Good,Good,Fair,Good,Fair,Good,Fair,Good,Fair,Good,Good,,,,,,,,,,,,0102,,,,12910.802
13097,Helena-Lewis And Clark National Forest,100302050604,Miller Creek-Muddy Creek,Functioning at Risk,35713.8,12,88,Poor,Poor,Fair,Poor,Poor,Good,Good,Good,Good,Good,Good,Fair,,,,,,,,,,,,0115,,,,4346.197
13123,Helena-Lewis And Clark National Forest,100402010102,Checkerboard Creek,Functioning at Risk,17045.2,61,40,Fair,Poor,Good,Poor,Poor,Fair,Poor,Fair,Good,Good,Good,Fair,,,,,,,,,,,,0115,,,,10313.998
13124,Helena-Lewis And Clark National Forest,100401020206,Davis Creek,Functioning Properly,19201.100000000002,15,85,Poor,Fair,Good,Fair,Poor,Good,Good,Fair,Good,Good,Good,Fair,,,,,,,,,,,,0115,,,,2912.092
13139,Kootenai National Forest,170101030401,Pete Creek,Functioning Properly,21566.3,100,0,Good,Good,Good,Good,Good,Good,Good,Fair,Good,Good,Good,Good,,,,,,,,,,,,0114,,,,21566.295
13142,Helena-Lewis And Clark National Forest,170102030206,Blackfoot River-Hardscrabble Creek,Functioning at Risk,12479.800000000001,27,73,Fair,Fair,Fair,Good,Good,Poor,Good,Fair,Good,Good,Good,Fair,,,,,,,,,,,,0115,,,,3348.9190000000003
13174,Dakota Prairie Grasslands,101101011003,Red Mike Hill,Functioning at Risk,11652.300000000001,13,87,Fair,Fair,Fair,Poor,Fair,Poor,Fair,Good,----,Good,Good,Fair,,,,,,,,,,,,0118,,,,1509.4650000000001
13178,Beaverhead-Deerlodge National Forest,100200030301,South Fork Warm Springs Creek,Functioning Properly,13105.0,100,0,Poor,Fair,Fair,Good,Fair,Good,Good,Good,Good,Good,Good,Good,,,,,,,,,,,,0102,,,,13104.951000000001
13205,Beaverhead-Deerlodge National Forest,100200020501,Cave Gulch,Functioning at Risk,12856.6,44,56,Poor,Fair,Good,Fair,Good,Poor,Good,Good,Good,Good,Good,Fair,,,,,,,,,,,,0102,,,,5701.027
13209,Kootenai National Forest,170102131006,Noxon Reservoir-Stevens Creek,Functioning Properly,41707.0,56,44,Poor,Fair,Good,Fair,Good,Good,Good,Good,Good,Good,Good,Good,,,,,,,,,,,,0114,,,,23201.247
13239,Dakota Prairie Grasslands,101102030409,Lower Deep Creek,Functioning Properly,20895.100000000002,33,67,Fair,Good,Poor,Good,Good,Poor,Good,Good,Good,Good,Good,Poor,,,,,,,,,,,,0118,,,,6962.139
13265,Custer Gallatin National Forest,100200080702,Big Bear Creek,Functioning at Risk,13394.5,67,33,Poor,Good,Good,Good,Good,Poor,Poor,Fair,Good,Good,Good,Good,,,,,,,,,,,,0111,,,,8951.649000000001
13349,Kootenai National Forest,170101030504,Lower Seventeenmile Creek,Functioning Properly,19569.9,98,2,Good,Good,Fair,Good,Good,Good,Good,Fair,Good,Good,Good,Good,,,,,,,,,,,,0114,,,,19242.470999999998
13355,Kootenai National Forest,170101011207,Canyon Creek,Functioning Properly,13189.6,87,13,Good,Good,Good,Good,Good,Good,Good,Good,Good,Good,Good,Good,,,,,,,,,,,,0114,,,,11415.747
13359,Beaverhead-Deerlodge National Forest,100200050704,Norwegian Creek,Functioning Properly,32601.8,5,95,Poor,Fair,Poor,Good,Good,Good,Good,Good,Good,Good,Fair,Good,,,,,,,,,,,,0102,,,,1743.2250000000001
13370,Beaverhead-Deerlodge National Forest,100200041204,Trapper Creek,Functioning at Risk,26379.600000000002,62,38,Fair,Poor,Poor,Good,Good,Poor,Good,Good,Good,Good,Fair,Fair,,,,,,,,,,,,0102,,,,16362.564
13378,Beaverhead-Deerlodge National Forest,170102020902,Middle Ross Fork Rock Creek,Functioning Properly,25003.7,99,1,Fair,Good,Good,Good,Good,Good,Good,Fair,Good,Fair,Good,Good,,,,,,,,,,,,0102,,,,24693.78
13432,Kootenai National Forest,170101011209,Dunn Creek,Functioning Properly,21674.4,67,33,Good,Good,Good,Good,Good,Good,Good,Good,Good,Good,Good,Good,,,,,,,,,,,,0114,,,,14483.574
13435,Beaverhead-Deerlodge National Forest,100200040404,Big Lake Creek,Functioning Properly,30422.100000000002,47,53,Fair,Fair,Good,Good,Good,Good,Good,Fair,Good,Good,Good,Fair,,,,,,,,,,,,0102,,,,14181.532
13461,Bitterroot National Forest,170102050108,West Fork Bitterroot River-Painted Rock Lake,Functioning at Risk,29468.4,88,12,Poor,Fair,Good,Good,Fair,Fair,Good,Good,Good,Good,Good,Good,,,,,,,,,,,,0103,,,,25951.760000000002
13464,Kootenai National Forest,170101011706,Star Creek,Functioning Properly,14385.2,100,0,Fair,Good,Good,Good,Good,Good,Good,Fair,Good,Good,Good,Good,,,,,,,,,,,,0114,,,,14341.346000000001
13479,Idaho Panhandle National Forests,170103040801,Emerald Creek,Functioning at Risk,23741.4,54,46,Fair,Poor,Poor,Good,Fair,Poor,Fair,Good,Fair,Good,Good,Fair,,,,,,,,,,,,0104,,,,12716.098
13500,Beaverhead-Deerlodge National Forest,170102010101,Browns Gulch Headwaters,Functioning at Risk,18253.9,82,18,Fair,Fair,Poor,Fair,Fair,Poor,Good,Good,Good,Fair,Good,Fair,,,,,,,,,,,,0102,,,,14902.819
13530,Kootenai National Forest,170101010707,Lower Fortine Creek,Functioning at Risk,39087.0,61,39,Fair,Poor,Good,Fair,Good,Poor,Good,Good,Fair,Good,Good,Good,,,,,,,,,,,,0114,,,,23926.266
13541,Beaverhead-Deerlodge National Forest,100200050601,Upper South Boulder Creek,Functioning Properly,20457.3,86,14,Poor,Good,Good,Good,Good,Good,Good,Good,Good,Fair,Good,Good,,,,,,,,,,,,0102,,,,17667.437
13577,Kootenai National Forest,170101011401,East Fork Pipe Creek,Functioning Properly,13858.0,92,8,Good,Good,Good,Good,Good,Fair,Good,Fair,Good,Good,Good,Good,,,,,,,,,,,,0114,,,,12809.611
13586,Beaverhead-Deerlodge National Forest,100200060507,Dunn Creek-Boulder River,Functioning Properly,28331.4,8,92,Poor,Fair,Good,Good,Poor,Fair,Good,Good,Good,Good,Good,Good,,,,,,,,,,,,0102,,,,2154.832
13588,Idaho Panhandle National Forests,170603080105,Spotted Louis Creek-Little North Fork Clearwater River,Functioning Properly,39583.8,72,28,Fair,Good,Good,Good,Fair,Fair,Good,Good,Good,Good,Good,Good,,,,,,,,,,,,0104,,,,28429.881
13606,Beaverhead-Deerlodge National Forest,170102010701,Dampsey Creek,Functioning Properly,18175.8,62,38,Fair,Good,Fair,Fair,Good,Fair,Good,Good,Good,Fair,Good,Good,,,,,,,,,,,,0102,,,,11205.865
13620,Beaverhead-Deerlodge National Forest,100200041203,Camp Creek,Functioning at Risk,24325.0,30,70,Poor,Fair,Poor,Good,Good,Fair,Good,Good,Good,Good,Good,Fair,,,,,,,,,,,,0102,,,,7321.139
13682,Idaho Panhandle National Forests,170103040202,Upper North Fork St Joe River,Functioning Properly,23129.0,97,3,Fair,Good,Fair,Good,Fair,Fair,Good,Good,Good,Good,Good,Good,,,,,,,,,,,,0104,,,,22421.646
13692,Beaverhead-Deerlodge National Forest,100200040203,Lower Warm Springs Creek,Functioning at Risk,30008.9,76,24,Fair,Fair,Poor,Fair,Fair,Fair,Good,Good,Good,Good,Good,Fair,,,,,,,,,,,,0102,,,,22905.479
13713,Kootenai National Forest,170101011603,Upper Lake Creek,Functioning Properly,38170.6,71,29,Fair,Good,Good,Good,Good,Good,Good,Fair,Good,Good,Good,Good,,,,,,,,,,,,0114,,,,27226.582000000002
13758,Beaverhead-Deerlodge National Forest,170102021204,Stoney Creek,Functioning Properly,18619.8,99,1,Fair,Good,Good,Good,Good,Fair,Good,Fair,Good,Good,Good,Good,,,,,,,,,,,,0102,,,,18383.256
13848,Custer Gallatin National Forest,100700021402,Lower Upper Deer Creek,Functioning Properly,21783.600000000002,49,51,Poor,Good,Good,Good,Good,Fair,Poor,Good,Good,Good,Good,Good,,,,,,,,,,,,0111,,,,10720.183
13918,Custer Gallatin National Forest,100700060905,Lower West Fork Rock Creek,Functioning Properly,22567.100000000002,93,7,Poor,Good,Good,Fair,Fair,Good,Fair,Good,Good,Good,Good,----,,,,,,,,,,,,0111,,,,20981.58
14512,Beaverhead-Deerlodge National Forest,170102010302,Headwaters Warm Springs Creek,Functioning at Risk,16775.5,88,12,Fair,Fair,Fair,Good,Fair,Fair,Good,Fair,Good,Good,Good,Good,2023,<Principal_Reason><Concerns><Concern><Value>Water Quality</Value></Concern><Concern><Value>Species Habitat</Value></Concern></Concerns><Opportunities><Opportunity><Value>Improve Condition</Value></Opportunity><Opportunity><Value>Leverage Forest Service Funds</Value></Opportunity><Opportunity><Value>Potential Partnership</Value></Opportunity></Opportunities></Principal_Reason>,"The Warm Springs Creek watershed contains the farthest upstream population of bull trout in the Upper Clark Fork and is designated as bull trout critical habitat by the US Fish and Wildlife Service in both Warm Springs and Twin Lakes Creek.  In terms of its importance to the geographic distribution of bull trout, Warm Springs Creek is high because it is essential to persistence and re-establishment of bull trout in the upper Clark Fork River basin.  Warm Springs Creek is generally resilient to climate change because these streams are some of the coldest in the upper Clark Fork basin.  Undoubtedly there are spring influences that will buffer changes in seasonal climate effects.  The watershed abuts the continental divide and is relatively high elevation.  ",<Known_Partners><Partner><Name>Trout Unlimited</Name><Type>Known</Type></Partner></Known_Partners>,2023-10-03,2026-12-31,4,1210000,,,,0102,Headwaters Warm Springs Creek & Twin Lakes Creek WRAP,2023-10-03,,14836.203000000001
14999,Bitterroot National Forest,170102050405,East Fork Bitterroot River-Bartie Lord Creek,Functioning Properly,10985.2,94,6,Fair,Fair,Good,Good,Fair,Poor,Fair,Fair,Good,Fair,Good,Fair,2011,<Principal_Reason><Concerns><Concern><Value>Riparian Structure and Function</Value></Concern><Concern><Value>Species Habitat</Value></Concern><Concern><Value>Water Quality</Value></Concern></Concerns><Opportunities><Opportunity><Value>Larger-Scale Restoration</Value></Opportunity><Opportunity><Value>Potential Partnership</Value></Opportunity><Opportunity><Value>Improve Condition</Value></Opportunity></Opportunities></Principal_Reason>,"The Bertie Lord watershed is located within the Martin Creek project area on the Sula Ranger District. The Martin Creek project involves decommissioning of non-system, historical roads that are not needed for future management. The project analyzed a total of 122 miles of historic roads and identified 63 miles to be decommissioned and 59 miles to be included as part of the transportation system and stored for future use. Only 20 miles out the 63 miles of decommissioning will require active treatment, the remainder were previously treated or have naturally recovered. The Bertie Lord watershed contains 8 miles of roads that will require active decommissioning treatment.  The project will protect and improve watershed, soils, and fisheries resources and also meet the intent of the Water Quality Restoration Plan and TMDL requirements for the East Fork Bitterroot River.  We currently have a partnership agreement with Trout Unlimited to complete restoration work in this priority watershed and the overall Martin Creek project area.",<Known_Partners><Partner><Name>Trout Unlimited</Name><Type>Known</Type></Partner><Partner><Name>Clark Fork Coalition</Name><Type>Known</Type></Partner><Partner><Name>Bitterroot Water Forum</Name><Type>Known</Type></Partner></Known_Partners>,2011-11-10,2013-09-30,1,162000,2013-09-30,,Y,0103,Bertie Lord Watershed Restoration Action Plan,2011-11-10,Y,10350.643
15037,Flathead National Forest,170102110204,Jim Creek,Functioning Properly,11994.800000000001,93,7,Fair,Fair,Good,Good,Good,Good,Good,Good,Good,Good,Poor,----,2013,"<Principal_Reason><Concerns><Concern><Value>Invasive Species</Value></Concern><Concern><Value>Water Quality</Value></Concern></Concerns><Cost>&lt; $100,000</Cost></Principal_Reason>",Jim Creek is on the State 303(d) list for siltation.  Jim Creek is also a high priority watershed in the R1 Bull Trout Conservation Strategy.,"<Known_Partners><Partner><Name>Montana Department of Fish, Wildlife and Parks</Name><Type>Known</Type></Partner><Partner><Name>Montana Department of Environmental Quality</Name><Type>Known</Type></Partner></Known_Partners>",2013-06-14,2017-08-05,3,120000,2017-09-30,,Y,0110,Jim Creek Watershed Action Plan,2013-06-14,Y,11159.283
25288,Lolo National Forest,170102051405,Upper Lolo Creek,Impaired Function,14089.800000000001,92,8,Fair,Fair,Poor,Good,Fair,Poor,Fair,Fair,Fair,Good,Fair,----,2025,<Principal_Reason><Concerns><Concern><Value>Water Quality</Value></Concern></Concerns><Opportunities><Opportunity><Value>Improve Condition</Value></Opportunity></Opportunities></Principal_Reason>,"To protect national Forest System watersheds by implementing practices designed to maintain or improve watershed condition, which is the foundation of sustaining ecosystems and the production of renewable national resources, values and benefits. (FSM 2520).",,,,,,,,Y,0116,Upper Lolo WRAP,,,12994.458
24,Custer Gallatin National Forest,100901020409,King Creek-Tongue River,Functioning Properly,31386.8,34,66,Good,Fair,Good,Fair,Fair,Fair,Good,Good,Good,Good,Good,Good,,,,,,,,,,,,0111,,,,10603.099
205,Lolo National Forest,170102040603,Clark Fork River-Rock Creek,Functioning at Risk,14397.2,52,48,Fair,Fair,Good,Fair,Good,Fair,Good,Good,Good,Good,Fair,----,,,,,,,,,,,,0116,,,,7525.637000000001
217,Idaho Panhandle National Forests,170103010701,Beaver Creek,Functioning at Risk,27015.8,88,12,Poor,Fair,Poor,Good,Poor,Poor,Poor,Good,Good,Good,Good,Good,,,,,,,,,,,,0104,,,,23678.588
229,Beaverhead-Deerlodge National Forest,100200040804,Seymour Creek,Functioning at Risk,21148.3,79,21,Fair,Fair,Good,Good,Good,Poor,Good,Good,Good,Good,Good,Fair,,,,,,,,,,,,0102,,,,16705.104
284,Idaho Panhandle National Forests,170102140206,Lake Pend Oreille,Functioning at Risk,176874.5,23,77,Fair,Good,Poor,Fair,Fair,Good,Fair,Good,Good,Good,Good,Good,,,,,,,,,,,,0104,,,,40851.081
294,Idaho Panhandle National Forests,170102150101,Upper Priest Falls-Upper Priest River,Functioning Properly,17511.7,9,91,Good,Good,Fair,Good,Good,Good,Good,Good,Good,Good,Good,Good,,,,,,,,,,,,0104,,,,1626.82
304,Custer Gallatin National Forest,100200080507,Logger Creek-Gallatin River,Functioning Properly,10135.5,70,30,Poor,Good,Good,Good,Good,Good,Fair,Fair,Good,Good,Good,Good,,,,,,,,,,,,0111,,,,7054.095
346,Helena-Lewis And Clark National Forest,170102030303,Beaver Creek,Functioning at Risk,11620.9,76,24,Fair,Fair,Good,Poor,Fair,Poor,Fair,Poor,Good,Fair,Fair,Fair,,,,,,,,,,,,0115,,,,8859.106
407,Helena-Lewis And Clark National Forest,100402010105,Middle North Fork Mussellshell River,Functioning at Risk,28740.9,31,69,Poor,Fair,Poor,Poor,Poor,Fair,Fair,Good,----,Fair,Poor,Fair,,,,,,,,,,,,0115,,,,8934.084
492,Idaho Panhandle National Forests,170103020101,Little North Fork South Fork Coeur d'Alene River-South Fork Coeur d'Alene River,Functioning at Risk,32201.5,48,52,Poor,Good,Fair,Good,Fair,Fair,Fair,Good,Good,Good,Good,Good,,,,,,,,,,,,0104,,,,15508.484
583,Helena-Lewis And Clark National Forest,100402010204,Comb Creek,Functioning at Risk,10069.800000000001,45,55,Fair,Fair,Good,Poor,Poor,Poor,Good,Good,Good,Fair,Good,Fair,,,,,,,,,,,,0115,,,,4573.572
623,Nez Perce-Clearwater National Forest,170603050402,Lower Newsome Creek,Functioning at Risk,18045.9,100,0,Good,Poor,Poor,Fair,Poor,Fair,Poor,Fair,Good,Good,Good,----,,,,,,,,,,,,0117,,,,17983.529000000002
624,Nez Perce-Clearwater National Forest,170603030102,Spruce Creek,Functioning at Risk,15889.2,67,33,Good,Poor,Good,Good,Good,Fair,Fair,Fair,Good,Good,Good,Fair,,,,,,,,,,,,0117,,,,10709.267
628,Helena-Lewis And Clark National Forest,100401020101,Upper Suprise Creek,Functioning at Risk,34741.2,7,93,Poor,Fair,Good,Poor,Fair,Good,Good,Fair,Good,Fair,Fair,Fair,,,,,,,,,,,,0115,,,,2280.4790000000003
643,Nez Perce-Clearwater National Forest,170603070602,Upper Orogrande Creek,Functioning at Risk,20071.0,10,90,Good,Fair,Poor,Good,Fair,Poor,Fair,Fair,Good,Good,Good,Good,,,,,,,,,,,,0117,,,,2013.034
826,Beaverhead-Deerlodge National Forest,100200041209,Lost Creek-Big Hole River,Functioning Properly,21681.4,25,75,Poor,Good,Poor,Good,Good,Fair,Good,Good,Good,Good,Good,Good,,,,,,,,,,,,0102,,,,5326.2570000000005
907,Flathead National Forest,170102060405,Upper Whale Creek,Functioning Properly,10180.7,100,0,Good,Good,Good,Good,Good,Good,Good,Good,Good,Good,Good,Good,,,,,,,,,,,,0110,,,,10177.445
1016,Custer Gallatin National Forest,100700020202,Upper Big Creek,Functioning Properly,22122.4,100,0,Fair,Good,Good,Good,Good,Good,Good,Fair,Good,Good,Good,Good,,,,,,,,,,,,0111,,,,22122.443
1177,Beaverhead-Deerlodge National Forest,170102020204,Flint Creek-Sawmill Creek,Functioning Properly,15788.2,30,70,Fair,Fair,Good,Good,Good,Poor,Good,Fair,Good,Fair,Fair,Fair,,,,,,,,,,,,0102,,,,4738.291
1229,Lolo National Forest,170102040809,Ward Creek,Functioning at Risk,14567.300000000001,100,0,Good,Fair,Fair,Good,Fair,Poor,Good,Fair,Good,Good,Fair,----,,,,,,,,,,,,0116,,,,14559.557
1249,Custer Gallatin National Forest,101303020406,Dry Creek,Functioning Properly,10395.800000000001,40,60,Good,Fair,Good,Fair,Fair,Fair,Good,Fair,Good,Good,Good,Good,,,,,,,,,,,,0111,,,,4159.893
1347,Nez Perce-Clearwater National Forest,170603050102,Upper Red River,Functioning at Risk,32018.5,98,2,Good,Fair,Poor,Fair,Poor,Fair,Fair,Poor,Good,Fair,Good,Good,,,,,,,,,,,,0117,,,,31382.476
1349,Nez Perce-Clearwater National Forest,170603070603,Lower Orogrande Creek,Functioning at Risk,21928.100000000002,100,0,Good,Poor,Poor,Good,Fair,Poor,Fair,Fair,Good,Good,Good,Fair,,,,,,,,,,,,0117,,,,21928.064
1483,Nez Perce-Clearwater National Forest,170603060401,Upper Orofino Creek,Functioning at Risk,27946.100000000002,38,62,Poor,Poor,Poor,Good,Fair,Poor,Fair,Fair,Fair,Good,Good,Good,,,,,,,,,,,,0117,,,,10620.648
1568,Nez Perce-Clearwater National Forest,170603030103,Lower Brushy Fork Creek,Functioning at Risk,25838.100000000002,58,42,Good,Poor,Good,Good,Good,Poor,Poor,Poor,Good,Good,Good,Poor,,,,,,,,,,,,0117,,,,15054.918000000001
1581,Custer Gallatin National Forest,101102020509,Snow Creek,Functioning Properly,12657.9,81,19,Good,Fair,Good,Good,Good,Good,Fair,Fair,Good,Good,Good,Good,,,,,,,,,,,,0111,,,,10227.125
1615,Nez Perce-Clearwater National Forest,170603050502,Leggett Creek-South Fork Clearwater River,Functioning at Risk,15386.2,99,1,Good,Poor,Poor,Fair,Poor,Fair,Fair,Fair,Good,Good,Good,Good,,,,,,,,,,,,0117,,,,15210.31
1640,Kootenai National Forest,170101010902,Young Creek,Functioning Properly,14814.6,92,8,Good,Poor,Good,Good,Good,Fair,Good,Fair,Good,Good,Good,Good,,,,,,,,,,,,0114,,,,13650.696
1644,Custer Gallatin National Forest,100700020209,Dry Creek-Yellowstone River,Functioning Properly,38427.3,12,88,Good,Good,Good,Good,Fair,Fair,Poor,Good,Poor,Good,Good,Good,,,,,,,,,,,,0111,,,,4541.357
1743,Helena-Lewis And Clark National Forest,100302050102,Middle North Fork Teton River,Functioning Properly,27348.8,100,0,Fair,Good,Good,Good,Good,Good,Poor,Fair,Poor,Good,Poor,Good,,,,,,,,,,,,0115,,,,27348.807
1885,Nez Perce-Clearwater National Forest,170603070302,Little Moose Creek,Functioning Properly,12527.1,100,0,Good,Good,Fair,Good,Good,Good,Fair,Fair,Good,Good,Good,Good,,,,,,,,,,,,0117,,,,12527.038
1925,Helena-Lewis And Clark National Forest,100301011301,Headwaters Prickley Pear Creek,Functioning at Risk,19240.3,38,62,Fair,Fair,Poor,Fair,Good,Fair,Fair,Fair,Good,Fair,Good,Good,,,,,,,,,,,,0115,,,,7235.676
2018,Custer Gallatin National Forest,100700020701,Upper East Boulder River,Functioning Properly,36219.3,96,4,Poor,Good,Good,Good,Good,Good,Good,Fair,Good,Good,Good,Good,,,,,,,,,,,,0111,,,,34727.095
2101,Lolo National Forest,170102130509,Swamp Creek,Functioning at Risk,28796.2,66,34,Poor,Poor,Fair,Good,Good,Poor,Good,Good,Good,Good,Fair,Fair,,,,,,,,,,,,0116,,,,19126.510000000002
2115,Lolo National Forest,170102040607,Upper Trout Creek,Functioning at Risk,28028.5,100,1,Fair,Fair,Good,Good,Fair,Fair,Good,Fair,Good,Good,Fair,----,,,,,,,,,,,,0116,,,,27883.527000000002
2125,Idaho Panhandle National Forests,170103010502,Butte Gulch-Prichard Creek,Functioning at Risk,34059.0,78,23,Fair,Fair,Poor,Poor,Poor,Poor,Poor,Good,Good,Good,Good,Good,,,,,,,,,,,,0104,,,,26409.267
2181,Nez Perce-Clearwater National Forest,170603030301,Walton Creek-Lochsa River,Functioning Properly,18804.9,85,15,Good,Good,Poor,Good,Good,Fair,Good,Poor,Good,Good,Good,Poor,,,,,,,,,,,,0117,,,,15921.845000000001
2189,Nez Perce-Clearwater National Forest,170603020402,Glover Creek-Selway River,Functioning Properly,29030.7,100,1,Good,Good,Good,Good,Good,Poor,Good,Poor,Good,Good,Good,Good,,,,,,,,,,,,0117,,,,28878.707000000002
2190,Nez Perce-Clearwater National Forest,170603030701,Old Man Creek,Functioning Properly,28127.2,100,0,Good,Good,Good,Good,Good,Good,Good,Poor,Good,Good,Good,Good,,,,,,,,,,,,0117,,,,28126.98
2253,Lolo National Forest,170102030502,Cabin Creek,Functioning Properly,11212.6,100,0,Good,Fair,Good,Good,Fair,Good,Good,Fair,Good,Good,Good,----,,,,,,,,,,,,0116,,,,11212.42
2363,Idaho Panhandle National Forests,170102150402,Goose Creek,Functioning at Risk,13992.1,93,7,Poor,Fair,Poor,Good,Poor,Poor,Fair,Good,Good,Good,Good,Fair,,,,,,,,,,,,0104,,,,13050.397
2418,Bitterroot National Forest,170102050103,Hughes Creek,Functioning Properly,38437.700000000004,98,3,Fair,Fair,Fair,Good,Fair,Good,Good,Fair,Good,Fair,Fair,Fair,,,,,,,,,,,,0103,,,,37488.96
2470,Nez Perce-Clearwater National Forest,170603010704,Pettibone Creek,Functioning Properly,20931.600000000002,100,0,Good,Good,Good,Good,Good,Good,Fair,Poor,Good,Good,Good,Good,,,,,,,,,,,,0117,,,,20931.558
2476,Flathead National Forest,170102110306,Lost Creek,Functioning Properly,20061.9,78,22,Fair,Good,Good,Good,Good,Fair,Good,Fair,Good,Good,Good,----,,,,,,,,,,,,0110,,,,15650.568
2560,Custer Gallatin National Forest,100700010804,Horse Creek,Functioning Properly,19586.100000000002,100,0,Poor,Good,Good,Good,Good,Good,Good,Fair,Good,Fair,Good,Good,,,,,,,,,,,,0111,,,,19586.13
2604,Custer Gallatin National Forest,100901020504,Colbert Coulee-Tongue River,Functioning Properly,26625.2,5,95,Good,Good,Good,Good,Good,Good,Fair,Fair,Poor,Good,Good,Good,,,,,,,,,,,,0111,,,,1425.4060000000002
2681,Custer Gallatin National Forest,101303050401,Jones Creek-Rabbit Creek,Functioning Properly,17036.5,60,40,Fair,Good,Good,Fair,Fair,Good,Good,Fair,Good,Good,Good,Good,,,,,,,,,,,,0111,,,,10297.102
2773,Helena-Lewis And Clark National Forest,100402010201,Dry Fork Musselshell River,Functioning at Risk,12803.300000000001,36,64,Fair,Fair,Good,Poor,Fair,Poor,Good,Good,Good,Fair,Good,Fair,,,,,,,,,,,,0115,,,,4633.589
2871,Helena-Lewis And Clark National Forest,100301030104,Fourmile Creek,Functioning at Risk,16283.9,70,31,Fair,Fair,Good,Fair,Good,Fair,Fair,Good,Good,Fair,Fair,Fair,,,,,,,,,,,,0115,,,,11318.122
2997,Flathead National Forest,170102110103,Holland Lake,Functioning Properly,14515.9,83,17,Fair,Fair,Fair,Good,Good,Good,Good,Fair,Good,Good,Fair,----,,,,,,,,,,,,0110,,,,12106.912
3035,Lolo National Forest,170102040705,Clark Fork River-Cold Creek,Functioning at Risk,19886.600000000002,64,37,Fair,Fair,Fair,Good,Good,Fair,Good,Good,Good,Fair,Fair,Good,,,,,,,,,,,,0116,,,,12618.411
3037,Lolo National Forest,170102130505,Miller Creek,Functioning at Risk,16275.6,33,67,Fair,Fair,Good,Good,Good,Good,Good,Good,Good,Good,Fair,Fair,,,,,,,,,,,,0116,,,,5332.009
3041,Bitterroot National Forest,170102051103,Bear Creek,Functioning Properly,17888.7,95,5,Fair,Good,Good,Fair,Fair,Good,Good,Good,Good,Good,Fair,Good,,,,,,,,,,,,0103,,,,16953.695
3061,Custer Gallatin National Forest,100700020802,Upper West Boulder River,Functioning Properly,16996.1,100,0,Good,Good,Good,Good,Good,Good,Poor,Good,Poor,Good,Good,Good,,,,,,,,,,,,0111,,,,16996.023
3144,Helena-Lewis And Clark National Forest,100302050103,South Fork Teton River,Functioning Properly,17724.3,87,13,Fair,Good,Good,Good,Good,Good,Fair,Fair,Good,Fair,Poor,Good,,,,,,,,,,,,0115,,,,15344.991
3275,Flathead National Forest,170102080102,Cedar Creek,Functioning Properly,12089.6,59,41,Fair,Good,Good,Good,Good,Good,Good,Good,Good,Good,Good,----,,,,,,,,,,,,0110,,,,7133.063
3339,Flathead National Forest,170102090206,South Fork River-Cayuse Creek,Functioning Properly,16948.3,100,0,Good,Good,Good,Good,Good,Good,Good,Good,Good,Good,Good,----,,,,,,,,,,,,0110,,,,16948.333
3340,Flathead National Forest,170102110301,Cedar Creek,Functioning Properly,15985.300000000001,89,11,Fair,Good,Good,Good,Good,Fair,Good,Good,Good,Fair,Fair,----,,,,,,,,,,,,0110,,,,14278.743
3375,Helena-Lewis And Clark National Forest,100301011105,Lower Beaver Creek,Functioning at Risk,20193.600000000002,17,83,Fair,Fair,Fair,Poor,Poor,Poor,Fair,Fair,Good,Good,Fair,Fair,,,,,,,,,,,,0115,,,,3404.244
3377,Nez Perce-Clearwater National Forest,170603010607,Lower Bear Creek,Functioning Properly,9751.0,100,0,Good,Good,Good,Good,Good,Good,Fair,Poor,Good,Good,Poor,Poor,,,,,,,,,,,,0117,,,,9750.878
3534,Helena-Lewis And Clark National Forest,100301021502,Upper Shonkin Creek,Functioning Properly,38682.0,15,85,Poor,Fair,Good,Good,Good,Good,Good,Good,Good,Good,Poor,Fair,,,,,,,,,,,,0115,,,,5728.716
3542,Dakota Prairie Grasslands,101101010807,Lower Clear Creek,Functioning at Risk,18057.8,37,63,Fair,Fair,Good,Good,Good,Poor,Fair,Good,----,Good,Good,Fair,,,,,,,,,,,,0118,,,,6732.818
3695,Lolo National Forest,170102040609,Clark Fork River-Second Creek,Functioning at Risk,28030.4,82,18,Fair,Fair,Good,Fair,Fair,Fair,Good,Good,Good,Good,Fair,Fair,,,,,,,,,,,,0116,,,,23028.357
3715,Dakota Prairie Grasslands,101102050211,Murray Ranch,Functioning Properly,10196.2,61,39,Fair,Good,Fair,Good,Good,Fair,Fair,Good,Good,Good,Good,Poor,,,,,,,,,,,,0118,,,,6183.584000000001
3717,Custer Gallatin National Forest,100800100504,Big Coulee,Functioning Properly,20370.3,6,94,Good,Good,Good,Good,Good,Fair,Good,Fair,Good,Good,Good,Good,,,,,,,,,,,,0111,,,,1168.413
3869,Nez Perce-Clearwater National Forest,170103060101,Headwaters Hangman Creek,Functioning at Risk,37397.5,6,94,Poor,Poor,Poor,Good,Good,Fair,Good,Good,Good,Good,Good,Good,,,,,,,,,,,,0117,,,,2260.949
3873,Flathead National Forest,170102100204,Lower Good Creek,Functioning Properly,25418.4,84,16,Poor,Good,Good,Good,Good,Good,Good,Fair,Good,Good,Fair,----,,,,,,,,,,,,0110,,,,21405.262
3912,Nez Perce-Clearwater National Forest,170603010701,Goat Creek,Functioning Properly,18836.3,100,0,Good,Good,Good,Good,Good,Good,Fair,Poor,Good,Good,Fair,Poor,,,,,,,,,,,,0117,,,,18836.296000000002
3994,Idaho Panhandle National Forests,170102140301,Fry Creek,Functioning Properly,16532.1,7,93,Fair,Fair,Good,Good,Fair,Fair,Good,Good,Fair,Good,Fair,Fair,,,,,,,,,,,,0104,,,,1116.2050000000002
4015,Idaho Panhandle National Forests,170103030103,Rose Creek-Coeur d'Alene River,Functioning at Risk,35952.700000000004,16,84,Poor,Fair,Poor,Fair,Fair,Good,Good,Good,Good,Good,Good,Fair,,,,,,,,,,,,0104,,,,5796.579000000001
4044,Helena-Lewis And Clark National Forest,100301040502,Upper Smith Creek,Functioning Properly,23072.2,52,48,Poor,Good,Good,Fair,Good,Good,Poor,Poor,Good,Good,Fair,Fair,,,,,,,,,,,,0115,,,,12022.82
4045,Custer Gallatin National Forest,100200080903,Bear Creek,Functioning at Risk,12994.300000000001,50,50,Poor,Good,Poor,Good,Good,Poor,Good,Fair,Good,Good,Good,Good,,,,,,,,,,,,0111,,,,6456.923000000001
4132,Lolo National Forest,170102040201,Butler Creek,Functioning at Risk,7934.900000000001,32,68,Fair,Fair,Good,Poor,Fair,Good,Fair,Fair,Good,Good,Fair,----,,,,,,,,,,,,0116,,,,2523.3
4369,Nez Perce-Clearwater National Forest,170603060202,Musselshell Creek,Functioning at Risk,35352.1,42,58,Fair,Poor,Fair,Good,Poor,Poor,Fair,Fair,Fair,Good,Good,Good,,,,,,,,,,,,0117,,,,14876.362000000001
4448,Custer Gallatin National Forest,100901020501,Double E Coulee-Tongue River,Functioning Properly,15150.1,18,82,Good,Fair,Good,Fair,Fair,Good,Fair,Good,Fair,Good,Good,Good,,,,,,,,,,,,0111,,,,2787.121
4466,Bitterroot National Forest,170102050505,Warm Springs Creek,Functioning Properly,28765.2,99,1,Fair,Fair,Good,Good,Fair,Good,Good,Fair,Good,Good,Fair,Fair,,,,,,,,,,,,0103,,,,28519.112
4471,Idaho Panhandle National Forests,170102150703,Big Creek-Priest River,Functioning at Risk,19006.5,25,75,Fair,Fair,Fair,Good,Fair,Fair,Good,Good,Good,Good,Fair,Good,,,,,,,,,,,,0104,,,,4755.857
4593,Nez Perce-Clearwater National Forest,170603020103,Cedar Creek,Functioning Properly,16327.0,100,0,Good,Poor,Good,Good,Good,Good,Good,Poor,Good,Good,Good,----,,,,,,,,,,,,0117,,,,16327.025000000001
4608,Helena-Lewis And Clark National Forest,100402030401,Upper North Fork Flatwillow Creek,Functioning at Risk,32598.4,25,75,Fair,Poor,Poor,Poor,Poor,Fair,Good,Fair,Good,Good,Fair,----,,,,,,,,,,,,0115,,,,8136.275000000001
4638,Idaho Panhandle National Forests,170103010501,Eagle Creek,Functioning at Risk,28505.4,96,4,Poor,Fair,Poor,Good,Poor,Poor,Fair,Good,Good,Good,Good,Good,,,,,,,,,,,,0104,,,,27450.497
4738,Idaho Panhandle National Forests,170103020201,East Fork Pine Creek,Functioning Properly,19835.3,12,89,Poor,Good,Poor,Good,Fair,Good,Good,Good,Good,Fair,Fair,Good,,,,,,,,,,,,0104,,,,2278.471
4774,Dakota Prairie Grasslands,101303010503,Horse Creek-North Fork Grand River,Functioning at Risk,26459.3,25,75,Fair,Good,Fair,Poor,Fair,Poor,Good,Good,----,Good,Good,Fair,,,,,,,,,,,,0118,,,,6519.429
4801,Helena-Lewis And Clark National Forest,100301040101,Open Creek,Functioning Properly,12209.9,100,0,Fair,Good,Good,Good,Good,Good,Poor,Poor,Poor,Fair,Good,----,,,,,,,,,,,,0115,,,,12209.693
4853,Kootenai National Forest,170101011304,Big Cherry Creek,Functioning Properly,37551.1,85,15,Good,Fair,Fair,Fair,Good,Fair,Good,Fair,Good,Good,Good,Good,,,,,,,,,,,,0114,,,,31858.547
4986,Beaverhead-Deerlodge National Forest,100200040402,Francis Creek,Functioning at Risk,16734.9,54,46,Poor,Fair,Fair,Fair,Fair,Fair,Good,Good,Good,Good,Good,Good,,,,,,,,,,,,0102,,,,9106.595000000001
5104,Custer Gallatin National Forest,100901020411,Walking Horse Coulee-Tongue River,Functioning Properly,17668.600000000002,6,94,Good,Fair,Good,Good,Good,Good,Good,Fair,Good,Good,Good,----,,,,,,,,,,,,0111,,,,996.154
5172,Helena-Lewis And Clark National Forest,100301050402,Little Belt Creek,Functioning Properly,24544.8,22,78,Poor,Fair,Good,Good,Fair,Good,Good,Fair,Good,Good,Poor,Fair,,,,,,,,,,,,0115,,,,5377.745
5190,Beaverhead-Deerlodge National Forest,100200041101,Jerry Creek,Functioning at Risk,29426.3,90,10,Fair,Fair,Poor,Good,Fair,Fair,Good,Fair,Good,Good,Good,Fair,2011,<Principal_Reason><Resources><Resource><Value>Other</Value></Resource><Resource><Value>Species Protection Area</Value></Resource><Resource><Value>Outstanding Resource Water</Value></Resource></Resources><Cost>$1 million to $5 million</Cost></Principal_Reason>,The 2009 Beaverhead-Deerlodge Forest Plan designated Jerry Creek as a fish key watershed. Fish key watersheds were selected to meet viability requirements and for focusing federal funds and personnel for the purpose of restoring or maintaining the viability of TES aquatic species. ,"<Known_Partners><Partner><Name>Montana Department of Fish, Wildlife and Parks</Name><Type>Known</Type></Partner></Known_Partners>",2012-10-05,2023-09-30,7,1310000,,,Y,0102,Jerry Creek Fish Key Watershed Restoration Action Plan,2012-10-05,,26461.935
5293,Helena-Lewis And Clark National Forest,100402011405,Upper Swimming Woman Creek,Functioning at Risk,20500.5,48,52,Poor,Fair,Good,Fair,Good,Fair,Good,Fair,Good,Good,Fair,Fair,,,,,,,,,,,,0115,,,,9770.602
5317,Helena-Lewis And Clark National Forest,100301040402,Beaver Creek,Functioning Properly,13344.1,99,1,Poor,Good,Good,Good,Good,Good,Good,Good,Good,Fair,Poor,Good,,,,,,,,,,,,0115,,,,13188.298999999999
5375,Nez Perce-Clearwater National Forest,170603070702,Cold Springs Creek-North Fork Clearwater River,Functioning Properly,30202.4,100,0,Good,Fair,Fair,Good,Good,Poor,Good,Fair,Good,Good,Good,Good,,,,,,,,,,,,0117,,,,30087.189
5391,Flathead National Forest,170102090301,Upper Big Salmon Creek,Functioning Properly,22664.0,99,1,Good,Good,Good,Good,Good,Good,Good,Good,Good,Good,Good,----,,,,,,,,,,,,0110,,,,22514.64
5443,Nez Perce-Clearwater National Forest,170602090404,John Day Creek,Functioning Properly,14028.0,48,53,Good,Fair,Good,Fair,Fair,Poor,Good,Fair,Good,Good,Good,Fair,,,,,,,,,,,,0117,,,,6659.299
5493,Flathead National Forest,170102090506,Middle Fork Flathead River-Addition Creek,Functioning Properly,11150.1,100,0,Good,Good,Good,Good,Good,Good,Good,Good,Good,Good,Good,----,,,,,,,,,,,,0110,,,,11150.127
5572,Lolo National Forest,170102040202,La Valle Creek,Functioning at Risk,8722.8,24,76,Fair,Fair,Good,Good,Good,Good,Fair,Fair,Good,Good,Fair,Fair,,,,,,,,,,,,0116,,,,2059.033
5593,Idaho Panhandle National Forests,170101040706,Rock Creek-Kootenai River,Functioning at Risk,18889.7,36,65,Poor,Fair,Good,Fair,Fair,Fair,Good,Good,Fair,Good,Fair,Fair,,,,,,,,,,,,0104,,,,6711.484
5606,Flathead National Forest,170102110302,Middle Swan Creek-Van Lake,Functioning Properly,9224.7,37,63,Fair,Fair,Good,Good,Good,Good,Good,Fair,Poor,Good,Good,----,,,,,,,,,,,,0110,,,,3450.7050000000004
5617,Idaho Panhandle National Forests,170103020301,Twomile Creek-South Fork Coeur d'Alene River,Impaired Function,19442.8,44,56,Poor,Poor,Poor,Good,Poor,Fair,Poor,Good,Good,Good,Good,Good,,,,,,,,,,,,0104,,,,8469.204
5620,Helena-Lewis And Clark National Forest,100301030105,Trout Creek-North Fork Smith River,Functioning at Risk,32005.4,20,80,Fair,Fair,Good,Poor,Fair,Good,Good,Good,Good,Fair,Fair,Fair,,,,,,,,,,,,0115,,,,6412.1140000000005
5646,Helena-Lewis And Clark National Forest,100401030603,Willow Creek,Functioning Properly,26939.3,10,90,Good,Good,Good,Good,Good,Good,Fair,Fair,Poor,Fair,Fair,Good,,,,,,,,,,,,0115,,,,2741.337
5682,Beaverhead-Deerlodge National Forest,100200011203,Deer Canyon Creek,Functioning Properly,12605.9,55,45,Poor,Fair,Good,Good,Good,Fair,Good,Good,Good,Good,Good,Good,,,,,,,,,,,,0102,,,,6976.6720000000005
5704,Flathead National Forest,170102070101,Strawberry Creek,Functioning Properly,17307.6,100,0,Fair,Good,Good,Good,Good,Good,Good,Fair,Good,Good,Good,----,,,,,,,,,,,,0110,,,,17307.465
5874,Custer Gallatin National Forest,100700030405,Rock Creek,Functioning Properly,33902.3,31,69,Poor,Good,Good,Good,Good,Good,Good,Fair,Good,Good,Good,Good,,,,,,,,,,,,0111,,,,10497.0
5980,Dakota Prairie Grasslands,101000042406,Lower Bennie Peer Creek,Functioning at Risk,41126.0,53,47,Fair,Good,Good,Fair,Good,Poor,Poor,Good,Good,Good,Good,Fair,,,,,,,,,,,,0118,,,,21870.670000000002
5981,Dakota Prairie Grasslands,101101010808,Middle Tobacco Garden Creek,Functioning at Risk,21954.2,21,79,Fair,Poor,Fair,Fair,Good,Poor,Fair,Good,Good,Good,Good,Fair,,,,,,,,,,,,0118,,,,4522.777
6026,Lolo National Forest,170102120810,Flathead River-Knowles Creek,Functioning at Risk,19744.3,44,56,Fair,Fair,Good,Fair,Fair,Good,Fair,Good,Good,Good,Fair,Good,,,,,,,,,,,,0116,,,,8704.073
6069,Bitterroot National Forest,170102050704,Little Sleeping Child Creek,Functioning at Risk,9938.300000000001,84,16,Poor,Fair,Good,Fair,Fair,Poor,Fair,Fair,Fair,Good,Poor,Fair,,,,,,,,,,,,0103,,,,8384.674
6082,Flathead National Forest,170102090405,Silvertip Creek,Functioning Properly,14093.5,100,0,Good,Good,Good,Good,Good,Good,Good,Good,Good,Good,Good,----,,,,,,,,,,,,0110,,,,14093.49
6255,Flathead National Forest,170102110307,Middle Swan River-Metcalf Lake,Functioning Properly,26756.4,23,77,Fair,Good,Good,Good,Good,Good,Good,Good,Good,Good,Good,----,,,,,,,,,,,,0110,,,,6112.187
6317,Lolo National Forest,170102040704,Tamarack Creek,Impaired Function,17745.7,92,8,Poor,Poor,Good,Good,Poor,Fair,Fair,Good,Good,Good,Fair,Poor,,,,,,,,,,,,0116,,,,16277.259
6336,Dakota Prairie Grasslands,101102030403,Lower East Fork Deep Creek,Functioning Properly,16049.300000000001,7,93,Fair,Good,Good,Fair,Good,Poor,Good,Good,Good,Good,Good,Fair,,,,,,,,,,,,0118,,,,1083.949
6366,Flathead National Forest,170102090210,Lower White River,Functioning Properly,10639.7,100,0,Good,Good,Good,Good,Good,Good,Good,Good,Good,Good,Fair,----,,,,,,,,,,,,0110,,,,10639.723
6399,Dakota Prairie Grasslands,101102030805,Dantz Creek,Functioning at Risk,15930.6,74,27,Fair,Fair,Good,Fair,Fair,Poor,Fair,Good,Good,Good,Good,Poor,,,,,,,,,,,,0118,,,,11706.667
6438,Helena-Lewis And Clark National Forest,170102030201,Blackfoot River-Willow Creek,Functioning at Risk,12416.300000000001,69,32,Poor,Fair,Poor,Good,Fair,Poor,Fair,Fair,Good,Fair,Fair,Fair,,,,,,,,,,,,0115,,,,8501.4
6595,Idaho Panhandle National Forests,170103040105,Copper Creek-St Joe River,Functioning Properly,29207.9,100,0,Good,Good,Fair,Good,Good,Fair,Good,Fair,Good,Good,Fair,Good,,,,,,,,,,,,0104,,,,29197.792
6657,Nez Perce-Clearwater National Forest,170602100503,Sheep Creek-Little Salmon River,Functioning at Risk,23105.7,20,81,Good,Poor,Good,Good,Poor,Poor,Good,Fair,Good,Good,Good,Poor,,,,,,,,,,,,0117,,,,4498.726000000001
6718,Flathead National Forest,170102090201,Upper Gordon Creek,Functioning Properly,18993.5,99,1,Good,Good,Good,Good,Good,Good,Good,Good,Good,Good,Good,----,,,,,,,,,,,,0110,,,,18744.71
6766,Dakota Prairie Grasslands,101102040509,Eagle Draw-Beaver Creek,Functioning at Risk,23950.2,18,82,Fair,Fair,Good,Good,Good,Poor,Fair,Good,Good,Good,Good,Fair,,,,,,,,,,,,0118,,,,4234.551
6772,Lolo National Forest,170102040602,Clark Fork River-Sawmill Creek,Functioning at Risk,24051.7,46,54,Fair,Poor,Fair,Fair,Fair,Fair,Fair,Good,Good,Good,Fair,----,,,,,,,,,,,,0116,,,,11055.204
6840,Lolo National Forest,170102130503,Clark Fork River-Kennedy Creek,Functioning Properly,12239.0,53,47,Fair,Fair,Good,Good,Good,Good,Fair,Good,Good,Good,Fair,Good,,,,,,,,,,,,0116,,,,6442.785
6971,Custer Gallatin National Forest,101102020507,Harmon Creek,Functioning Properly,14635.5,11,89,Good,Good,Good,Good,Good,Good,Fair,Fair,Good,Good,Good,Good,,,,,,,,,,,,0111,,,,1570.342
7034,Custer Gallatin National Forest,100700061005,Willow Creek,Functioning at Risk,32362.5,7,93,Poor,Good,Poor,Fair,Fair,Fair,Fair,Fair,Good,Good,Good,----,,,,,,,,,,,,0111,,,,2337.221
7219,Kootenai National Forest,170101020406,Lower Fisher River,Functioning Properly,39738.9,25,75,Fair,Fair,Good,Fair,Good,Poor,Good,Good,Fair,Good,Good,Good,,,,,,,,,,,,0114,,,,10103.272
7267,Helena-Lewis And Clark National Forest,170102030308,Blackfoot River-Lincoln,Functioning Properly,11404.5,47,53,Good,Fair,Fair,Good,Good,Poor,Fair,Good,Good,Fair,Fair,Fair,,,,,,,,,,,,0115,,,,5337.906
7290,Bitterroot National Forest,170102050903,Middle Skalkaho Creek,Functioning at Risk,11777.9,92,9,Fair,Fair,Fair,Good,Fair,Good,Fair,Fair,Good,Good,Poor,Fair,,,,,,,,,,,,0103,,,,10775.184
7424,Custer Gallatin National Forest,100700021107,Little Timber Creek,Functioning Properly,12957.4,11,89,Fair,Good,Good,Good,Good,Good,Good,Fair,Good,Good,Good,Good,,,,,,,,,,,,0111,,,,1385.806
7473,Custer Gallatin National Forest,100700010802,Upper Hellroaring Creek,Functioning Properly,28618.5,100,0,Poor,Good,Good,Good,Good,Good,Good,Good,Poor,Good,Good,Good,,,,,,,,,,,,0111,,,,28618.45
7565,Custer Gallatin National Forest,100700020105,Upper Tom Miner Creek,Functioning Properly,14318.4,63,37,Fair,Good,Good,Good,Good,Fair,Good,Fair,Good,Fair,Good,Good,,,,,,,,,,,,0111,,,,9004.094000000001
7722,Idaho Panhandle National Forests,170102150201,South Fork Granite Creek,Functioning Properly,22134.8,84,16,Fair,Fair,Good,Good,Fair,Good,Good,Good,Good,Good,Good,Good,,,,,,,,,,,,0104,,,,18632.98
7729,Beaverhead-Deerlodge National Forest,100200070805,Indian Creek,Functioning Properly,40246.0,95,5,Fair,Good,Good,Good,Good,Good,Good,Fair,Good,Fair,Good,Good,,,,,,,,,,,,0102,,,,38239.431
7739,Custer Gallatin National Forest,100700050303,Lower East Rosebud Creek,Functioning Properly,19652.5,7,93,Poor,Good,Good,Good,Good,Good,Good,Good,Good,Good,Good,Good,,,,,,,,,,,,0111,,,,1348.587
7761,Flathead National Forest,170102110305,Soup Creek,Functioning Properly,9704.300000000001,25,75,Fair,Good,Good,Good,Good,Good,Good,Good,Good,Good,Good,----,,,,,,,,,,,,0110,,,,2412.626
7971,Custer Gallatin National Forest,101303040104,Ash Coulee,Functioning Properly,21058.0,11,89,Good,Fair,Good,Good,Good,Fair,Good,Fair,Good,Good,Good,Good,,,,,,,,,,,,0111,,,,2318.315
8024,Beaverhead-Deerlodge National Forest,100200060502,Elkhorn Creek,Functioning at Risk,22658.4,76,24,Poor,Fair,Poor,Good,Poor,Poor,Good,Fair,Good,Fair,Good,Good,,,,,,,,,,,,0102,,,,17311.491
8067,Helena-Lewis And Clark National Forest,100302010501,Upper Dupuyer Creek,Functioning Properly,30127.0,52,48,Poor,Fair,Good,Fair,Good,Good,Good,Good,Fair,Good,Fair,Fair,,,,,,,,,,,,0115,,,,15544.445
8267,Beaverhead-Deerlodge National Forest,170102020105,Flint Creek,Functioning at Risk,13701.300000000001,48,52,Poor,Fair,Poor,Poor,Fair,Fair,Good,Fair,Good,Fair,Good,Good,,,,,,,,,,,,0102,,,,6601.0740000000005
8292,Helena-Lewis And Clark National Forest,100301040102,Lick Creek,Functioning Properly,10683.5,100,0,Poor,Good,Good,Good,Good,Good,Poor,Fair,Good,Good,Good,----,,,,,,,,,,,,0115,,,,10683.523
8351,Dakota Prairie Grasslands,101102040403,Lower Elk Creek,Functioning at Risk,19253.3,6,94,Fair,Fair,Good,Fair,Fair,Fair,Fair,Good,Good,Good,Good,Fair,,,,,,,,,,,,0118,,,,1141.807
8400,Flathead National Forest,170102060604,Upper Big Creek,Functioning Properly,16108.9,100,0,Fair,Good,Fair,Good,Good,Good,Good,Good,Good,Good,Good,----,,,,,,,,,,,,0110,,,,16108.912
8680,Custer Gallatin National Forest,100700020502,Fleshman Creek,Functioning Properly,15298.2,7,94,Good,Good,Good,Good,Good,Good,Poor,Fair,Poor,Good,Good,Good,,,,,,,,,,,,0111,,,,989.6360000000001
8686,Helena-Lewis And Clark National Forest,100301040206,Upper West Fork South Fork Sun River,Functioning Properly,23068.0,100,0,Fair,Good,Good,Good,Good,Good,Good,Fair,Good,Good,Good,----,,,,,,,,,,,,0115,,,,23067.996
8764,Custer Gallatin National Forest,101102011002,Headwaters Little Beaver Creek,Functioning Properly,22987.4,17,83,Good,Good,Good,Good,Good,Good,Poor,Fair,Poor,Good,Good,Good,,,,,,,,,,,,0111,,,,3970.744
8770,Helena-Lewis And Clark National Forest,100301020201,Green Creek,Functioning Properly,9906.7,14,86,Fair,Fair,Good,Good,Fair,Poor,Good,Fair,Good,Fair,Good,Fair,,,,,,,,,,,,0115,,,,1353.723
8842,Dakota Prairie Grasslands,101303030401,Flat Creek-Grand River,Functioning Properly,27434.4,41,59,Fair,Good,Good,Poor,Fair,Poor,Good,Good,----,Good,Good,Good,,,,,,,,,,,,0118,,,,11186.873
8997,Idaho Panhandle National Forests,170103010204,Lower Tepee Creek,Functioning Properly,11387.300000000001,99,1,Good,Fair,Poor,Good,Fair,Fair,Good,Good,Good,Good,Good,Good,,,,,,,,,,,,0104,,,,11273.047
9066,Custer Gallatin National Forest,100800100501,Commissary Creek-Crooked Creek,Functioning Properly,13739.4,100,0,Good,Good,Good,Good,Good,Fair,Fair,Fair,Fair,Good,Good,Good,,,,,,,,,,,,0111,,,,13739.382
9420,Custer Gallatin National Forest,100901020404,Poker Jim Creek,Functioning Properly,12811.300000000001,87,13,Fair,Fair,Good,Fair,Fair,Good,Good,Fair,Good,Good,Good,Good,,,,,,,,,,,,0111,,,,11192.56
9483,Nez Perce-Clearwater National Forest,170603020205,Otter Creek,Functioning Properly,10521.0,100,0,Good,Good,Good,Good,Good,Good,Good,Poor,Good,Good,Good,Good,,,,,,,,,,,,0117,,,,10521.015
9572,Beaverhead-Deerlodge National Forest,100200010501,Upper Nicholia Creek,Functioning Properly,19924.2,98,2,Fair,Good,Fair,Good,Good,Fair,Good,Good,Good,Good,Good,Good,,,,,,,,,,,,0102,,,,19563.823
9782,Dakota Prairie Grasslands,101303020902,Boxcar Buttes-South Fork Grand River,Functioning at Risk,23850.4,17,83,Fair,Fair,Poor,Fair,Good,Poor,Good,Good,----,Good,Good,Good,,,,,,,,,,,,0118,,,,3997.71
9791,Custer Gallatin National Forest,100700030305,Elk Creek,Functioning at Risk,16925.3,8,92,Poor,Good,Poor,Good,Fair,Good,Fair,Fair,Good,Good,Good,Good,,,,,,,,,,,,0111,,,,1375.6970000000001
9794,Idaho Panhandle National Forests,170103040302,Bluff Creek,Functioning Properly,22050.2,37,63,Fair,Good,Fair,Good,Fair,Poor,Good,Good,Fair,Good,Good,Good,,,,,,,,,,,,0104,,,,8076.825000000001
10066,Lolo National Forest,170102021206,Wyman Gulch,Functioning Properly,10530.6,100,0,Fair,Good,Good,Good,Good,Good,Fair,Fair,Good,Fair,Good,----,,,,,,,,,,,,0116,,,,10530.594000000001
10103,Helena-Lewis And Clark National Forest,100301011801,Iron Horse Creek,Impaired Function,15109.9,67,33,Poor,Poor,Poor,Poor,Fair,Poor,Fair,Fair,Good,Fair,Good,Fair,,,,,,,,,,,,0115,,,,10122.89
10208,Custer Gallatin National Forest,100700010902,Reese Creek-Yellowstone River,Functioning Properly,28500.7,27,73,Fair,Good,Good,Good,Good,Fair,Fair,Fair,Good,Good,Fair,Good,,,,,,,,,,,,0111,,,,7578.151000000001
10262,Nez Perce-Clearwater National Forest,170603070403,Lower Kelly Creek,Functioning Properly,30428.2,100,0,Good,Good,Good,Good,Good,Poor,Good,Fair,Good,Good,Good,Good,,,,,,,,,,,,0117,,,,30428.227
10425,Idaho Panhandle National Forests,170101040601,Grass Creek,Functioning at Risk,17615.3,99,1,Poor,Fair,Poor,Good,Fair,Fair,Good,Good,Good,Good,Fair,Good,,,,,,,,,,,,0104,,,,17410.297
10446,Helena-Lewis And Clark National Forest,100302050602,Rinker Creek-Muddy Creek,Functioning at Risk,17897.5,20,80,Poor,Fair,Good,Poor,Fair,Good,Good,Good,Fair,Fair,Fair,Fair,,,,,,,,,,,,0115,,,,3561.512
10509,Helena-Lewis And Clark National Forest,100301040106,Rock Creek,Functioning Properly,27919.100000000002,100,0,Fair,Good,Good,Good,Good,Good,Fair,Fair,Good,Good,Good,----,,,,,,,,,,,,0115,,,,27918.502
10521,Custer Gallatin National Forest,100901020206,Lyon Creek,Functioning at Risk,19615.4,93,7,Poor,Fair,Good,Poor,Poor,Fair,Good,Fair,Fair,Good,Good,Good,,,,,,,,,,,,0111,,,,18201.391
10559,Helena-Lewis And Clark National Forest,170102010505,Upper Dog Creek,Impaired Function,20375.8,54,46,Poor,Poor,Poor,Poor,Poor,Poor,Poor,Fair,Good,Fair,Good,Fair,,,,,,,,,,,,0115,,,,11043.226
10579,Beaverhead-Deerlodge National Forest,100200041302,Lower Willow Creek,Functioning Properly,20302.5,33,67,Fair,Fair,Good,Good,Good,Fair,Good,Good,Good,Good,Good,Fair,,,,,,,,,,,,0102,,,,6684.878000000001
10631,Helena-Lewis And Clark National Forest,170102010503,Telegraph Creek,Impaired Function,12234.0,83,17,Poor,Fair,Poor,Fair,Poor,Poor,Poor,Poor,Good,Fair,Good,Good,,,,,,,,,,,,0115,,,,10172.269
10663,Idaho Panhandle National Forests,170603080101,Lost Lake-Little North Fork Clearwater River,Functioning Properly,28715.5,65,35,Fair,Good,Good,Good,Fair,Poor,Good,Good,Good,Good,Good,Good,,,,,,,,,,,,0104,,,,18628.194
10670,Beaverhead-Deerlodge National Forest,100200011206,Hansen Creek-Medicine Lodge Creek,Functioning Properly,24884.3,8,92,Poor,Fair,Good,Fair,Fair,Good,Good,Good,Good,Good,Good,Fair,,,,,,,,,,,,0102,,,,2083.7760000000003
10698,Custer Gallatin National Forest,100200070205,Lower South Fork Madison River,Functioning Properly,42114.5,47,54,Poor,Good,Good,Good,Good,Fair,Poor,Good,Good,Good,Good,Good,,,,,,,,,,,,0111,,,,19567.022
10805,Custer Gallatin National Forest,100901020203,Horse Creek-Otter Creek,Functioning Properly,21592.3,83,17,Fair,Fair,Good,Fair,Fair,Good,Good,Good,Poor,Good,Fair,Good,,,,,,,,,,,,0111,,,,17955.032
10865,Lolo National Forest,170102030801,Upper Monture Creek,Functioning Properly,42010.1,100,0,Good,Good,Fair,Good,Good,Fair,Good,Fair,Good,Good,Good,----,,,,,,,,,,,,0116,,,,41945.64
10932,Custer Gallatin National Forest,100901020204,Indian Creek,Functioning Properly,33062.0,45,56,Good,Fair,Good,Fair,Fair,Good,Fair,Good,Poor,Good,Good,Good,,,,,,,,,,,,0111,,,,14718.78
10992,Kootenai National Forest,170102131001,Upper Trout Creek,Functioning Properly,23386.8,100,0,Good,Good,Good,Good,Good,Good,Good,Good,Good,Good,Good,Good,,,,,,,,,,,,0114,,,,23372.983
11066,Helena-Lewis And Clark National Forest,100301030303,Thompson Gulch,Functioning at Risk,13652.6,9,91,Good,Poor,Poor,Good,Poor,Poor,Poor,Fair,Fair,Fair,Fair,Fair,,,,,,,,,,,,0115,,,,1175.915
11100,Lolo National Forest,170102040305,Ninemile Creek-Stony Creek,Functioning at Risk,26123.600000000002,71,29,Poor,Fair,Poor,Poor,Fair,Fair,Good,Fair,Good,Good,Fair,Good,,,,,,,,,,,,0116,,,,18439.64
11143,Helena-Lewis And Clark National Forest,170102010506,Lower Dog Creek,Impaired Function,16634.0,19,82,Poor,Poor,Fair,Poor,Fair,Poor,Fair,Fair,Good,Fair,Fair,Fair,,,,,,,,,,,,0115,,,,3070.64
11305,Nez Perce-Clearwater National Forest,170603030304,Wendover Creek-Lochsa River,Functioning at Risk,20736.0,100,0,Good,Fair,Poor,Good,Good,Fair,Fair,Poor,Good,Good,Good,Poor,,,,,,,,,,,,0117,,,,20735.974
11581,Beaverhead-Deerlodge National Forest,100200010401,Upper Little Sheep Creek,Functioning Properly,28446.3,93,7,Fair,Good,Good,Fair,Fair,Fair,Good,Good,Good,Good,Good,Good,,,,,,,,,,,,0102,,,,26435.881
11614,Custer Gallatin National Forest,100700050105,Woodbine Creek-Stillwater River,Functioning Properly,40509.8,100,0,Fair,Good,Good,Good,Good,Good,Good,Good,Good,Good,Good,----,,,,,,,,,,,,0111,,,,40509.799
11766,Custer Gallatin National Forest,101102020505,Speelmon Creek,Functioning Properly,17718.3,62,38,Good,Fair,Good,Fair,Good,Fair,Good,Fair,Good,Good,Good,Good,,,,,,,,,,,,0111,,,,11061.317
11951,Flathead National Forest,170102080206,Patrick Creek,Functioning Properly,14022.9,20,80,Poor,Good,Good,Good,Good,Good,Good,Good,Good,Good,Poor,----,,,,,,,,,,,,0110,,,,2830.494
11979,Helena-Lewis And Clark National Forest,100402010401,East Fork Haymaker Creek,Functioning at Risk,38660.700000000004,56,44,Poor,Fair,Good,Good,Fair,Poor,Good,Fair,Good,Fair,Fair,Fair,,,,,,,,,,,,0115,,,,21761.069
12083,Dakota Prairie Grasslands,101000042703,Lower Horse Creek,Functioning at Risk,22886.8,83,17,Fair,Good,Good,Fair,Fair,Poor,Fair,Good,Good,Good,Good,Fair,,,,,,,,,,,,0118,,,,18930.021
12420,Idaho Panhandle National Forests,170103040601,Flemming Creek-St Joe River,Functioning at Risk,17961.2,50,50,Fair,Fair,Fair,Good,Fair,Fair,Good,Good,Good,Good,Good,Good,,,,,,,,,,,,0104,,,,9045.395
12502,Idaho Panhandle National Forests,170103050301,Sage Creek,Functioning at Risk,38390.6,19,81,Fair,Fair,Fair,Fair,Fair,Good,Good,Good,Fair,Good,Good,Good,,,,,,,,,,,,0104,,,,7362.2570000000005
12529,Idaho Panhandle National Forests,170603080104,Foehl Creek,Functioning Properly,16451.5,100,0,Good,Good,Good,Good,Good,Good,Good,Good,Good,Good,Good,Good,,,,,,,,,,,,0104,,,,16451.467
12532,Idaho Panhandle National Forests,170103040606,Trout Creek,Functioning Properly,12992.6,26,74,Fair,Fair,Good,Good,Fair,Fair,Good,Good,Good,Good,Good,Good,,,,,,,,,,,,0104,,,,3359.73
12666,Idaho Panhandle National Forests,170103040306,Sisters Creek,Functioning Properly,29346.7,46,54,Fair,Good,Good,Good,Fair,Poor,Good,Good,Fair,Good,Good,Good,,,,,,,,,,,,0104,,,,13468.917000000001
12680,Beaverhead-Deerlodge National Forest,100200040805,Bryant Creek,Functioning Properly,12100.7,99,1,Fair,Good,Good,Good,Good,Fair,Good,Fair,Good,Good,Good,Good,,,,,,,,,,,,0102,,,,11941.881
12770,Beaverhead-Deerlodge National Forest,170102020201,Fred Burr Creek,Functioning Properly,10092.7,73,27,Fair,Good,Poor,Fair,Good,Fair,Good,Fair,Good,Fair,Good,Good,,,,,,,,,,,,0102,,,,7404.057000000001
12985,Beaverhead-Deerlodge National Forest,100200010207,West Creek,Functioning Properly,11493.800000000001,49,51,Fair,Good,Good,Good,Good,Good,Good,Good,Good,Good,Good,Good,,,,,,,,,,,,0102,,,,5587.002
12987,Kootenai National Forest,170102130801,Upper Vermilion River,Functioning Properly,31409.7,97,3,Fair,Good,Good,Good,Good,Fair,Good,Good,Good,Good,Good,Good,,,,,,,,,,,,0114,,,,30527.093
12988,Dakota Prairie Grasslands,101303020908,Shadehill Reservoir-South Fork Grand River,Functioning at Risk,26967.7,42,58,Fair,Fair,Poor,Poor,Fair,Poor,Good,Good,----,Good,Good,Good,,,,,,,,,,,,0118,,,,11242.313
13022,Kootenai National Forest,170102130905,Noxon Reservior-Bear Creek,Functioning Properly,14531.1,47,54,Fair,Good,Good,Good,Good,Good,Good,Good,Good,Good,Good,Good,,,,,,,,,,,,0114,,,,6761.887000000001
13027,Helena-Lewis And Clark National Forest,100301011605,Lower Trout Creek,Functioning at Risk,15379.6,91,9,Fair,Fair,Poor,Poor,Poor,Fair,Fair,Fair,Good,Good,Poor,Poor,,,,,,,,,,,,0115,,,,14018.564
13065,Beaverhead-Deerlodge National Forest,100200011301,Painter Creek,Functioning Properly,13488.4,67,33,Good,Fair,Good,Good,Fair,Fair,Good,Good,Good,Good,Good,Good,,,,,,,,,,,,0102,,,,9009.575
13078,Beaverhead-Deerlodge National Forest,100200040505,Lower Ruby Creek,Functioning at Risk,24684.8,87,13,Poor,Fair,Poor,Fair,Fair,Fair,Good,Fair,Good,Fair,Good,Fair,,,,,,,,,,,,0102,,,,21399.411
13079,Kootenai National Forest,170101020405,Middle Fisher River,Functioning Properly,26478.4,9,91,Fair,Good,Good,Good,Good,Fair,Good,Good,Fair,Good,Good,Good,,,,,,,,,,,,0114,,,,2407.071
13083,Helena-Lewis And Clark National Forest,170102030104,Lower Landers Fork,Functioning Properly,15669.6,36,64,Fair,Fair,Good,Good,Good,Poor,Good,Fair,Good,Good,Poor,Poor,,,,,,,,,,,,0115,,,,5571.125
13114,Beaverhead-Deerlodge National Forest,100200030507,Wisconsin Creek,Functioning at Risk,17786.7,56,44,Fair,Fair,Poor,Good,Good,Fair,Good,Good,Good,Good,Good,Good,,,,,,,,,,,,0102,,,,9982.678
13119,Beaverhead-Deerlodge National Forest,100200011102,Maiden Creek,Functioning Properly,10147.7,64,36,Poor,Good,Good,Good,Fair,Fair,Good,Good,Good,Good,Good,Good,,,,,,,,,,,,0102,,,,6481.823
13138,Kootenai National Forest,170101020301,Weigel Creek,Functioning Properly,9426.300000000001,100,0,Good,Good,Good,Good,Good,Good,Good,Good,Good,Good,Good,Good,,,,,,,,,,,,0114,,,,9426.271
13150,Dakota Prairie Grasslands,090202040502,Saint Paul Cemetary-Sheyenne River,Functioning at Risk,39094.8,12,88,Fair,Good,Good,Poor,Fair,Poor,Good,Good,----,Good,Poor,Fair,,,,,,,,,,,,0118,,,,4692.218
13166,Dakota Prairie Grasslands,101000042208,O'Brien Creek,Functioning at Risk,19661.0,7,93,Fair,Fair,Poor,Poor,Poor,Poor,Good,Good,Good,Good,Good,Fair,,,,,,,,,,,,0118,,,,1380.271
13187,Beaverhead-Deerlodge National Forest,100200050105,Dry Creek,Functioning Properly,10078.6,10,90,Poor,Good,Good,Good,Good,Good,Good,Good,Good,Good,Good,Good,,,,,,,,,,,,0102,,,,1016.138
13223,Dakota Prairie Grasslands,101000042706,Town of Fairview-Yellowstone River,Functioning at Risk,30991.100000000002,5,95,Fair,Poor,Fair,Fair,Good,Poor,Fair,Good,Good,Good,Good,Fair,,,,,,,,,,,,0118,,,,1669.382
13259,Dakota Prairie Grasslands,101102050210,Appel Creek,Functioning Properly,34732.0,29,71,Fair,Good,Good,Good,Good,Fair,Good,Good,Good,Good,Good,Poor,,,,,,,,,,,,0118,,,,10150.891
13321,Dakota Prairie Grasslands,101102050203,Bummer Creek,Functioning at Risk,10991.0,78,22,Fair,Fair,Good,Fair,Fair,Poor,Poor,Good,Good,Good,Good,Poor,,,,,,,,,,,,0118,,,,8523.973
13343,Kootenai National Forest,170101011205,Cripple Horse Creek,Functioning Properly,21831.0,98,2,Fair,Good,Good,Good,Good,Fair,Good,Good,Good,Good,Good,Good,,,,,,,,,,,,0114,,,,21340.207
13397,Idaho Panhandle National Forests,170103040701,Middle Fork St Maries River,Functioning at Risk,21603.8,52,48,Fair,Poor,Poor,Good,Fair,Poor,Fair,Good,Good,Good,Good,Fair,,,,,,,,,,,,0104,,,,11256.981
13412,Beaverhead-Deerlodge National Forest,100200040501,Upper Trail Creek,Functioning Properly,24893.3,99,1,Poor,Good,Poor,Good,Fair,Fair,Good,Fair,Good,Fair,Good,Good,,,,,,,,,,,,0102,,,,24558.345
13463,Beaverhead-Deerlodge National Forest,100200071001,Upper Jack Creek,Functioning Properly,17383.6,33,67,Poor,Good,Good,Good,Good,Good,Good,Fair,Good,Fair,Good,Good,,,,,,,,,,,,0102,,,,5666.754
13469,Beaverhead-Deerlodge National Forest,100200050602,Middle South Boulder Creek,Functioning at Risk,19683.8,61,39,Poor,Fair,Poor,Good,Fair,Fair,Good,Good,Good,Fair,Good,Fair,,,,,,,,,,,,0102,,,,12084.2
13480,Bitterroot National Forest,170603010301,Upper White Cap Creek,Functioning Properly,35107.1,100,0,Good,Fair,Good,Good,Good,Good,Good,Good,Good,Good,Good,Good,,,,,,,,,,,,0103,,,,35106.657
13499,Beaverhead-Deerlodge National Forest,100200040606,Christiansen Creek,Functioning Properly,13420.7,92,8,Poor,Fair,Good,Good,Good,Poor,Good,Good,Good,Good,Good,Fair,,,,,,,,,,,,0102,,,,12342.867
13636,Beaverhead-Deerlodge National Forest,100200040403,Steel Creek,Functioning at Risk,18767.9,67,33,Fair,Fair,Fair,Fair,Fair,Fair,Good,Good,Good,Good,Good,Good,,,,,,,,,,,,0102,,,,12498.186
13688,Beaverhead-Deerlodge National Forest,100200041208,Rock Creek,Functioning Properly,23398.100000000002,85,15,Poor,Good,Good,Fair,Good,Fair,Good,Good,Good,Good,Good,Good,,,,,,,,,,,,0102,,,,19927.076
13694,Dakota Prairie Grasslands,101000042204,Shadwell Creek,Functioning at Risk,32698.7,12,88,Fair,Fair,Good,Fair,Fair,Poor,Good,Good,Good,Good,Good,Fair,,,,,,,,,,,,0118,,,,3777.395
13704,Kootenai National Forest,170101011702,South Callahan Creek,Functioning Properly,13851.1,100,0,Good,Good,Good,Good,Good,Fair,Good,Fair,Good,Good,Good,Good,,,,,,,,,,,,0114,,,,13851.126
13738,Beaverhead-Deerlodge National Forest,170102021001,West Fork Ross Creek Headwaters,Functioning Properly,13053.1,100,0,Fair,Fair,Fair,Good,Good,Fair,Good,Fair,Good,Good,Good,Good,,,,,,,,,,,,0102,,,,13053.147
13754,Beaverhead-Deerlodge National Forest,100200040603,Plimpton Creek,Functioning Properly,30105.5,58,42,Fair,Fair,Good,Good,Good,Fair,Good,Fair,Good,Good,Good,Good,,,,,,,,,,,,0102,,,,17460.366
13887,Kootenai National Forest,170101011703,North Callahan Creek,Functioning Properly,21807.3,100,0,Good,Good,Good,Good,Good,Good,Good,Fair,Good,Good,Good,Good,,,,,,,,,,,,0114,,,,21807.257
13890,Beaverhead-Deerlodge National Forest,100200060204,Mormon Gulch-Boulder River,Functioning at Risk,14312.2,83,17,Fair,Fair,Fair,Good,Poor,Fair,Good,Good,Good,Fair,Good,Fair,,,,,,,,,,,,0102,,,,11916.745
13922,Beaverhead-Deerlodge National Forest,100200060104,Rock Creek-Boulder River,Functioning at Risk,23667.9,95,5,Fair,Fair,Fair,Good,Poor,Fair,Good,Good,Good,Fair,Good,Good,,,,,,,,,,,,0102,,,,22548.436
14184,Bitterroot National Forest,170102050106,Lower Blue Joint Creek,Functioning at Risk,12043.300000000001,100,0,Fair,Fair,Fair,Good,Good,Fair,Good,Fair,Fair,Fair,Good,Good,2024,<Principal_Reason><Concerns><Concern><Value>Wildfire Risk</Value></Concern><Concern><Value>Water Quality</Value></Concern><Concern><Value>Riparian Structure and Function</Value></Concern></Concerns><Opportunities><Opportunity><Value>Larger-Scale Restoration</Value></Opportunity><Opportunity><Value>Potential Partnership</Value></Opportunity><Opportunity><Value>Improve Condition</Value></Opportunity></Opportunities></Principal_Reason>,"303d listed stream for sediment impairment (water Quality), road density, needed road maintenance to reduce sediment and road failures. Reduce Wildfire risk and protect riparian values, improve aquatic habitat and water quality. Remove and replace barrier culverts or old infrastructure. Bull trout habitat, RFSS cutthroat trout. ",<Known_Partners><Partner><Name>Bitterroot Water Partnership</Name><Type>Known</Type></Partner></Known_Partners>,,2027-09-30,,,,,,0103,Lower Blue Joint Watershed Restoration Action Plan,,,12043.336
14448,Custer Gallatin National Forest,100901020406,O'Dell Creek,Functioning Properly,29692.0,88,12,Fair,Fair,Good,Fair,Fair,Good,Good,Fair,Poor,Good,Good,Good,2015,"<Principal_Reason><Opportunities><Opportunity><Value>Improve Condition</Value></Opportunity><Opportunity><Value>Maintain Condition</Value></Opportunity><Opportunity><Value>Potential Partnership</Value></Opportunity></Opportunities><Cost>$100,000 to $1 million</Cost></Principal_Reason>",Odell Creek watershed is an important watershed for riparian and aquatic habitats in the Great Plains Ecoregion of the Custer Gallatin National Forest.  This watershed was identified as having  native fish's and opportunity for restoration activites with potential partners.,<Known_Partners><Partner><Name>National Wild Turkey Federation</Name><Type>Known</Type></Partner><Partner><Name>US Fish and Wildlife Service</Name><Type>Known</Type></Partner></Known_Partners>,2015-07-06,2018-09-01,6,273000,2017-12-09,,Y,0111,,2015-07-06,,26079.865
14451,Beaverhead-Deerlodge National Forest,170102010301,Twin Lakes Creek,Functioning Properly,13130.2,98,2,Fair,Fair,Good,Fair,Fair,Fair,Good,Fair,Good,Fair,Good,Good,2023,<Principal_Reason><Concerns><Concern><Value>Water Quality</Value></Concern><Concern><Value>Species Habitat</Value></Concern></Concerns><Opportunities><Opportunity><Value>Potential Partnership</Value></Opportunity><Opportunity><Value>Maintain Condition</Value></Opportunity><Opportunity><Value>Leverage Forest Service Funds</Value></Opportunity></Opportunities></Principal_Reason>,"The Warm Springs Creek watershed contains the farthest upstream population of bull trout in the Upper Clark Fork and is designated as bull trout critical habitat by the US Fish and Wildlife Service in both Warm Springs and Twin Lakes Creek.  In terms of its importance to the geographic distribution of bull trout, Warm Springs Creek is high because it is essential to persistence and re-establishment of bull trout in the upper Clark Fork River basin.  Warm Springs Creek is generally resilient to climate change because these streams are some of the coldest in the upper Clark Fork basin.  Undoubtedly there are spring influences that will buffer changes in seasonal climate effects.  The watershed abuts the continental divide and is relatively high elevation.  ",,2023-10-03,2026-12-31,3,542000,,,,0102,Headwaters Warm Springs Creek and Twin Lakes Creek WRAP,2023-10-03,,12840.983
14489,Lolo National Forest,170102040503,Cache Creek,Functioning Properly,28100.100000000002,100,0,Fair,Fair,Fair,Good,Good,Fair,Good,Fair,Good,Good,Good,----,2011,<Principal_Reason><Resources><Resource><Value>Species Protection Area</Value></Resource></Resources><Opportunities><Opportunity><Value>Larger-Scale Restoration</Value></Opportunity><Opportunity><Value>Maintain Condition</Value></Opportunity><Opportunity><Value>Improve Condition</Value></Opportunity></Opportunities></Principal_Reason>,"This HUC covers a portion of the headwaters of the Fish Creek watershed, which is the most important bull trout tributary to the Middle Clark Fork River.  Watershed improvements targeting reductions in the Montana Creek road network will benefit fisheries and water quality. ",,2011-10-28,2019-09-30,1,425000,2020-09-30,,Y,0116,Cache Creek WRAP,2011-10-28,,28041.704
14497,Dakota Prairie Grasslands,101303030601,Twin Butte Creek,Functioning at Risk,19600.3,32,68,Fair,Poor,Fair,Good,Good,Poor,Good,Good,----,Good,Good,Good,2024,"<Principal_Reason><Opportunities><Opportunity><Value>Potential Partnership</Value></Opportunity><Opportunity><Value>Non-NFS Land Collaboration</Value></Opportunity><Opportunity><Value>Leverage Forest Service Funds</Value></Opportunity></Opportunities><Cost>$100,000 to $1 million</Cost></Principal_Reason>","The DPG is partnering with the Standing Rock Sioux Tribe to convert one of the allotments within the watershed from a cattle allotment to a bison allotment. This stems from the Co-stewardship Proposal for Bison Management, Grassland Restoration, and Youth Engagement for Standing Rock Sioux Tribe and USDA Forest Service, Dakota Prairie Grassland. IN addition to converting from cattle to bison, native prairie and riparian vegetation is planned to be restored.",<Known_Partners><Partner><Name>Standing Rock Sioux Tribe</Name><Type>Known</Type></Partner></Known_Partners>,2024-03-01,2027-09-30,4,416598,,,Y,0118,"Twin Butte Creek (Shambo Allotment) FY24 WRAP, Grand River Ranger District",2024-03-01,,6233.669
14578,Custer Gallatin National Forest,100901020601,Upper Beaver Creek,Functioning at Risk,14297.5,87,13,Fair,Fair,Good,Fair,Fair,Fair,Fair,Good,Poor,Good,Good,Good,2011,<Principal_Reason><Concerns><Concern><Value>Riparian Structure and Function</Value></Concern><Concern><Value>Water Quality</Value></Concern><Concern><Value>Water Quantity</Value></Concern></Concerns><Opportunities><Opportunity><Value>Larger-Scale Restoration</Value></Opportunity><Opportunity><Value>Non-NFS Land Collaboration</Value></Opportunity><Opportunity><Value>Improve Condition</Value></Opportunity></Opportunities></Principal_Reason>,Riparian vegetation and channel conditions area at-risk and non-functioning due partly to livestock grazing.  Some localized road drainage and water quality problems. Heavy fuels - FRCC rating of at risk. minimal perennial streamflow flow which could be improved with beaver introduction. Excessive buidup of fuels and high wildfire danger.  ,,2011-09-28,2015-09-30,6,565000,2015-09-30,,Y,0111,Beaver Creek FY2011 Transition Watershed Restoration Action Plan,2011-09-28,Y,12426.532
14617,Kootenai National Forest,170101011701,O'Brien Creek,Functioning Properly,30910.5,86,14,Good,Fair,Good,Good,Good,Fair,Good,Fair,Good,Good,Good,Good,2017,<Principal_Reason><Resources><Resource><Value>Other</Value></Resource></Resources><Concerns><Concern><Value>Riparian Structure and Function</Value></Concern><Concern><Value>Species Habitat</Value></Concern><Concern><Value>Water Quality</Value></Concern></Concerns></Principal_Reason>,"The Three rivers ranger district is committed to protection of the Source water area of O’Brien Creek for the town of Tory. The Lower Yak, O’Brien, Sheep Project EIS identified locations where road improvements are needed to reduce sediment and improve water quality beneficial uses and associated aquatic habitat for threatened and endangered fish species.",,2017-09-14,2019-09-30,6,470000,,,Y,0114,O’Brien Creek Watershed Restoration Action Plan,2017-09-14,,26575.974000000002
14910,Bitterroot National Forest,170602070501,Big Sq___ Creek,Functioning Properly,13120.300000000001,100,0,Good,Good,Good,Good,Good,Good,Good,Fair,Good,Good,Fair,Good,,,,,,,,,,,,0103,,,,13120.341
14979,Bitterroot National Forest,170102050702,Upper Sleeping Child Creek,Functioning at Risk,9890.800000000001,100,0,Fair,Fair,Fair,Good,Good,Poor,Good,Fair,Good,Good,Fair,Fair,2011,<Principal_Reason><Concerns><Concern><Value>Invasive Species</Value></Concern><Concern><Value>Species Habitat</Value></Concern><Concern><Value>Water Quality</Value></Concern></Concerns><Opportunities><Opportunity><Value>Larger-Scale Restoration</Value></Opportunity><Opportunity><Value>Potential Partnership</Value></Opportunity><Opportunity><Value>Improve Condition</Value></Opportunity></Opportunities></Principal_Reason>,"The Upper Sleeping Child watershed is located within the  Darby Lumber Lands project area and is one the highest priorities for watershed rehabilitation on the forest. Upper Sleeping Child contains several sections of former private “checkerboard” sections that were recently acquired by the USFS. Management by former landowner included liquidation of the timber base with little resource consideration.  Sub-standard and poorly located roads built by the former land owner are in poor condition and are not needed for future timber management.  High severity fire activity in 2000 added to watershed sensitivity, precipitation effectiveness, and increased soil loss.  Road densities, watershed condition, and stream channel condition all fall short of Forest Plan desired conditions.  Bull Trout (Sleeping Child watershed), West Slope cutthroat (Rye Creek watershed), INFISH compliance and State Impaired Waters (303(d) listed) compliance would benefit/improve from road decomissioning and storage activities. Phase 1 of the Darby Lumber Lands project would include decommissioning of former landowner roads and historic FS roads in the Upper Sleeping Child and Rye Creek watersheds.  Total miles to be decomissioned are approximately 60 miles, split between 3 years of implementation (FY13 through FY15).   We are currently pursing additional partner funding for project implementation but is not guaranteed at this time. ",<Known_Partners><Partner><Name>Trout Unlimited</Name><Type>Known</Type></Partner><Partner><Name>Ravalli County Off Road Users Associatio</Name><Type>Known</Type></Partner><Partner><Name>Bitterroot Water Forum</Name><Type>Known</Type></Partner></Known_Partners>,2011-10-28,2015-09-30,2,120000,2015-09-30,,Y,0103,Upper Sleeping Child Watershed Restoration Action Plan,2011-10-28,Y,9872.380000000001
15011,Lolo National Forest,170102051401,West Fork Lolo Creek,Impaired Function,10681.9,96,4,Fair,Fair,Poor,Good,Fair,Poor,Fair,Fair,Poor,Good,Fair,----,2023,<Principal_Reason><Concerns><Concern><Value>Riparian Structure and Function</Value></Concern><Concern><Value>Species Habitat</Value></Concern><Concern><Value>Water Quantity</Value></Concern></Concerns><Opportunities><Opportunity><Value>Larger-Scale Restoration</Value></Opportunity><Opportunity><Value>Leverage Forest Service Funds</Value></Opportunity><Opportunity><Value>Improve Condition</Value></Opportunity></Opportunities></Principal_Reason>,Watershed has multiple streams that are on the state TMDL list and has occupied threatened bull trout streams. The watershed also has newly acquired industrial timber land and a history of management issues. This makes the watershed a good candidate for restoration.,"<Known_Partners><Partner><Name>Montana Department of Fish, Wildlife, and Parks</Name><Type>Known</Type></Partner><Partner><Name>Montana Department of Environmental Quality</Name><Type>Known</Type></Partner><Partner><Name>Clark Fork Coalition </Name><Type>Known</Type></Partner><Partner><Name>Missoula County Resource Advisory Committee</Name><Type>Known</Type></Partner></Known_Partners>",2023-03-16,,5,850000,,,Y,0116,FY2023 Upper Lolo Watershed Restoration Action Plan,2023-03-16,,10218.015
